Cell_line,LOC105376686_RNA,CA6_RNA,PADI4_RNA,EXTL1_RNA,SLC30A2_RNA,LOC105376910_RNA,FABP3_RNA,LOC107985470_RNA,LDC1P_RNA,LOC105378671_RNA,LOC112268227_RNA,LOC105378814_RNA,LPAR3_RNA,LINC01773_RNA,LOC105378836_RNA,PPM1J-DT_RNA,SPRR2F_RNA,S100A8_RNA,LOC105372984_RNA,LOC101929902_RNA,XDH_RNA,LOC107985868_RNA,LHCGR_RNA,IGKV3-7_RNA,IGKV1D-42_RNA,TRIM43B_RNA,TRIM43_RNA,SLC9A4_RNA,SULT1C2_RNA,MARCO_RNA,TEX41_RNA,DAPL1_RNA,DHRS9_RNA,LINC01827_RNA,MIR6809_RNA,PTPRN_RNA,SLC6A1-AS1_RNA,TRIM71_RNA,ARPP21_RNA,FAM240A_RNA,SPINK8_RNA,FEZF2_RNA,TAFA4_RNA,PROK2_RNA,LOC107986098_RNA,STXBP5L_RNA,LOC105374132_RNA,LOC105374163_RNA,MECOM-AS1_RNA,LRRC31_RNA,ECE2_RNA,DRD5_RNA,LOC105374479_RNA,LINC01096_RNA,LOC105374542_RNA,CWH43_RNA,RASL11B_RNA,NMU_RNA,TMPRSS11E_RNA,UGT2B15_RNA,UGT2B10_RNA,LOC105377267_RNA,UGT2B11_RNA,CSN1S1_RNA,CSN2_RNA,LOC105377269_RNA,CSN1S2AP_RNA,PRR27_RNA,ODAM_RNA,CSN3_RNA,OPRPN_RNA,NPFFR2_RNA,ALB_RNA,CXCL6_RNA,CXCL2_RNA,LOC105377277_RNA,EREG_RNA,LOC105377295_RNA,CXCL13_RNA,MEPE_RNA,SPP1_RNA,LOC101927414_RNA,NPY2R_RNA,NPY2R-AS1_RNA,APELA_RNA,LOC105377520_RNA,LOC105377551_RNA,CAPSL_RNA,LOC105378978_RNA,TMEM171_RNA,LOC340090_RNA,LOC107986367_RNA,LOC105379170_RNA,ARHGAP26-AS1_RNA,LOC105378231_RNA,LOC105377683_RNA,LOC105374955_RNA,BTN1A1_RNA,CLPSL2_RNA,TREM1_RNA,LOC107986519_RNA,CRISP2_RNA,GABRR1_RNA,EPHA7_RNA,LINC02532_RNA,LOC107986639_RNA,TRDN_RNA,LOC105377984_RNA,LINC03002_RNA,LOC105378094_RNA,KIF25-AS1_RNA,LOC105378153_RNA,LOC107986764_RNA,LOC105375161_RNA,LOC105375200_RNA,LOC100128317_RNA,BHLHA15_RNA,LOC107986839_RNA,AKR1B10_RNA,LOC105375578_RNA,MNX1-AS1_RNA,LOC101930149_RNA,LOC101929028_RNA,FGL1_RNA,LOC105379318_RNA,PBK_RNA,UNC5D_RNA,FAM83A_RNA,FAM83A-AS1_RNA,LOC105375749_RNA,LOC101927845_RNA,LY6H_RNA,GLDC_RNA,BANCR_RNA,GDA_RNA,BARX1_RNA,LOC105376219_RNA,CEL_RNA,CELP_RNA,CALML3_RNA,CELF2-AS2_RNA,OLAH_RNA,ACBD7_RNA,SLC39A12_RNA,LOC105376442_RNA,LOC100505502_RNA,LOC105378333_RNA,LOC101929021_RNA,SFTPA2_RNA,LINC00858_RNA,LOC105378415_RNA,LOC105378458_RNA,LOC105378457_RNA,FGF8_RNA,LOC105378515_RNA,HBG2_RNA,LMO1_RNA,CALCB_RNA,USH1C_RNA,NAV2-AS5_RNA,MUC15_RNA,ARL14EP-DT_RNA,SYT13_RNA,LINC02489_RNA,LINC02705_RNA,MS4A6E_RNA,MIR6746_RNA,LINC02733_RNA,SCGB1A1_RNA,SLC22A12_RNA,C11orf86_RNA,LOC105369377_RNA,CHRDL2_RNA,MMP10_RNA,LOC101929653_RNA,SNORA120_RNA,MIR200C_RNA,TMEM52B_RNA,PTHLH_RNA,VDR_RNA,OR8S1_RNA,LALBA_RNA,LOC105369772_RNA,KRT4_RNA,LOC105369846_RNA,LOC107984452_RNA,LOC101927375_RNA,LOC105370175_RNA,TNFSF11_RNA,LINC01198_RNA,LOC112268117_RNA,LINC02338_RNA,LOC112267897_RNA,LOC647264_RNA,CFAP97D2_RNA,LOC105378171_RNA,LOC105378174_RNA,DHRS2_RNA,MDGA2_RNA,DIO2_RNA,DIO2-AS1_RNA,LINC00642_RNA,TMEM179_RNA,IGHV1-3_RNA,IGHV3-6_RNA,IGHV3-16_RNA,IGHV3-22_RNA,IGHV2-26_RNA,IGHV4-30-2_RNA,IGHV1-69D_RNA,IGHV3-9_RNA,SLC12A1_RNA,GCNT3_RNA,C2CD4A_RNA,LINC02568_RNA,LOC105370912_RNA,LOC105370972_RNA,PCSK6_RNA,PRSS21_RNA,LOC105371123_RNA,GSG1L_RNA,TAT-AS1_RNA,TAT_RNA,LOC105371357_RNA,LOC105371392_RNA,LOC107987384_RNA,LOC112268316_RNA,ALOX15B_RNA,CCL18_RNA,LOC102723608_RNA,CSF3_RNA,LOC100505782_RNA,LINC02086_RNA,B4GALNT2_RNA,LPO_RNA,CD300LD-AS1_RNA,LINC01978_RNA,DLGAP1-AS5_RNA,LINC00668_RNA,LOC100192426_RNA,LINC01541_RNA,LINC02582_RNA,C18orf63_RNA,RETN_RNA,FCER2_RNA,LOC105372262_RNA,CYP4F8_RNA,SLC5A5_RNA,LINC01785_RNA,MAG_RNA,WDR87_RNA,IGFL2_RNA,LOC93429_RNA,CGB2_RNA,LOC107985327_RNA,FPR2_RNA,ERVV-1_RNA,ERVV-2_RNA,LILRA6_RNA,LILRB5_RNA,TNNT1_RNA,PDYN_RNA,SIGLEC1_RNA,HAO1_RNA,LOC105372529_RNA,LOC107985413_RNA,CFAP61-AS1_RNA,LOC105372714_RNA,LOC101927159_RNA,LINC01754_RNA,LOC105372636_RNA,RIPOR3-AS1_RNA,CYP24A1_RNA,LOC105372815_RNA,TFF1_RNA,LOC102723769_RNA,LOC107987324_RNA,FAM230I_RNA,LOC105372981_RNA,ACE2-DT_RNA,MAGEB4_RNA,MAGEB1_RNA,LOC107985717_RNA,AWAT2_RNA,GJB1_RNA,DACH2_RNA,LOC107985653_RNA,NXF3_RNA,KIAA1210_RNA,USP26_RNA,SLITRK2_RNA
GSM5016035,0.0,4.327113444673206,1.002731454520049,1.002731454520049,0.0,1.5886032920747808,7.448369935748393,0.0,0.0,0.0,0.0,2.3262959432587498,2.0040952449261087,0.0,0.0,0.0,0.0,5.9826512010035735,1.5886032920747808,1.002731454520049,5.559930691455912,2.0040952449261087,9.435902404156096,4.25309852509081,3.70547837101045,2.0040952449261087,1.002731454520049,0.0,2.5895120561104923,9.86653879587275,3.8124235142846703,3.5899662235545664,8.210010425591358,3.1747773510131565,0.0,0.0,0.0,0.0,5.397645463416486,3.5899662235545664,3.1747773510131565,1.002731454520049,0.0,2.8120342541636716,1.002731454520049,0.0,0.0,0.0,1.002731454520049,0.0,0.0,0.0,0.0,0.0,1.002731454520049,2.0040952449261087,5.134585114841142,0.0,0.0,4.092600115538696,0.0,0.0,0.0,10.359702967762022,1.5886032920747808,0.0,0.0,0.0,0.0,0.0,0.0,0.0,4.4646417339633055,3.004776656983139,5.559930691455912,2.0040952449261087,0.0,1.002731454520049,1.002731454520049,0.0,9.803113152473436,4.005117242358237,3.464394059428761,3.326840995669168,0.0,3.70547837101045,0.0,0.0,1.002731454520049,1.5886032920747808,0.0,0.0,0.0,0.0,3.004776656983139,0.0,0.0,3.004776656983139,0.0,4.175080081657274,0.0,2.0040952449261087,1.002731454520049,4.590193253672555,0.0,0.0,11.830017275405256,5.590306755335457,2.8120342541636716,1.5886032920747808,1.002731454520049,0.0,0.0,1.5886032920747808,0.0,0.0,0.0,1.5886032920747808,4.327113444673206,1.5886032920747808,2.0040952449261087,1.002731454520049,2.8120342541636716,0.0,1.5886032920747808,0.0,1.002731454520049,2.0040952449261087,2.5895120561104923,0.0,0.0,2.3262959432587498,1.5886032920747808,0.0,6.912302946934621,1.002731454520049,1.002731454520049,3.464394059428761,2.0040952449261087,4.092600115538696,1.002731454520049,3.004776656983139,2.5895120561104923,1.5886032920747808,0.0,0.0,0.0,1.5886032920747808,0.0,0.0,2.0040952449261087,0.0,2.0040952449261087,2.0040952449261087,0.0,4.397515745043425,1.5886032920747808,0.0,0.0,1.002731454520049,6.272173540373996,0.0,3.004776656983139,0.0,4.397515745043425,3.5899662235545664,2.3262959432587498,2.3262959432587498,0.0,7.440054486566503,4.005117242358237,2.5895120561104923,4.092600115538696,0.0,1.5886032920747808,0.0,0.0,1.002731454520049,5.760244367522458,6.134662941666317,0.0,0.0,0.0,3.70547837101045,0.0,0.0,0.0,0.0,2.3262959432587498,4.397515745043425,1.002731454520049,2.5895120561104923,0.0,0.0,0.0,0.0,0.0,0.0,2.0040952449261087,7.67785638595034,0.0,0.0,3.004776656983139,3.004776656983139,2.3262959432587498,3.326840995669168,3.004776656983139,3.464394059428761,4.327113444673206,5.528901276002081,2.8120342541636716,2.8120342541636716,0.0,0.0,4.64909602318777,0.0,1.002731454520049,7.165290989659014,3.1747773510131565,0.0,1.002731454520049,4.005117242358237,6.327317747666666,0.0,0.0,0.0,2.3262959432587498,4.092600115538696,9.008262144130818,1.002731454520049,0.0,0.0,1.002731454520049,1.002731454520049,0.0,2.3262959432587498,0.0,2.3262959432587498,2.0040952449261087,1.002731454520049,1.002731454520049,0.0,2.0040952449261087,4.91216675029663,5.812715390466257,2.3262959432587498,1.002731454520049,1.5886032920747808,0.0,0.0,0.0,1.5886032920747808,0.0,0.0,0.0,2.8120342541636716,1.002731454520049,1.002731454520049,6.634759341762807,10.36739738168786,1.002731454520049,0.0,10.225831508869572,0.0,0.0,3.326840995669168,3.464394059428761,1.5886032920747808,1.002731454520049,1.002731454520049,0.0,0.0,0.0,3.70547837101045,4.705687933468008,2.3262959432587498,0.0,0.0,0.0,0.0,1.002731454520049,0.0,0.0,0.0,3.8124235142846703,2.5895120561104923,0.0,3.1747773510131565,0.0,0.0,4.005117242358237
GSM5016045,0.0,0.0,5.903707194843294,0.0,5.453284153803922,0.0,0.0,0.0,0.0,0.0,0.0,0.0,0.0,0.0,0.0,0.0,0.0,0.0,0.0,0.0,0.0,0.0,0.0,0.0,0.0,0.0,0.0,0.0,0.0,0.0,0.0,0.0,10.2791165292455,0.0,0.0,0.0,0.0,0.0,0.0,0.0,0.0,0.0,0.0,12.27357497865046,0.0,0.0,0.0,0.0,0.0,0.0,0.0,5.265335500088358,0.0,0.0,0.0,0.0,0.0,0.0,0.0,0.0,0.0,0.0,2.667123199370501,0.0,0.0,0.0,0.0,0.0,0.0,0.0,0.0,10.215603699215585,0.0,0.0,0.0,0.0,7.6749783862636365,0.0,9.29264100875462,0.0,0.0,0.0,0.0,0.0,0.0,0.0,0.0,0.0,0.0,0.0,0.0,0.0,5.453284153803922,5.768611463987006,0.0,0.0,0.0,0.0,0.0,0.0,0.0,0.0,0.0,0.0,0.0,0.0,7.81869580263322,0.0,2.667123199370501,0.0,0.0,0.0,0.0,0.0,0.0,0.0,0.0,0.0,5.903707194843294,0.0,0.0,0.0,0.0,0.0,0.0,0.0,10.590834757542106,3.5488345618338486,0.0,12.249992961298268,0.0,0.0,0.0,0.0,0.0,0.0,0.0,0.0,0.0,0.0,0.0,2.667123199370501,6.344725675283409,0.0,0.0,0.0,0.0,0.0,0.0,0.0,0.0,2.667123199370501,0.0,4.485842526799663,0.0,0.0,0.0,0.0,0.0,0.0,0.0,0.0,3.5488345618338486,0.0,0.0,0.0,0.0,0.0,0.0,6.523208059989168,0.0,5.619545781739364,0.0,0.0,9.571618344824769,0.0,0.0,2.667123199370501,2.667123199370501,0.0,0.0,0.0,0.0,0.0,9.242536680782608,0.0,0.0,0.0,0.0,0.0,0.0,6.246457370466255,0.0,0.0,0.0,0.0,0.0,7.130745162129841,0.0,12.38458470714535,0.0,0.0,0.0,0.0,0.0,0.0,0.0,0.0,0.0,0.0,0.0,0.0,3.5488345618338486,0.0,0.0,0.0,0.0,0.0,0.0,0.0,0.0,0.0,0.0,0.0,0.0,0.0,0.0,0.0,0.0,0.0,0.0,2.667123199370501,0.0,0.0,0.0,0.0,5.049181290081614,0.0,0.0,0.0,0.0,0.0,0.0,0.0,2.667123199370501,2.667123199370501,0.0,2.667123199370501,0.0,0.0,0.0,0.0,0.0,0.0,0.0,0.0,0.0,2.667123199370501,0.0,10.351815769571758,0.0,0.0,0.0,0.0,0.0,0.0,0.0,0.0,0.0,2.667123199370501,0.0,0.0,2.667123199370501,0.0,0.0,0.0,0.0,0.0,0.0,0.0,0.0,0.0,0.0,0.0,0.0,0.0,0.0,0.0,0.0,0.0,9.255226839953052
GSM5016150,1.5798777392956904,4.850611027440883,5.277964586361493,5.384865773598301,1.9942783814604357,0.0,6.468185551240653,0.99618811002831,2.5786037438118576,1.9942783814604357,0.99618811002831,0.0,5.969767533800385,0.99618811002831,0.0,0.99618811002831,1.5798777392956904,4.74753708149891,0.99618811002831,1.9942783814604357,7.946593294997582,3.80026766229798,8.82527292098819,4.516260826707059,3.4524934007543067,1.9942783814604357,1.5798777392956904,0.0,7.249803990284705,8.249778977500448,1.9942783814604357,4.080279134423973,7.2961953126944,1.9942783814604357,1.5798777392956904,0.99618811002831,0.0,2.5786037438118576,3.577966323937957,2.5786037438118576,2.5786037438118576,2.3158242270925324,0.0,3.577966323937957,1.5798777392956904,1.5798777392956904,0.0,0.0,1.5798777392956904,4.850611027440883,0.0,0.0,0.99618811002831,0.0,0.99618811002831,1.5798777392956904,5.720430986114693,1.5798777392956904,2.3158242270925324,3.8997669010481446,1.9942783814604357,4.162716288768328,6.8504130989244025,5.99248571211804,3.577966323937957,0.0,0.0,0.99618811002831,0.0,3.577966323937957,7.621761398278033,0.0,5.773864994058076,3.315059424611217,7.036818225472738,0.0,6.014851685367296,2.3158242270925324,3.16314132924401,0.0,8.031314213672427,2.800814073920126,5.314485556564201,2.993322568357318,1.5798777392956904,0.0,4.577647508359187,0.0,3.992844424234143,1.9942783814604357,0.99618811002831,0.0,1.5798777392956904,0.99618811002831,3.16314132924401,1.5798777392956904,0.0,3.4524934007543067,2.993322568357318,3.315059424611217,0.99618811002831,2.5786037438118576,1.5798777392956904,5.350104799765445,1.5798777392956904,0.0,7.747289059017407,2.993322568357318,2.3158242270925324,1.5798777392956904,0.99618811002831,0.99618811002831,0.0,2.5786037438118576,0.0,0.0,0.99618811002831,1.5798777392956904,2.800814073920126,0.0,0.99618811002831,1.9942783814604357,0.99618811002831,0.99618811002831,2.3158242270925324,4.577647508359187,0.0,4.162716288768328,2.5786037438118576,0.99618811002831,1.9942783814604357,0.0,4.314676871277702,0.0,3.315059424611217,0.0,1.9942783814604357,5.577488074145728,3.992844424234143,4.162716288768328,0.99618811002831,3.315059424611217,5.350104799765445,2.5786037438118576,3.577966323937957,1.5798777392956904,0.99618811002831,1.5798777392956904,3.315059424611217,0.0,1.9942783814604357,1.5798777392956904,0.0,0.99618811002831,0.99618811002831,0.99618811002831,2.3158242270925324,0.0,0.0,0.0,7.650615495482874,3.315059424611217,3.8997669010481446,0.0,6.036876207666741,2.3158242270925324,1.9942783814604357,0.99618811002831,0.0,3.8997669010481446,0.99618811002831,0.99618811002831,2.5786037438118576,3.577966323937957,0.0,0.0,1.5798777392956904,3.577966323937957,10.63802933183776,8.488242350844892,0.99618811002831,5.969767533800385,0.0,0.0,0.0,1.5798777392956904,0.0,0.0,0.99618811002831,6.182295527496081,4.314676871277702,0.0,2.3158242270925324,0.99618811002831,0.0,3.577966323937957,3.80026766229798,9.22839300681892,0.99618811002831,7.554649043184544,1.9942783814604357,2.993322568357318,0.99618811002831,4.314676871277702,1.5798777392956904,2.800814073920126,2.800814073920126,2.3158242270925324,4.7999943788610775,3.577966323937957,4.162716288768328,3.577966323937957,0.99618811002831,3.80026766229798,7.047706105650301,2.3158242270925324,1.5798777392956904,9.211547484463058,3.16314132924401,1.5798777392956904,0.99618811002831,8.19206450058262,11.796499283182966,1.9942783814604357,1.9942783814604357,0.99618811002831,2.3158242270925324,5.825390412155429,5.79985771772759,1.9942783814604357,0.0,1.5798777392956904,0.99618811002831,2.5786037438118576,0.0,0.99618811002831,1.5798777392956904,3.577966323937957,0.0,0.0,0.0,1.5798777392956904,0.99618811002831,0.0,6.899320500047068,3.80026766229798,7.410263396664672,0.0,0.0,2.5786037438118576,1.9942783814604357,3.8997669010481446,1.5798777392956904,0.0,0.99618811002831,1.9942783814604357,2.5786037438118576,0.0,7.036818225472738,10.815737585753013,2.3158242270925324,0.0,10.569799958851895,0.0,2.5786037438118576,0.0,1.5798777392956904,0.0,1.9942783814604357,0.99618811002831,2.800814073920126,0.0,5.577488074145728,6.946624157358191,8.177267767045457,3.6933944973928305,3.315059424611217,0.0,0.0,0.0,1.9942783814604357,0.0,0.0,0.0,4.6931001985853795,2.3158242270925324,1.9942783814604357,4.452145612421252,3.992844424234143,0.0,3.4524934007543067
GSM5016043,0.0,3.1441788531643433,6.183633840322954,1.0841431850244887,1.0841431850244887,1.0841431850244887,7.322437171304965,0.0,0.0,0.0,1.0841431850244887,2.1244432557369963,2.1244432557369963,0.0,0.0,1.6960970905716126,2.1244432557369963,9.752161815687886,0.0,0.0,4.060187809489767,0.0,9.551434473011383,3.470021875946596,2.1244432557369963,0.0,0.0,0.0,7.401027933500427,8.973875146070176,1.0841431850244887,0.0,8.944656175316519,2.454298016102013,1.0841431850244887,0.0,1.0841431850244887,1.6960970905716126,6.83455591397615,0.0,0.0,0.0,1.0841431850244887,6.930412401545705,1.0841431850244887,1.0841431850244887,1.0841431850244887,1.0841431850244887,3.1441788531643433,1.6960970905716126,0.0,0.0,0.0,0.0,3.1441788531643433,1.0841431850244887,5.016284467745002,0.0,1.6960970905716126,0.0,1.0841431850244887,3.1441788531643433,4.403410044174434,6.091847024994555,1.0841431850244887,1.0841431850244887,1.0841431850244887,0.0,0.0,0.0,0.0,0.0,3.1441788531643433,2.454298016102013,6.390402556607088,0.0,1.0841431850244887,1.6960970905716126,0.0,0.0,11.69984323793404,4.680467912123026,1.0841431850244887,0.0,0.0,1.6960970905716126,1.0841431850244887,0.0,2.1244432557369963,1.6960970905716126,0.0,1.0841431850244887,1.0841431850244887,1.0841431850244887,4.801302679444033,0.0,0.0,2.7225927730521424,0.0,6.956669541733128,1.0841431850244887,2.948730879568428,1.0841431850244887,2.7225927730521424,0.0,2.454298016102013,10.734350832951383,4.153946325377829,1.6960970905716126,0.0,2.7225927730521424,0.0,0.0,3.470021875946596,0.0,0.0,0.0,2.7225927730521424,3.959909936434264,0.0,1.0841431850244887,1.0841431850244887,3.735660344121903,1.0841431850244887,2.7225927730521424,2.948730879568428,0.0,0.0,0.0,0.0,0.0,3.3162801259754957,2.7225927730521424,1.6960970905716126,5.619559353165176,1.0841431850244887,3.3162801259754957,4.801302679444033,3.1441788531643433,0.0,1.6960970905716126,3.735660344121903,3.735660344121903,2.454298016102013,1.6960970905716126,2.7225927730521424,0.0,2.948730879568428,1.6960970905716126,0.0,5.683842929291761,2.7225927730521424,3.470021875946596,2.948730879568428,0.0,5.586310517658369,1.6960970905716126,0.0,0.0,1.6960970905716126,1.0841431850244887,4.742150009976642,0.0,0.0,7.747804618998337,5.288504121027672,3.470021875946596,0.0,1.0841431850244887,6.428424060996735,2.1244432557369963,1.0841431850244887,1.6960970905716126,0.0,2.454298016102013,1.6960970905716126,0.0,2.1244432557369963,5.481703318607676,5.619559353165176,1.0841431850244887,0.0,0.0,2.1244432557369963,0.0,1.6960970905716126,1.6960970905716126,0.0,2.1244432557369963,1.0841431850244887,0.0,2.7225927730521424,0.0,0.0,2.1244432557369963,1.0841431850244887,1.0841431850244887,4.060187809489767,2.1244432557369963,7.709715021311894,0.0,1.0841431850244887,3.959909936434264,0.0,0.0,2.1244432557369963,1.6960970905716126,1.0841431850244887,2.454298016102013,2.7225927730521424,2.1244432557369963,4.060187809489767,2.1244432557369963,1.0841431850244887,1.0841431850244887,0.0,2.7225927730521424,7.429429707784068,2.454298016102013,0.0,0.0,2.7225927730521424,3.3162801259754957,1.6960970905716126,0.0,0.0,1.6960970905716126,4.477820004264788,9.529735902753524,0.0,4.060187809489767,0.0,1.6960970905716126,2.1244432557369963,0.0,0.0,0.0,1.0841431850244887,1.6960970905716126,0.0,0.0,1.6960970905716126,1.0841431850244887,1.6960970905716126,7.5973817987732355,5.407498612584261,1.0841431850244887,0.0,0.0,1.0841431850244887,2.1244432557369963,2.1244432557369963,0.0,0.0,2.454298016102013,6.685527481688867,0.0,0.0,8.498559416901086,11.72965112562368,2.1244432557369963,0.0,11.594567251604785,0.0,0.0,2.1244432557369963,4.153946325377829,0.0,0.0,0.0,0.0,2.454298016102013,0.0,0.0,0.0,6.138470264563739,0.0,0.0,2.1244432557369963,0.0,0.0,0.0,0.0,0.0,0.0,3.8521378737449625,0.0,5.368914115132764,0.0,0.0,5.6520591548968495
GSM5016113,0.0,0.0,3.2812377719420174,0.0,1.2276364904676489,0.0,7.05712830948417,0.0,0.0,0.0,0.7406384430689303,2.8152138948850016,0.0,0.0,0.0,0.0,1.881140085669191,4.573563205269738,1.2276364904676489,0.0,4.2050634706510985,0.0,9.128953966944072,0.7406384430689303,0.0,0.0,0.0,0.0,6.974875847484764,8.60284335263945,2.3292644660018587,0.0,4.573563205269738,0.0,3.2812377719420174,1.5910787311401264,0.0,0.0,2.1225321091811677,0.0,0.0,0.0,0.0,2.6706864771361074,1.2276364904676489,0.0,3.708901457805033,1.881140085669191,3.1780742267760966,1.5910787311401264,0.0,0.0,0.0,0.0,0.7406384430689303,0.0,2.1225321091811677,1.2276364904676489,0.0,0.0,0.0,0.0,0.0,4.0960900022748925,2.3292644660018587,0.0,0.0,0.0,0.0,0.0,2.1225321091811677,0.0,4.2050634706510985,0.0,5.824919405485576,0.0,0.0,0.7406384430689303,0.0,0.0,5.700149725102974,3.467765519712011,0.0,0.0,0.0,0.0,1.2276364904676489,0.0,1.2276364904676489,0.0,0.0,0.0,2.1225321091811677,0.7406384430689303,3.6329145996879175,0.0,1.2276364904676489,1.2276364904676489,0.0,1.2276364904676489,0.0,0.7406384430689303,0.7406384430689303,3.6329145996879175,1.2276364904676489,0.0,8.715350974975305,3.1780742267760966,1.5910787311401264,1.2276364904676489,4.613651223090223,0.0,0.0,3.708901457805033,0.0,0.0,1.2276364904676489,3.3775140976380253,0.7406384430689303,0.7406384430689303,0.0,3.978207759034179,2.946572012185514,0.0,1.2276364904676489,0.0,1.2276364904676489,0.7406384430689303,0.0,3.6329145996879175,0.0,1.2276364904676489,0.7406384430689303,0.0,4.798911339838761,0.0,1.5910787311401264,6.837749703688986,4.354490124453501,1.2276364904676489,4.306380601193439,2.3292644660018587,4.151605401086274,2.1225321091811677,1.881140085669191,3.8498293950545337,0.0,1.5910787311401264,3.467765519712011,0.0,4.0960900022748925,3.3775140976380253,2.946572012185514,2.8152138948850016,0.0,5.138186625619229,1.881140085669191,1.2276364904676489,2.1225321091811677,2.510051923511251,4.0960900022748925,2.510051923511251,0.0,0.0,5.244138552687689,1.5910787311401264,5.522034168178833,0.7406384430689303,1.2276364904676489,3.5527019015254635,1.881140085669191,4.151605401086274,2.3292644660018587,0.7406384430689303,2.1225321091811677,2.6706864771361074,0.0,0.0,5.939752215311364,4.833270615857477,1.5910787311401264,0.0,1.5910787311401264,0.0,0.0,2.1225321091811677,1.2276364904676489,0.0,0.0,1.881140085669191,0.0,2.1225321091811677,0.0,0.0,0.0,0.0,0.0,0.0,1.2276364904676489,5.366493817337774,0.0,1.2276364904676489,4.690632713003136,0.0,2.3292644660018587,0.0,0.0,1.5910787311401264,0.0,0.7406384430689303,0.0,2.1225321091811677,1.5910787311401264,2.510051923511251,0.0,0.7406384430689303,1.881140085669191,6.558530932575155,0.0,0.0,1.5910787311401264,1.5910787311401264,2.510051923511251,1.2276364904676489,0.0,0.0,0.0,0.7406384430689303,6.786062616737143,0.7406384430689303,4.306380601193439,0.0,1.2276364904676489,0.7406384430689303,1.2276364904676489,0.0,0.7406384430689303,0.7406384430689303,3.1780742267760966,2.510051923511251,0.0,1.2276364904676489,2.3292644660018587,0.0,7.16223022240411,3.6329145996879175,1.2276364904676489,0.0,0.0,0.0,0.0,1.2276364904676489,0.0,0.7406384430689303,2.1225321091811677,2.1225321091811677,0.0,1.5910787311401264,8.274359292928214,11.460544238179482,0.0,0.7406384430689303,10.974222836141548,0.0,0.0,1.2276364904676489,3.91544607637224,1.2276364904676489,0.0,1.881140085669191,0.0,1.881140085669191,2.1225321091811677,1.2276364904676489,2.3292644660018587,4.99376923555562,0.0,0.0,0.0,0.0,0.0,0.0,0.0,0.7406384430689303,0.0,1.2276364904676489,0.0,5.110436565915113,0.7406384430689303,0.0,6.185627077039231
GSM5016175,2.2558769299167385,5.998588658481847,0.0,5.179708334109595,1.814549135613735,0.0,5.849090519433867,0.0,5.682290607066141,0.0,0.0,2.2558769299167385,6.8987205153528075,1.1755235983217185,0.0,1.814549135613735,0.0,5.228961201359673,1.1755235983217185,1.814549135613735,7.509852372843031,4.401901757319873,6.556849100505676,10.626374593337257,9.513873810741272,1.1755235983217185,1.1755235983217185,1.1755235983217185,7.489785973888971,5.228961201359673,0.0,3.8920249847726622,4.564223996860461,0.0,0.0,0.0,1.1755235983217185,1.1755235983217185,0.0,2.8666591981186964,11.24547366072998,2.2558769299167385,1.1755235983217185,1.1755235983217185,0.0,2.593352269735581,0.0,0.0,0.0,8.490824017923181,2.2558769299167385,1.1755235983217185,0.0,1.1755235983217185,0.0,1.814549135613735,5.849090519433867,0.0,10.689315928759832,5.228961201359673,11.363204876526645,12.984116660368976,15.732062022954867,4.904542569963891,0.0,0.0,0.0,2.2558769299167385,0.0,1.814549135613735,5.075851733560089,1.1755235983217185,6.958347923944673,4.777878202967118,7.967123575327419,1.1755235983217185,3.764206463164347,0.0,7.352074751675214,0.0,8.267416958684215,1.1755235983217185,6.3497880928975405,5.322692568671075,3.468581680148239,1.1755235983217185,0.0,1.1755235983217185,4.218973154342027,1.1755235983217185,1.814549135613735,0.0,0.0,0.0,5.367369309832123,1.814549135613735,2.593352269735581,4.401901757319873,0.0,2.2558769299167385,2.593352269735581,1.814549135613735,1.814549135613735,6.159667772900053,2.593352269735581,5.452774858434322,5.998588658481847,0.0,3.623952975137968,2.593352269735581,1.814549135613735,3.468581680148239,0.0,1.814549135613735,2.593352269735581,0.0,1.1755235983217185,0.0,8.41304428570893,0.0,0.0,0.0,0.0,2.2558769299167385,0.0,5.075851733560089,3.0963446099819847,2.2558769299167385,0.0,0.0,0.0,0.0,5.533405847923544,0.0,1.1755235983217185,2.8666591981186964,1.1755235983217185,6.209597802218826,4.313334852753218,6.026715308058475,1.1755235983217185,3.623952975137968,6.134039434085141,5.322692568671075,2.2558769299167385,1.814549135613735,1.814549135613735,0.0,5.075851733560089,1.1755235983217185,1.1755235983217185,0.0,0.0,1.1755235983217185,6.281395108233101,1.814549135613735,1.814549135613735,1.1755235983217185,3.0963446099819847,0.0,8.2194813745823,1.1755235983217185,4.777878202967118,2.2558769299167385,4.485344598316566,1.1755235983217185,2.593352269735581,1.1755235983217185,1.814549135613735,0.0,0.0,0.0,1.814549135613735,4.313334852753218,0.0,1.1755235983217185,0.0,3.623952975137968,5.784665792594746,8.975104576755735,0.0,3.764206463164347,1.1755235983217185,1.814549135613735,1.1755235983217185,1.814549135613735,2.2558769299167385,0.0,5.572092083497812,4.564223996860461,2.593352269735581,0.0,1.814549135613735,0.0,1.814549135613735,0.0,0.0,15.78454637018834,2.2558769299167385,11.55284858471212,5.0209781949171814,0.0,1.814549135613735,8.78235352599589,4.96393471039262,8.051682982406428,8.085503861945343,6.804387415228123,8.460213462118148,9.112675533700427,10.206655466015116,3.0963446099819847,0.0,2.8666591981186964,6.081375140235947,0.0,1.1755235983217185,8.874226511526798,5.646484945121239,0.0,0.0,9.201720882898668,12.058972053220137,1.1755235983217185,1.1755235983217185,4.8426000349263605,7.448795943556194,15.961767620662846,4.96393471039262,0.0,0.0,1.1755235983217185,2.593352269735581,7.55883024332426,5.609767971563586,7.149542121976053,2.2558769299167385,6.081375140235947,0.0,0.0,1.1755235983217185,0.0,6.497790193348922,0.0,4.313334852753218,0.0,8.744747966700142,1.1755235983217185,1.814549135613735,0.0,1.1755235983217185,4.401901757319873,1.814549135613735,0.0,1.1755235983217185,0.0,1.1755235983217185,1.1755235983217185,5.0209781949171814,7.670008198864776,4.96393471039262,0.0,8.072070502451306,0.0,0.0,0.0,1.1755235983217185,0.0,1.814549135613735,3.8920249847726622,1.814549135613735,0.0,4.1180049553124505,1.1755235983217185,1.814549135613735,3.468581680148239,0.0,3.0963446099819847,0.0,0.0,0.0,0.0,4.564223996860461,6.852324844507374,9.201720882898668,1.814549135613735,2.2558769299167385,4.218973154342027,1.1755235983217185,2.2558769299167385,4.710115901382017
GSM5016125,0.9625931252425792,3.515624822912669,1.9435195729784016,4.016224689728051,0.9625931252425792,0.9625931252425792,6.400798206444742,0.0,0.9625931252425792,0.0,0.9625931252425792,3.390680853841262,4.88089545937055,1.534867984056115,0.0,0.9625931252425792,0.0,6.5249055301367385,1.534867984056115,1.534867984056115,7.033278851530726,1.9435195729784016,8.531720352303505,5.211587122782608,4.016224689728051,0.0,0.9625931252425792,0.0,2.9338873930283627,7.191482356243244,2.522067771183268,2.742622284367748,4.734322599399857,0.9625931252425792,1.534867984056115,1.534867984056115,1.9435195729784016,0.9625931252425792,3.515624822912669,0.0,4.57115677288285,2.2616025095694163,1.534867984056115,3.836260868099495,0.9625931252425792,0.9625931252425792,0.9625931252425792,0.0,3.102738171712712,3.7370944696959465,0.0,0.0,0.0,0.0,0.0,2.522067771183268,4.451132667093603,0.0,0.0,0.9625931252425792,1.534867984056115,4.016224689728051,6.611446496291317,7.878700604940964,0.0,0.0,1.534867984056115,0.9625931252425792,0.0,1.534867984056115,6.054585012198455,0.0,6.075033465433611,1.9435195729784016,6.317434223476731,0.0,0.0,2.9338873930283627,3.630605235069666,0.0,7.400361120516066,2.2616025095694163,7.375846295399326,5.947755274674768,1.534867984056115,0.0,0.9625931252425792,0.0,1.534867984056115,1.9435195729784016,0.9625931252425792,0.0,1.9435195729784016,0.0,6.990860415362726,0.9625931252425792,0.0,0.0,1.9435195729784016,3.515624822912669,0.0,2.9338873930283627,0.0,4.320209648749686,0.9625931252425792,0.9625931252425792,10.757123158304305,4.6276208054535894,1.9435195729784016,0.0,3.630605235069666,0.0,0.0,2.9338873930283627,0.0,0.0,0.9625931252425792,0.9625931252425792,3.102738171712712,0.9625931252425792,1.534867984056115,0.9625931252425792,2.2616025095694163,0.0,1.534867984056115,2.522067771183268,1.534867984056115,3.390680853841262,0.9625931252425792,0.9625931252425792,0.0,0.0,2.9338873930283627,0.9625931252425792,6.843696843304602,0.9625931252425792,1.534867984056115,5.01394081169761,2.9338873930283627,4.6276208054535894,0.9625931252425792,2.9338873930283627,4.098433264165561,0.0,2.2616025095694163,0.9625931252425792,0.0,0.9625931252425792,0.0,1.534867984056115,3.515624822912669,2.522067771183268,1.9435195729784016,1.9435195729784016,0.9625931252425792,4.098433264165561,3.102738171712712,0.0,2.742622284367748,0.0,8.143620164850002,0.9625931252425792,2.2616025095694163,0.0,5.211587122782608,1.534867984056115,3.836260868099495,0.9625931252425792,1.9435195729784016,6.819662175878007,0.0,1.9435195729784016,1.534867984056115,0.9625931252425792,0.0,0.0,0.0,2.2616025095694163,5.480434472334213,7.979765496038975,0.0,2.2616025095694163,1.534867984056115,1.534867984056115,0.0,1.534867984056115,0.9625931252425792,0.0,0.0,4.250005159505833,1.534867984056115,1.9435195729784016,0.9625931252425792,0.9625931252425792,0.9625931252425792,0.0,0.0,8.813097923090966,3.515624822912669,6.247091196452968,0.0,0.0,4.6276208054535894,3.515624822912669,0.9625931252425792,1.534867984056115,1.9435195729784016,3.2538813106800597,4.57115677288285,4.176208845861121,4.250005159505833,2.2616025095694163,0.0,0.9625931252425792,5.055695680578505,0.0,2.2616025095694163,7.5319198920959725,5.540487944807507,0.0,0.0,7.104636265933091,10.778321701560822,1.9435195729784016,0.0,0.0,1.9435195729784016,6.7450580892521,5.879641665745371,0.9625931252425792,0.9625931252425792,0.9625931252425792,2.2616025095694163,2.522067771183268,0.9625931252425792,0.9625931252425792,0.9625931252425792,3.390680853841262,0.9625931252425792,0.0,0.0,0.0,0.9625931252425792,1.9435195729784016,4.016224689728051,2.522067771183268,13.06054945726395,1.9435195729784016,0.9625931252425792,0.9625931252425792,0.0,2.742622284367748,0.9625931252425792,0.0,1.534867984056115,3.515624822912669,0.0,0.0,7.350907693664644,10.490295851864802,2.2616025095694163,0.0,9.658991446083371,0.0,1.534867984056115,0.0,1.9435195729784016,3.515624822912669,0.0,2.742622284367748,0.0,0.0,1.9435195729784016,2.9338873930283627,4.176208845861121,5.449443537144003,0.0,0.9625931252425792,0.0,0.0,0.0,0.0,0.0,0.0,4.512392526439669,2.2616025095694163,2.2616025095694163,2.522067771183268,2.2616025095694163,0.0,5.626126272296706
GSM5016097,0.0,1.1717570177263674,1.809709944552019,0.0,1.1717570177263674,0.0,7.847202677900698,0.0,0.0,0.0,2.587709653485683,3.885715788642134,1.1717570177263674,0.0,0.0,0.0,2.587709653485683,7.265369353837977,0.0,0.0,5.675656743847964,0.0,8.30706628594941,4.111629548468821,2.587709653485683,0.0,0.0,0.0,3.6177370246895335,8.946536663978678,3.6177370246895335,3.4624282533644593,8.5288078311721,3.885715788642134,2.2505302095611217,1.809709944552019,2.2505302095611217,0.0,2.2505302095611217,1.809709944552019,1.809709944552019,0.0,0.0,3.4624282533644593,1.1717570177263674,1.1717570177263674,0.0,1.1717570177263674,3.090371428446306,0.0,0.0,1.1717570177263674,0.0,0.0,1.1717570177263674,0.0,5.744701404896582,0.0,0.0,0.0,0.0,1.809709944552019,4.111629548468821,11.15161219198866,2.587709653485683,0.0,0.0,0.0,0.0,0.0,0.0,1.809709944552019,2.8608227840600327,1.1717570177263674,5.842442237523163,0.0,0.0,1.1717570177263674,2.2505302095611217,0.0,11.9626632083378,4.836070450104091,5.122142286360603,3.7579395714684223,1.1717570177263674,3.4624282533644593,0.0,0.0,0.0,1.1717570177263674,0.0,1.1717570177263674,1.809709944552019,0.0,3.6177370246895335,0.0,0.0,1.809709944552019,0.0,5.122142286360603,0.0,1.1717570177263674,0.0,4.111629548468821,0.0,0.0,10.403105478612018,4.003090179341636,1.809709944552019,0.0,0.0,0.0,0.0,1.809709944552019,0.0,0.0,1.1717570177263674,1.1717570177263674,1.809709944552019,0.0,1.809709944552019,3.288360474556975,4.003090179341636,0.0,1.1717570177263674,1.1717570177263674,0.0,1.1717570177263674,0.0,1.1717570177263674,0.0,0.0,2.587709653485683,2.8608227840600327,7.03669382621171,0.0,0.0,4.771359461402353,2.587709653485683,3.4624282533644593,1.1717570177263674,2.8608227840600327,4.557744707656245,1.1717570177263674,1.809709944552019,1.809709944552019,0.0,0.0,1.809709944552019,0.0,1.809709944552019,1.809709944552019,1.1717570177263674,2.2505302095611217,1.809709944552019,5.446163767386847,0.0,1.809709944552019,2.2505302095611217,0.0,6.320667287889497,2.587709653485683,0.0,0.0,5.487038162951461,6.386960820606992,3.288360474556975,0.0,0.0,5.603140916445665,1.809709944552019,3.090371428446306,2.587709653485683,0.0,0.0,0.0,0.0,1.1717570177263674,6.408398572811223,6.251180150595809,0.0,0.0,0.0,0.0,0.0,0.0,0.0,0.0,1.1717570177263674,1.1717570177263674,0.0,1.1717570177263674,0.0,0.0,0.0,0.0,0.0,3.6177370246895335,3.6177370246895335,6.408398572811223,0.0,0.0,6.8138382614654995,5.5267863409910465,0.0,1.809709944552019,1.1717570177263674,1.1717570177263674,3.885715788642134,5.17312950485411,4.111629548468821,2.2505302095611217,1.1717570177263674,0.0,2.2505302095611217,1.1717570177263674,0.0,7.636274567832661,3.288360474556975,0.0,0.0,2.587709653485683,4.306910001321243,0.0,0.0,0.0,1.809709944552019,5.316096086560208,7.129976871057125,0.0,0.0,0.0,1.1717570177263674,0.0,0.0,0.0,0.0,1.1717570177263674,0.0,1.809709944552019,0.0,0.0,0.0,1.1717570177263674,7.571234681290352,3.090371428446306,2.8608227840600327,0.0,0.0,1.1717570177263674,0.0,1.1717570177263674,0.0,0.0,1.1717570177263674,4.111629548468821,1.1717570177263674,1.1717570177263674,7.741372795570933,10.673728895985825,1.809709944552019,0.0,10.59645148303221,0.0,0.0,1.809709944552019,4.703609045880817,3.090371428446306,0.0,1.809709944552019,2.2505302095611217,1.809709944552019,1.1717570177263674,0.0,0.0,5.01442112441999,0.0,1.1717570177263674,1.1717570177263674,0.0,0.0,0.0,0.0,0.0,2.8608227840600327,4.003090179341636,0.0,4.836070450104091,3.288360474556975,0.0,4.703609045880817
GSM5016068,1.4630255399841945,6.9843093780765155,1.8620699279034885,6.4731854821673345,4.281477241674182,0.0,6.596172182757491,0.0,2.8377428417437858,0.9095270129826544,0.0,0.9095270129826544,6.609212003696892,2.1743163576113016,0.0,0.0,0.0,7.1271366457191165,2.648598277676619,2.1743163576113016,10.643623347235724,3.52871566374574,2.1743163576113016,6.52914430951114,4.726529194511085,3.52871566374574,3.52871566374574,1.4630255399841945,3.154755904044186,5.5172727734108955,0.9095270129826544,4.906321836449897,4.677848018750826,0.0,0.0,5.027838071426582,0.9095270129826544,3.52871566374574,1.4630255399841945,1.8620699279034885,3.004939337037721,3.154755904044186,0.9095270129826544,2.430860035044941,1.4630255399841945,2.1743163576113016,0.0,0.9095270129826544,0.0,4.677848018750826,0.9095270129826544,2.1743163576113016,1.8620699279034885,1.4630255399841945,0.0,4.3452154034117445,6.93337527623012,3.52871566374574,3.414504294137457,7.836134040049081,0.0,0.9095270129826544,2.648598277676619,3.993973414740972,1.4630255399841945,0.9095270129826544,0.0,0.9095270129826544,2.8377428417437858,5.175412111287454,7.791070516110309,3.004939337037721,10.209751391079962,6.660223699367993,9.55806502535457,3.154755904044186,5.027838071426582,1.8620699279034885,6.3229855625656075,1.4630255399841945,8.668298054657303,2.1743163576113016,7.796781037360673,5.623914418278888,5.2438991030437645,0.0,0.9095270129826544,1.4630255399841945,4.071396457538074,2.648598277676619,1.4630255399841945,2.430860035044941,1.8620699279034885,0.9095270129826544,4.6274666463254555,0.9095270129826544,0.9095270129826544,3.825423720565243,0.9095270129826544,3.634544970540295,2.8377428417437858,1.4630255399841945,3.733138871661097,8.162338984880206,3.004939337037721,0.9095270129826544,3.733138871661097,0.0,2.430860035044941,0.0,0.9095270129826544,1.8620699279034885,0.9095270129826544,2.8377428417437858,0.0,1.8620699279034885,2.1743163576113016,0.0,3.004939337037721,0.9095270129826544,1.4630255399841945,0.9095270129826544,1.8620699279034885,4.406256360025013,0.9095270129826544,6.369709854570352,2.430860035044941,4.521097163560103,1.4630255399841945,1.4630255399841945,0.0,0.0,3.825423720565243,0.0,2.8377428417437858,3.004939337037721,0.0,6.137420214912735,3.825423720565243,6.609212003696892,0.0,3.733138871661097,6.5563302817224995,2.648598277676619,3.52871566374574,2.1743163576113016,0.9095270129826544,2.648598277676619,2.1743163576113016,0.0,1.8620699279034885,0.0,0.0,0.0,0.0,0.9095270129826544,0.9095270129826544,0.0,4.521097163560103,0.0,8.02312624229125,0.0,6.258235139164226,1.4630255399841945,5.175412111287454,0.9095270129826544,0.9095270129826544,2.648598277676619,0.0,0.9095270129826544,0.0,0.0,4.214792449277768,3.154755904044186,0.0,0.0,0.0,4.947974899384366,8.68378978513181,9.609262683349463,0.9095270129826544,3.733138871661097,0.0,3.993973414740972,0.9095270129826544,0.0,1.4630255399841945,0.0,3.004939337037721,8.293337933431767,6.583013425373435,0.9095270129826544,4.677848018750826,2.648598277676619,0.0,2.1743163576113016,2.430860035044941,5.623914418278888,0.9095270129826544,7.76217385396392,1.4630255399841945,0.0,1.8620699279034885,4.677848018750826,3.52871566374574,3.993973414740972,3.993973414740972,5.027838071426582,5.985693924466836,6.953965201305862,6.542801330819113,6.4731854821673345,2.430860035044941,1.4630255399841945,6.745371484717525,2.8377428417437858,0.9095270129826544,9.790476487596404,5.340894420130742,1.8620699279034885,1.4630255399841945,6.063550757299324,9.522320837963656,1.8620699279034885,0.0,2.1743163576113016,3.634544970540295,7.360960276905579,3.634544970540295,4.575262006827788,0.9095270129826544,2.8377428417437858,0.0,4.3452154034117445,2.648598277676619,2.430860035044941,2.648598277676619,3.993973414740972,0.0,0.0,4.988459037387743,0.0,0.0,0.0,4.281477241674182,2.430860035044941,4.521097163560103,1.8620699279034885,0.9095270129826544,0.0,2.1743163576113016,5.571578718475747,3.414504294137457,1.4630255399841945,0.9095270129826544,2.430860035044941,1.8620699279034885,1.4630255399841945,5.103511197618121,7.399000533042257,1.4630255399841945,2.1743163576113016,8.453743755916584,1.8620699279034885,3.733138871661097,0.0,1.4630255399841945,0.0,2.1743163576113016,2.1743163576113016,2.430860035044941,0.0,6.67269969429121,6.7094931213044795,8.003506671387344,2.430860035044941,1.8620699279034885,1.4630255399841945,1.4630255399841945,0.9095270129826544,2.430860035044941,1.4630255399841945,0.0,1.4630255399841945,5.965555024600633,2.1743163576113016,4.906321836449897,1.8620699279034885,1.8620699279034885,1.4630255399841945,6.1729833559002785
GSM5016158,0.0,14.067057612157733,1.7841298416512668,10.781979962763128,11.99442913879009,12.85174488068991,17.029783992980594,7.342617345163616,8.236612797829297,0.0,0.0,0.0,3.96943973160679,0.0,1.7841298416512668,0.0,0.0,6.394027514441046,10.2734669275827,4.178614815970994,18.55157107461217,0.0,1.7841298416512668,5.411080920853541,4.3612668132656705,0.0,0.0,8.522055772819725,4.669087277390446,2.5578299617018,0.0,0.0,5.2350224101004965,0.0,0.0,0.0,0.0,0.0,0.0,6.695610848200782,10.705913021080054,0.0,5.138220344418297,1.7841298416512668,0.0,0.0,0.0,0.0,0.0,0.0,0.0,2.5578299617018,0.0,6.0658928216725885,0.0,8.69367523942306,9.84162726684353,1.7841298416512668,5.3257356513061715,4.178614815970994,1.7841298416512668,1.7841298416512668,1.7841298416512668,21.159705722708793,23.31801445285034,9.84162726684353,19.914721501713785,5.7094627132795255,11.422975012905946,19.4442015542364,3.0587182675456352,12.003045308447726,10.377854770634988,2.5578299617018,13.54150231822252,11.487026668029442,1.7841298416512668,3.724708495010916,5.567972115822761,8.305103062239558,19.6520448087622,0.0,0.0,0.0,5.956583336822175,0.0,0.0,3.96943973160679,1.7841298416512668,11.519819111172326,5.898657273460198,0.0,0.0,4.801426356511927,2.5578299617018,5.138220344418297,6.1175909045848025,17.727992081380155,3.4298069934893585,2.5578299617018,1.7841298416512668,6.794218318092068,1.7841298416512668,11.236811473080111,12.117768404291716,0.0,0.0,0.0,11.16338053925418,6.2624201512274755,0.0,4.3612668132656705,3.4298069934893585,9.762644276292768,5.138220344418297,8.950437953649582,6.794218318092068,0.0,0.0,0.0,0.0,0.0,1.7841298416512668,2.5578299617018,0.0,1.7841298416512668,3.724708495010916,11.033147271608764,6.625917281358631,2.5578299617018,11.33971257811651,2.5578299617018,8.743887447768412,11.19530965760388,0.0,1.7841298416512668,0.0,18.40620360451989,16.4748567519712,3.0587182675456352,0.0,15.523257116171026,8.282632323422565,10.21829678975311,8.189076822408719,4.922639367430545,0.0,0.0,8.412488690558162,0.0,2.5578299617018,0.0,0.0,0.0,0.0,4.3612668132656705,0.0,5.567972115822761,6.5897659069633745,0.0,13.784015167928551,0.0,4.801426356511927,7.995411576775584,3.0587182675456352,0.0,2.5578299617018,6.351478535122935,0.0,0.0,0.0,0.0,13.846150766549195,0.0,0.0,0.0,1.7841298416512668,6.9160135299272945,14.125832886813882,13.370926900935054,5.775323130052054,23.633535013495713,0.0,0.0,0.0,0.0,0.0,3.4298069934893585,0.0,12.909714594178531,11.20728964209754,0.0,9.29722678560236,7.771657808722446,0.0,0.0,0.0,1.7841298416512668,12.28536346192364,8.587682844591617,2.5578299617018,0.0,0.0,1.7841298416512668,1.7841298416512668,3.0587182675456352,3.0587182675456352,3.4298069934893585,4.801426356511927,3.4298069934893585,4.3612668132656705,0.0,10.452728382375255,1.7841298416512668,11.277152719517424,3.96943973160679,1.7841298416512668,12.698384785286551,3.96943973160679,1.7841298416512668,1.7841298416512668,2.5578299617018,3.724708495010916,2.5578299617018,0.0,0.0,0.0,4.669087277390446,0.0,1.7841298416512668,1.7841298416512668,2.5578299617018,10.747527559214593,1.7841298416512668,13.097631641803048,12.55281659772661,7.895292626206606,8.009163532633345,0.0,0.0,9.456269442217542,0.0,11.65826016684618,0.0,3.96943973160679,0.0,0.0,9.639844951315348,4.669087277390446,0.0,2.5578299617018,6.5897659069633745,4.178614815970994,0.0,1.7841298416512668,0.0,7.055084590157732,5.640451285058983,3.4298069934893585,5.838307760275746,4.178614815970994,0.0,6.0122730958460755,0.0,3.4298069934893585,0.0,0.0,0.0,0.0,9.941826563103762,7.364179746596475,1.7841298416512668,3.96943973160679,0.0,0.0,1.7841298416512668,1.7841298416512668,1.7841298416512668,0.0,4.801426356511927,1.7841298416512668,0.0,0.0,1.7841298416512668,10.465253831132529,0.0,8.650454032990654,0.0,6.0658928216725885,0.0,3.0587182675456352
GSM5016166,2.1328080643257024,7.704985645796845,2.4631700286870486,6.742617390385876,2.7317997471912836,0.0,6.171922546119196,0.0,1.0898829183313392,0.0,0.0,0.0,7.5043885439403395,1.0898829183313392,2.958175575854109,1.7036036183355778,0.0,4.752590995669572,2.4631700286870486,4.690891258387584,8.633457485531874,5.299072403741407,7.302601441975334,2.1328080643257024,2.1328080643257024,4.752590995669572,5.0267953330495025,1.7036036183355778,2.4631700286870486,8.486858883647296,1.0898829183313392,4.811759887141594,5.213897954016623,0.0,1.0898829183313392,4.690891258387584,1.7036036183355778,3.618905353656757,5.379497386386747,2.1328080643257024,5.379497386386747,0.0,2.1328080643257024,1.0898829183313392,2.958175575854109,0.0,0.0,0.0,0.0,5.72558058260108,1.7036036183355778,1.7036036183355778,3.3260398136965352,0.0,1.7036036183355778,4.252255314234051,6.581948925884414,1.7036036183355778,6.10253335681029,5.418088784728752,0.0,2.4631700286870486,4.92328031869092,6.004496592322315,0.0,0.0,0.0,0.0,2.1328080643257024,2.1328080643257024,4.92328031869092,2.4631700286870486,7.591383919302134,5.596930367267585,8.019268149538465,1.7036036183355778,4.413744156210123,3.970060228728565,11.226304093588464,2.4631700286870486,7.599801750801654,3.7456938183313344,6.078641624849445,4.6264344582401655,6.029637385637344,1.0898829183313392,1.0898829183313392,1.0898829183313392,4.752590995669572,2.1328080643257024,1.7036036183355778,0.0,1.7036036183355778,1.0898829183313392,3.970060228728565,0.0,2.1328080643257024,4.164184027993223,3.15380100806864,3.4798912823539143,3.618905353656757,5.075894577984908,3.4798912823539143,6.342133363719671,2.1328080643257024,0.0,8.35383509837766,2.4631700286870486,2.1328080643257024,1.0898829183313392,0.0,2.1328080643257024,1.0898829183313392,2.4631700286870486,1.7036036183355778,1.0898829183313392,1.0898829183313392,2.4631700286870486,0.0,1.0898829183313392,2.958175575854109,1.0898829183313392,2.4631700286870486,4.92328031869092,1.0898829183313392,5.075894577984908,3.618905353656757,6.216394620954719,1.0898829183313392,1.0898829183313392,0.0,0.0,7.333214410028167,1.0898829183313392,0.0,2.958175575854109,1.0898829183313392,5.339845247415708,3.618905353656757,7.874142196748624,2.4631700286870486,2.958175575854109,6.078641624849445,3.3260398136965352,3.8622342885458143,2.4631700286870486,1.7036036183355778,0.0,1.7036036183355778,1.7036036183355778,3.15380100806864,1.0898829183313392,1.7036036183355778,1.7036036183355778,1.0898829183313392,2.4631700286870486,1.7036036183355778,0.0,5.213897954016623,1.0898829183313392,7.1844454909791144,3.7456938183313344,4.975966041825187,0.0,5.694477481138662,1.7036036183355778,2.1328080643257024,2.1328080643257024,0.0,3.8622342885458143,0.0,1.0898829183313392,2.1328080643257024,2.1328080643257024,1.0898829183313392,1.0898829183313392,1.0898829183313392,3.15380100806864,12.35374452332896,9.261653544868391,0.0,2.1328080643257024,1.0898829183313392,2.958175575854109,2.4631700286870486,1.0898829183313392,1.0898829183313392,0.0,9.656062403908328,5.562891786653046,5.528030662444565,0.0,4.164184027993223,2.1328080643257024,1.7036036183355778,3.15380100806864,3.3260398136965352,6.547550765792887,1.7036036183355778,12.670069626828226,5.0267953330495025,0.0,3.15380100806864,2.1328080643257024,0.0,1.0898829183313392,0.0,2.1328080643257024,1.7036036183355778,3.4798912823539143,1.7036036183355778,5.379497386386747,1.0898829183313392,5.123377679526024,6.598845257804244,1.7036036183355778,2.1328080643257024,8.95219555513196,7.624764499427245,1.0898829183313392,2.7317997471912836,8.468590091002225,11.906611969425622,3.15380100806864,1.0898829183313392,1.0898829183313392,1.0898829183313392,10.748978605999769,6.887172253364767,1.0898829183313392,0.0,2.1328080643257024,0.0,2.958175575854109,1.7036036183355778,0.0,3.3260398136965352,4.164184027993223,1.0898829183313392,0.0,0.0,0.0,1.0898829183313392,1.7036036183355778,5.379497386386747,3.618905353656757,1.7036036183355778,1.7036036183355778,0.0,5.0267953330495025,2.1328080643257024,2.4631700286870486,0.0,0.0,1.0898829183313392,2.958175575854109,0.0,0.0,6.3219232799749845,10.873098629858038,4.413744156210123,0.0,10.941755413046293,1.7036036183355778,2.958175575854109,1.0898829183313392,0.0,0.0,2.4631700286870486,3.15380100806864,2.1328080643257024,1.0898829183313392,8.245344109548807,8.981480870637515,10.224186346166416,4.6264344582401655,2.7317997471912836,1.7036036183355778,0.0,1.0898829183313392,2.1328080643257024,1.0898829183313392,0.0,2.1328080643257024,5.978909907037218,4.252255314234051,3.618905353656757,5.169347649423102,2.4631700286870486,0.0,3.618905353656757
GSM5016029,3.716047534742183,7.237891983315507,3.647813435204133,6.660589035388942,3.716047534742183,1.146746719929467,9.858918567378556,2.214877440422863,2.0126941838892938,0.0,0.6844329589290093,2.392177672005103,4.913577358941443,3.05047427418199,2.392177672005103,0.0,0.0,4.884221807142483,0.0,1.7774852974769444,7.770374070210063,9.249533705300324,1.146746719929467,3.05047427418199,2.214877440422863,1.146746719929467,0.6844329589290093,1.4963143803932475,3.716047534742183,3.9032904134960167,0.0,6.669220342772121,4.942347484543452,0.0,0.0,0.0,0.0,0.0,0.6844329589290093,4.1202603309505355,7.012253711731534,0.0,1.146746719929467,1.4963143803932475,2.392177672005103,2.214877440422863,0.0,0.0,0.0,3.9032904134960167,1.146746719929467,0.6844329589290093,0.6844329589290093,0.0,0.0,3.9032904134960167,4.4356544031418705,1.146746719929467,1.146746719929467,5.874592149839152,2.214877440422863,0.0,0.0,4.85425650842218,5.249114696811752,1.4963143803932475,0.0,3.05047427418199,2.5500539230622454,5.749939352009033,5.700270402968973,3.5008267221792204,5.85958695772532,2.214877440422863,10.0789312979737,2.940687776159403,3.15249378856742,1.4963143803932475,3.843536158862158,0.0,6.287212158081677,0.6844329589290093,4.068999674464748,0.6844329589290093,3.960667854733081,0.0,3.05047427418199,2.6923450371097672,4.998221716011106,2.940687776159403,2.392177672005103,0.6844329589290093,1.146746719929467,1.4963143803932475,2.392177672005103,1.4963143803932475,2.5500539230622454,5.422496903409576,2.0126941838892938,2.214877440422863,0.6844329589290093,2.392177672005103,1.146746719929467,6.514965867836509,2.940687776159403,0.0,1.4963143803932475,0.0,1.7774852974769444,0.0,0.0,1.4963143803932475,0.0,3.4213072466620336,1.146746719929467,0.6844329589290093,0.0,0.6844329589290093,1.7774852974769444,1.4963143803932475,2.214877440422863,0.0,1.4963143803932475,2.392177672005103,0.0,3.2477730512746525,0.0,2.5500539230622454,0.6844329589290093,0.0,1.4963143803932475,0.0,4.5890843960513275,1.7774852974769444,1.146746719929467,0.0,0.0,4.85425650842218,3.4213072466620336,2.940687776159403,0.6844329589290093,5.904142298801978,7.097860707870781,5.178319146996036,5.829100099687251,1.4963143803932475,2.0126941838892938,0.6844329589290093,1.4963143803932475,0.0,0.6844329589290093,0.0,0.6844329589290093,2.0126941838892938,0.0,2.214877440422863,0.0,0.0,2.0126941838892938,1.146746719929467,9.906235014132236,1.146746719929467,3.960667854733081,0.0,3.781199634237957,0.0,1.7774852974769444,5.025367757344278,0.6844329589290093,0.0,0.0,0.0,4.394604473734794,2.5500539230622454,0.0,0.0,1.4963143803932475,5.5019526058616774,7.58210468279813,9.09635460377803,1.7774852974769444,7.687828672116614,0.0,0.0,0.6844329589290093,0.0,0.6844329589290093,3.4213072466620336,2.5500539230622454,10.645518067351286,9.279438223564949,0.0,7.232078108856407,5.733572302359124,0.6844329589290093,1.4963143803932475,1.7774852974769444,6.0301030174073915,1.146746719929467,7.604778534445177,2.0126941838892938,1.146746719929467,1.146746719929467,3.05047427418199,0.0,0.6844329589290093,0.0,0.0,2.214877440422863,1.7774852974769444,2.8218534770693897,5.202305748753222,1.7774852974769444,2.0126941838892938,9.217525758307142,4.263943790468089,0.6844329589290093,7.897025288334683,5.975473395101104,0.0,1.7774852974769444,4.998221716011106,8.11170885276848,1.4963143803932475,2.392177672005103,0.0,0.6844329589290093,5.904142298801978,0.6844329589290093,1.146746719929467,0.6844329589290093,3.4213072466620336,1.146746719929467,3.960667854733081,3.781199634237957,4.169761957556857,2.5500539230622454,6.19458657608082,0.0,0.0,5.025367757344278,0.0,0.6844329589290093,0.0,2.8218534770693897,0.0,2.8218534770693897,0.6844329589290093,4.1202603309505355,1.4963143803932475,2.392177672005103,6.3742479624365656,4.308825113926037,1.146746719929467,0.6844329589290093,1.4963143803932475,1.7774852974769444,1.146746719929467,4.308825113926037,5.683326678733438,0.0,0.0,6.218306429498599,1.146746719929467,3.2477730512746525,0.0,0.0,0.0,1.146746719929467,1.7774852974769444,2.0126941838892938,0.0,6.1825787831575125,2.8218534770693897,3.2477730512746525,2.214877440422863,1.146746719929467,1.7774852974769444,0.0,1.4963143803932475,2.6923450371097672,1.7774852974769444,1.7774852974769444,0.6844329589290093,6.241642596337729,1.7774852974769444,7.657784606375582,3.05047427418199,2.940687776159403,0.6844329589290093,0.6844329589290093
GSM5016066,0.0,4.338133228780133,7.542827237628279,3.3287633070125335,2.465646784292787,0.0,6.3249103396306845,0.0,0.0,0.0,0.0,2.7343696313262855,4.561859256394226,0.0,0.0,1.0914874750971664,2.7343696313262855,11.191457385246776,0.0,0.0,5.599892765726114,0.0,9.264673453134812,3.1564862855355806,1.7057004454900728,0.0,0.0,0.0,8.321585593746265,8.237587899018521,3.1564862855355806,2.465646784292787,6.404107579206035,0.0,1.0914874750971664,1.7057004454900728,1.7057004454900728,0.0,3.9728922328339737,0.0,3.9728922328339737,0.0,0.0,8.336804881277109,0.0,0.0,1.0914874750971664,1.7057004454900728,1.7057004454900728,4.0732297006823055,0.0,0.0,0.0,1.7057004454900728,1.7057004454900728,1.0914874750971664,5.078829818349213,2.1351437506486763,1.0914874750971664,2.465646784292787,0.0,3.621684213726894,4.561859256394226,6.032615962492619,0.0,0.0,0.0,0.0,0.0,0.0,1.0914874750971664,0.0,4.167040309733674,2.7343696313262855,7.29525659818024,0.0,3.621684213726894,1.0914874750971664,6.917422792406816,0.0,7.30560713281879,4.338133228780133,2.9608115365245835,2.1351437506486763,3.865051327599636,2.1351437506486763,2.465646784292787,0.0,3.865051327599636,0.0,0.0,0.0,1.7057004454900728,1.0914874750971664,3.621684213726894,0.0,1.0914874750971664,3.1564862855355806,1.0914874750971664,8.911835162343092,1.0914874750971664,1.0914874750971664,0.0,4.338133228780133,1.0914874750971664,1.7057004454900728,10.097698157162814,4.338133228780133,1.0914874750971664,0.0,1.7057004454900728,0.0,0.0,2.465646784292787,0.0,0.0,0.0,2.465646784292787,1.7057004454900728,2.465646784292787,0.0,1.7057004454900728,2.9608115365245835,1.0914874750971664,2.9608115365245835,3.482645259548185,1.0914874750971664,1.0914874750971664,0.0,0.0,1.0914874750971664,1.7057004454900728,3.748493374056494,0.0,3.865051327599636,0.0,2.9608115365245835,5.3020204849115515,3.1564862855355806,3.482645259548185,2.7343696313262855,2.9608115365245835,3.621684213726894,2.9608115365245835,2.9608115365245835,1.0914874750971664,0.0,2.9608115365245835,1.7057004454900728,1.0914874750971664,7.9449356114622836,1.0914874750971664,2.7343696313262855,1.7057004454900728,1.0914874750971664,9.69298932254537,3.3287633070125335,1.0914874750971664,2.1351437506486763,0.0,5.3020204849115515,2.465646784292787,3.3287633070125335,0.0,5.981886828561931,1.0914874750971664,3.3287633070125335,0.0,0.0,5.216841367433575,0.0,1.0914874750971664,2.7343696313262855,0.0,0.0,1.7057004454900728,0.0,1.0914874750971664,7.856182771501195,7.176212167991127,0.0,0.0,2.7343696313262855,1.0914874750971664,0.0,0.0,0.0,1.0914874750971664,5.342795467350276,2.9608115365245835,1.7057004454900728,1.0914874750971664,1.0914874750971664,0.0,2.465646784292787,1.7057004454900728,1.7057004454900728,2.1351437506486763,1.7057004454900728,8.39612559202548,2.1351437506486763,0.0,3.9728922328339737,1.0914874750971664,0.0,0.0,0.0,0.0,2.465646784292787,2.7343696313262855,3.482645259548185,3.748493374056494,1.7057004454900728,1.0914874750971664,2.465646784292787,1.0914874750971664,2.1351437506486763,8.17686507488161,2.9608115365245835,1.7057004454900728,1.0914874750971664,6.790522127312397,10.033763019576442,1.7057004454900728,0.0,0.0,0.0,6.032615962492619,5.3020204849115515,0.0,0.0,0.0,2.9608115365245835,1.0914874750971664,0.0,0.0,0.0,2.1351437506486763,2.465646784292787,2.1351437506486763,0.0,1.7057004454900728,1.7057004454900728,1.7057004454900728,6.903861517793716,4.338133228780133,1.7057004454900728,2.465646784292787,0.0,1.0914874750971664,1.0914874750971664,2.7343696313262855,1.0914874750971664,0.0,1.0914874750971664,7.984126742614946,0.0,1.0914874750971664,8.274940039194302,10.364726501421414,2.7343696313262855,0.0,10.4013796960262,0.0,0.0,1.0914874750971664,2.9608115365245835,0.0,0.0,2.1351437506486763,2.1351437506486763,0.0,4.6937990951821655,3.865051327599636,4.871518797950599,4.6937990951821655,0.0,1.7057004454900728,0.0,0.0,0.0,0.0,0.0,0.0,4.167040309733674,3.621684213726894,0.0,3.748493374056494,0.0,0.0,6.0573269243899315
GSM5016200,0.0,2.555194153286738,3.4269263505287624,3.253318353573437,1.7818769870452176,0.0,5.981571494227439,0.0,0.0,1.7818769870452176,0.0,3.253318353573437,4.175614742874978,0.0,0.0,1.7818769870452176,0.0,4.860239101328281,1.7818769870452176,1.1501478405318142,7.249838093606214,2.2197413291069257,9.536003828460831,1.1501478405318142,0.0,1.1501478405318142,1.1501478405318142,0.0,2.2197413291069257,7.921451444860863,1.7818769870452176,2.555194153286738,6.492073402602734,0.0,2.8271751164831893,2.2197413291069257,1.1501478405318142,2.8271751164831893,2.8271751164831893,0.0,1.7818769870452176,0.0,0.0,2.2197413291069257,1.1501478405318142,0.0,1.1501478405318142,0.0,2.555194153286738,2.2197413291069257,2.2197413291069257,0.0,1.1501478405318142,0.0,0.0,1.7818769870452176,4.175614742874978,0.0,2.8271751164831893,2.555194153286738,0.0,0.0,0.0,5.527212852684136,0.0,0.0,0.0,0.0,1.1501478405318142,0.0,2.8271751164831893,0.0,3.8493017537884415,3.0559241381335154,7.238233350349641,0.0,1.7818769870452176,1.1501478405318142,5.924787609894752,0.0,7.702465570474192,3.0559241381335154,4.175614742874978,1.1501478405318142,2.2197413291069257,0.0,0.0,0.0,2.555194153286738,0.0,0.0,2.2197413291069257,2.555194153286738,0.0,2.555194153286738,1.1501478405318142,1.1501478405318142,2.555194153286738,1.1501478405318142,3.4269263505287624,0.0,3.253318353573437,0.0,3.7217733237049777,0.0,1.1501478405318142,9.060326026044669,2.2197413291069257,1.1501478405318142,0.0,3.0559241381335154,0.0,1.1501478405318142,2.8271751164831893,0.0,0.0,1.1501478405318142,3.253318353573437,1.1501478405318142,2.555194153286738,0.0,0.0,3.253318353573437,0.0,2.2197413291069257,0.0,0.0,3.7217733237049777,0.0,0.0,0.0,2.555194153286738,1.7818769870452176,1.7818769870452176,5.2779980304677405,0.0,2.555194153286738,5.527212852684136,3.0559241381335154,5.031374260971736,3.4269263505287624,3.253318353573437,4.5203338942223805,1.7818769870452176,2.555194153286738,3.581869085767996,0.0,1.1501478405318142,0.0,0.0,1.1501478405318142,2.555194153286738,3.0559241381335154,1.1501478405318142,1.1501478405318142,0.0,2.2197413291069257,1.1501478405318142,1.1501478405318142,1.7818769870452176,5.7396524614947655,3.8493017537884415,1.7818769870452176,0.0,5.953458907825605,1.7818769870452176,5.084187253986461,1.7818769870452176,0.0,7.339461312203276,2.555194153286738,2.555194153286738,2.8271751164831893,0.0,1.7818769870452176,2.555194153286738,0.0,1.1501478405318142,6.83795675728113,7.129363036243583,1.7818769870452176,0.0,0.0,3.0559241381335154,0.0,1.1501478405318142,1.1501478405318142,0.0,5.672256193506163,3.253318353573437,1.1501478405318142,1.1501478405318142,0.0,0.0,0.0,1.7818769870452176,1.7818769870452176,2.8271751164831893,1.7818769870452176,7.727582747707101,1.1501478405318142,0.0,4.074827601752647,1.7818769870452176,0.0,0.0,0.0,0.0,2.2197413291069257,2.555194153286738,0.0,3.253318353573437,0.0,3.581869085767996,3.581869085767996,0.0,4.175614742874978,7.0782073921526,4.6660366126288855,0.0,0.0,6.568202546814898,10.299901092689474,1.7818769870452176,0.0,0.0,0.0,6.036204768227343,5.18434475063505,0.0,0.0,0.0,1.1501478405318142,2.2197413291069257,0.0,0.0,1.1501478405318142,2.555194153286738,1.1501478405318142,1.1501478405318142,1.1501478405318142,1.7818769870452176,0.0,0.0,6.6580406594500285,3.8493017537884415,1.1501478405318142,1.7818769870452176,0.0,3.253318353573437,0.0,2.555194153286738,1.1501478405318142,0.0,0.0,1.1501478405318142,1.1501478405318142,0.0,7.272771240881752,11.02576047541188,4.175614742874978,0.0,11.224843887085315,0.0,0.0,1.7818769870452176,3.966467046546332,2.555194153286738,0.0,0.0,0.0,1.1501478405318142,2.8271751164831893,2.8271751164831893,3.8493017537884415,4.73371733421544,1.1501478405318142,1.1501478405318142,2.2197413291069257,0.0,1.1501478405318142,0.0,0.0,0.0,2.555194153286738,5.488553217686248,0.0,4.73371733421544,1.7818769870452176,0.0,6.08884440746311
GSM5016124,1.9499775325931823,14.073624149185624,2.404774460977883,12.009073812067388,12.198539373218026,12.458442836614871,16.458707167460023,5.967381459040865,7.591461793093051,0.0,0.0,0.0,3.0284299789892253,0.0,0.0,0.0,0.0,6.063174120933247,8.100567372214883,5.144218607271967,18.422005882066244,0.0,3.0284299789892253,4.957389693809908,4.4904185746303025,1.2820498377161464,0.0,10.019109781219536,0.0,3.937196134062867,1.9499775325931823,3.7956197572760377,5.201479559630546,1.2820498377161464,0.0,1.2820498377161464,0.0,1.2820498377161464,0.0,8.188163724516475,7.612725435833871,0.0,6.063174120933247,0.0,0.0,1.9499775325931823,2.404774460977883,0.0,0.0,1.2820498377161464,0.0,1.2820498377161464,0.0,6.441459482433797,0.0,7.924702039820112,10.353447100694227,0.0,5.864773082110918,0.0,0.0,0.0,0.0,20.408587956828462,23.434005044641808,8.908894734848825,19.106564455842378,2.7500426697137232,10.38313971426853,19.23363281680965,4.066112299118374,12.263840587643378,6.740878332675,2.7500426697137232,13.80885623641036,10.516037914753143,0.0,3.2616895835416595,5.715518172025173,6.291299629659802,18.805205143020306,0.0,3.462431664756132,0.0,4.579510918640169,0.0,0.0,1.2820498377161464,3.0284299789892253,10.611552418447063,1.9499775325931823,0.0,0.0,3.63862306695873,3.937196134062867,3.0284299789892253,6.4882296214250195,17.756657300148326,1.2820498377161464,2.404774460977883,1.2820498377161464,2.404774460977883,2.7500426697137232,11.286634830320244,8.992383558645743,1.2820498377161464,5.967381459040865,0.0,12.230700082164075,5.634670148238224,0.0,2.7500426697137232,0.0,8.458617538036885,3.0284299789892253,7.321337601241808,7.863929141012024,0.0,0.0,0.0,1.9499775325931823,0.0,0.0,0.0,1.2820498377161464,3.63862306695873,1.2820498377161464,10.751131120464398,6.237560157760147,3.0284299789892253,8.290671741438922,3.7956197572760377,10.667236925022014,11.483439591149718,0.0,0.0,1.2820498377161464,17.848402031464634,15.892290857969936,3.0284299789892253,1.2820498377161464,15.507298355994898,8.533000206228516,9.60983288632276,7.525723197328579,5.144218607271967,0.0,0.0,10.351867274028097,0.0,2.404774460977883,0.0,0.0,0.0,0.0,3.2616895835416595,1.9499775325931823,4.066112299118374,4.293808453417543,0.0,13.391066730238247,0.0,4.184447795340401,6.533531028101476,5.256554304599575,0.0,3.0284299789892253,5.36077132156231,0.0,0.0,0.0,0.0,15.5665171960959,1.2820498377161464,0.0,0.0,1.9499775325931823,5.36077132156231,12.320267427808538,13.655135978092876,6.4882296214250195,23.221302462070614,1.2820498377161464,2.7500426697137232,0.0,1.2820498377161464,0.0,2.404774460977883,0.0,11.853094837176911,9.5028563460573,0.0,7.863929141012024,6.000024191869985,0.0,0.0,0.0,2.404774460977883,11.139648585140682,7.800483196884733,1.2820498377161464,0.0,2.404774460977883,0.0,0.0,1.9499775325931823,2.7500426697137232,3.0284299789892253,5.201479559630546,5.022391632718897,3.7956197572760377,1.2820498377161464,8.41691797138416,0.0,10.960503759612951,3.462431664756132,1.2820498377161464,13.245516508805569,7.334196114206916,1.2820498377161464,3.0284299789892253,2.7500426697137232,5.084590683095916,1.2820498377161464,0.0,1.2820498377161464,3.0284299789892253,4.957389693809908,3.462431664756132,1.9499775325931823,2.404774460977883,3.2616895835416595,10.68365722291668,1.2820498377161464,13.854337375377838,12.40154653896675,8.533000206228516,5.792074924316392,0.0,0.0,8.440893672754209,0.0,11.15965226030457,0.0,4.293808453417543,0.0,0.0,9.848113955135007,1.2820498377161464,1.9499775325931823,1.2820498377161464,3.63862306695873,1.2820498377161464,0.0,1.2820498377161464,1.9499775325931823,6.533531028101476,5.256554304599575,4.579510918640169,7.200142786977564,0.0,0.0,7.734118202300635,0.0,3.2616895835416595,0.0,1.9499775325931823,0.0,0.0,8.264040515705803,7.846084642529575,1.9499775325931823,5.144218607271967,1.2820498377161464,1.2820498377161464,2.7500426697137232,0.0,1.9499775325931823,1.2820498377161464,5.084590683095916,1.9499775325931823,0.0,0.0,2.7500426697137232,10.724519035769555,1.2820498377161464,6.7789974727674736,1.2820498377161464,5.30960365865155,0.0,3.937196134062867
GSM5016094,0.0,0.0,2.940815656612218,0.0,1.223849165632432,0.0,6.111035894501507,1.223849165632432,0.0,0.0,0.0,4.089861401583836,0.0,0.0,0.0,0.0,1.876322900958319,5.8353936832818984,1.223849165632432,0.0,2.940815656612218,0.0,7.544276645927597,0.0,0.0,0.0,0.0,0.0,7.182439868707118,9.092656085965784,1.876322900958319,0.0,6.856355677426397,0.0,1.876322900958319,0.0,0.0,0.0,2.323967125290608,0.0,0.0,0.0,0.0,1.876322900958319,1.223849165632432,0.0,1.876322900958319,1.876322900958319,3.172190412989046,0.0,0.0,0.0,0.0,0.0,2.940815656612218,0.0,2.323967125290608,0.0,0.0,0.0,0.0,0.0,0.0,9.296399065484348,0.0,0.0,1.223849165632432,0.0,0.0,0.0,0.0,0.0,4.567225371591037,0.0,6.4782531609760206,0.0,0.0,0.0,2.323967125290608,0.0,6.734974506468633,4.567225371591037,0.0,0.0,0.0,0.0,1.223849165632432,0.0,0.0,1.223849165632432,0.0,2.940815656612218,1.223849165632432,2.323967125290608,3.843672946980546,0.0,0.0,3.9720121635338264,0.0,3.7027921899005665,0.0,3.172190412989046,0.0,1.223849165632432,0.0,1.876322900958319,10.139964211961486,3.7027921899005665,0.0,0.0,2.665111280726956,0.0,0.0,4.721269895334772,0.0,0.0,0.0,1.876322900958319,3.7027921899005665,0.0,0.0,2.940815656612218,4.089861401583836,0.0,1.876322900958319,2.940815656612218,0.0,1.876322900958319,0.0,1.223849165632432,0.0,3.172190412989046,1.223849165632432,0.0,4.721269895334772,0.0,2.665111280726956,6.111035894501507,3.7027921899005665,2.323967125290608,3.843672946980546,2.665111280726956,2.323967125290608,2.940815656612218,3.172190412989046,3.546650601573214,0.0,2.323967125290608,2.940815656612218,1.223849165632432,3.9720121635338264,3.546650601573214,3.7027921899005665,2.940815656612218,0.0,0.0,3.172190412989046,2.323967125290608,0.0,2.323967125290608,2.323967125290608,1.876322900958319,0.0,1.223849165632432,7.013755856197996,2.323967125290608,5.693660962606785,0.0,0.0,6.138648825250051,2.323967125290608,3.7027921899005665,1.876322900958319,0.0,0.0,2.323967125290608,0.0,0.0,5.5774037586516325,4.394744513396442,0.0,0.0,1.876322900958319,0.0,0.0,3.546650601573214,1.223849165632432,0.0,0.0,2.940815656612218,0.0,0.0,0.0,0.0,1.223849165632432,0.0,0.0,0.0,2.323967125290608,5.1040122046642535,0.0,0.0,4.860441534325463,0.0,0.0,0.0,0.0,0.0,0.0,0.0,0.0,3.7027921899005665,0.0,0.0,1.223849165632432,1.223849165632432,2.665111280726956,6.82270476851229,1.876322900958319,0.0,1.223849165632432,2.665111280726956,3.172190412989046,2.665111280726956,0.0,0.0,0.0,1.223849165632432,6.582466149572913,0.0,0.0,0.0,0.0,2.323967125290608,1.876322900958319,0.0,0.0,1.876322900958319,1.876322900958319,0.0,1.223849165632432,1.876322900958319,1.876322900958319,0.0,6.520845869941862,3.546650601573214,1.223849165632432,0.0,0.0,0.0,1.223849165632432,0.0,0.0,0.0,2.665111280726956,3.172190412989046,0.0,0.0,7.883141438308236,11.968692615013818,0.0,0.0,11.5101769506704,0.0,0.0,2.323967125290608,2.665111280726956,3.3715357309735547,0.0,0.0,1.876322900958319,0.0,0.0,0.0,0.0,5.901358942065839,0.0,0.0,1.876322900958319,0.0,0.0,0.0,0.0,0.0,0.0,2.665111280726956,0.0,5.901358942065839,0.0,0.0,6.218451484509655
GSM5016090,1.110778008739886,5.252016885742086,2.495307104869714,5.207433911676113,2.495307104869714,0.0,6.458965275218076,0.0,1.110778008739886,0.0,0.0,2.495307104869714,6.360600523654692,3.3613425472846963,1.7308536329273765,1.110778008739886,1.110778008739886,5.456345186467387,1.110778008739886,2.7651324197899303,7.23449252212,3.1886138493459986,8.626698549452291,5.456345186467387,3.781971146415017,1.110778008739886,1.110778008739886,0.0,2.495307104869714,7.245559383876211,2.495307104869714,4.664029739058789,4.84954391339689,1.110778008739886,0.0,1.7308536329273765,2.16313233228723,0.0,2.495307104869714,2.9923559940429403,2.9923559940429403,1.110778008739886,1.110778008739886,2.9923559940429403,1.110778008739886,1.7308536329273765,1.110778008739886,0.0,0.0,0.0,1.7308536329273765,0.0,0.0,1.110778008739886,1.110778008739886,1.110778008739886,5.064770009590256,1.110778008739886,0.0,3.3613425472846963,1.110778008739886,0.0,1.110778008739886,2.495307104869714,1.110778008739886,0.0,0.0,1.110778008739886,2.7651324197899303,1.7308536329273765,2.495307104869714,2.16313233228723,5.566353402611923,3.515584681507464,7.1308741996165015,1.110778008739886,1.110778008739886,1.7308536329273765,3.654917566552955,1.110778008739886,8.557337846312985,4.107243530017161,6.687153504362733,4.664029739058789,5.013898185544104,1.110778008739886,0.0,0.0,5.2952633306606005,0.0,1.110778008739886,0.0,1.7308536329273765,0.0,6.826335135649567,0.0,1.110778008739886,3.1886138493459986,0.0,3.515584681507464,1.110778008739886,0.0,0.0,5.732891504098606,1.110778008739886,1.110778008739886,8.596762702713564,2.16313233228723,3.1886138493459986,0.0,1.110778008739886,1.110778008739886,0.0,1.7308536329273765,0.0,0.0,0.0,1.110778008739886,1.110778008739886,3.654917566552955,0.0,0.0,2.495307104869714,1.7308536329273765,2.16313233228723,3.515584681507464,2.16313233228723,2.16313233228723,1.110778008739886,0.0,0.0,0.0,4.107243530017161,1.110778008739886,3.3613425472846963,1.110778008739886,0.0,4.906434617014262,2.9923559940429403,3.654917566552955,1.110778008739886,3.1886138493459986,5.207433911676113,2.495307104869714,3.515584681507464,1.7308536329273765,1.7308536329273765,0.0,0.0,0.0,3.898735546325731,0.0,0.0,0.0,0.0,4.201187796686116,1.7308536329273765,0.0,3.3613425472846963,1.7308536329273765,6.781416817335705,2.16313233228723,3.1886138493459986,0.0,5.764010525240754,0.0,2.16313233228723,1.7308536329273765,0.0,2.7651324197899303,0.0,1.110778008739886,1.110778008739886,1.110778008739886,0.0,1.110778008739886,1.110778008739886,3.781971146415017,8.402797411268887,8.961384049207917,0.0,2.495307104869714,0.0,0.0,1.110778008739886,2.16313233228723,1.110778008739886,0.0,3.654917566552955,6.298192604148948,4.451090690526252,1.110778008739886,2.495307104869714,1.7308536329273765,1.110778008739886,2.16313233228723,2.16313233228723,4.451090690526252,1.7308536329273765,6.719263828285201,0.0,0.0,3.1886138493459986,5.161429156011336,3.3613425472846963,3.515584681507464,3.1886138493459986,3.898735546325731,5.1139089398866435,5.2952633306606005,5.82430447215518,4.906434617014262,0.0,0.0,5.853532099256716,1.7308536329273765,2.16313233228723,8.849778675955712,5.853532099256716,1.110778008739886,1.110778008739886,4.790317377332633,7.842006413942173,2.16313233228723,0.0,1.110778008739886,3.3613425472846963,5.794472455722493,6.1172301321800795,0.0,2.495307104869714,2.495307104869714,2.16313233228723,2.16313233228723,1.7308536329273765,6.670826296850554,2.16313233228723,2.16313233228723,4.451090690526252,1.110778008739886,0.0,1.110778008739886,0.0,0.0,7.604787981244434,3.781971146415017,1.7308536329273765,2.16313233228723,0.0,0.0,2.16313233228723,3.654917566552955,1.7308536329273765,0.0,1.110778008739886,3.515584681507464,1.110778008739886,1.110778008739886,6.993206359171678,10.462603367846496,4.107243530017161,2.16313233228723,10.255123828630625,0.0,2.16313233228723,1.110778008739886,2.9923559940429403,1.7308536329273765,0.0,1.7308536329273765,1.7308536329273765,2.495307104869714,6.400754739478696,4.107243530017161,5.064770009590256,2.9923559940429403,1.7308536329273765,2.9923559940429403,0.0,0.0,1.110778008739886,1.110778008739886,0.0,0.0,4.451090690526252,2.9923559940429403,0.0,4.596482932801773,2.9923559940429403,0.0,4.201187796686116
GSM5016159,0.0,5.814017308470511,5.354361431146548,5.76055548417457,1.0167235428315988,0.0,6.372699528197253,1.0167235428315988,1.607217754113628,2.025013175133396,0.0,1.0167235428315988,5.963453748688874,1.607217754113628,1.0167235428315988,0.0,0.0,4.890102373406135,0.0,2.612728335483991,9.703871358759743,2.025013175133396,3.937952704150559,3.0291401975533376,1.607217754113628,1.607217754113628,1.607217754113628,0.0,3.0291401975533376,5.5243778014470575,1.0167235428315988,3.489695321816944,3.0291401975533376,0.0,2.025013175133396,4.890102373406135,1.0167235428315988,2.3485934959665444,2.3485934959665444,0.0,6.098853881730644,1.0167235428315988,0.0,1.607217754113628,2.835906267297576,1.607217754113628,0.0,0.0,0.0,8.946076576774406,1.0167235428315988,0.0,1.607217754113628,0.0,0.0,2.025013175133396,5.865568590596171,2.3485934959665444,2.612728335483991,5.390005397951601,5.6472942155677055,7.9931253452872,10.647944325446357,6.632829331642875,2.612728335483991,0.0,0.0,0.0,2.3485934959665444,8.96982629315979,10.387479714806275,0.0,5.787534023424465,5.032227735168608,7.162303623490791,0.0,7.676947252693016,3.0291401975533376,11.69991317609447,0.0,7.222854817187107,1.607217754113628,7.0553703532834895,5.119751050369584,2.3485934959665444,0.0,5.840023195119067,0.0,3.615475753043915,1.607217754113628,1.607217754113628,1.0167235428315988,1.607217754113628,1.0167235428315988,3.489695321816944,0.0,0.0,3.35189228210553,3.615475753043915,3.615475753043915,2.835906267297576,2.3485934959665444,1.607217754113628,4.1187831628386675,2.612728335483991,1.0167235428315988,8.740535929133554,2.835906267297576,2.025013175133396,0.0,2.3485934959665444,0.0,2.025013175133396,3.0291401975533376,1.0167235428315988,2.025013175133396,2.3485934959665444,1.0167235428315988,1.0167235428315988,2.835906267297576,2.025013175133396,1.0167235428315988,0.0,1.607217754113628,0.0,5.733062814019429,2.3485934959665444,3.838260235842553,1.607217754113628,2.025013175133396,1.607217754113628,1.0167235428315988,4.1187831628386675,1.0167235428315988,2.025013175133396,2.835906267297576,2.025013175133396,5.963453748688874,4.3535388509222495,4.7869248398230235,1.0167235428315988,2.612728335483991,6.222629592598165,1.607217754113628,3.35189228210553,1.607217754113628,1.0167235428315988,0.0,3.615475753043915,2.3485934959665444,1.0167235428315988,2.3485934959665444,0.0,1.0167235428315988,0.0,1.0167235428315988,1.0167235428315988,0.0,6.572060719926356,1.0167235428315988,7.51688755358463,1.607217754113628,4.7869248398230235,1.0167235428315988,3.35189228210553,0.0,2.835906267297576,3.0291401975533376,0.0,2.835906267297576,1.0167235428315988,1.0167235428315988,4.20135289816161,3.7311640937212016,0.0,1.0167235428315988,0.0,2.835906267297576,11.65392304998726,9.451059898826813,1.0167235428315988,5.963453748688874,0.0,0.0,0.0,1.0167235428315988,0.0,0.0,7.354978058673208,5.814017308470511,4.7869248398230235,0.0,3.199523029131486,2.025013175133396,0.0,4.9863908813450175,5.202266963056356,9.56848651762803,1.0167235428315988,12.418842117600574,4.491191969602217,0.0,3.35189228210553,2.835906267297576,1.0167235428315988,1.607217754113628,1.0167235428315988,1.0167235428315988,2.612728335483991,2.612728335483991,1.0167235428315988,5.241820023663736,2.3485934959665444,5.390005397951601,5.915341184530443,0.0,0.0,10.03181374116391,5.840023195119067,0.0,1.0167235428315988,11.723243469037753,15.210012088131831,3.615475753043915,0.0,0.0,1.0167235428315988,10.150868958285049,2.835906267297576,2.3485934959665444,1.607217754113628,1.607217754113628,0.0,1.0167235428315988,1.607217754113628,1.607217754113628,2.025013175133396,5.076653008090932,1.607217754113628,0.0,1.0167235428315988,0.0,1.0167235428315988,2.025013175133396,3.937952704150559,1.0167235428315988,7.2029521318708785,1.607217754113628,0.0,3.937952704150559,0.0,3.838260235842553,2.3485934959665444,1.0167235428315988,0.0,2.025013175133396,1.607217754113628,0.0,5.390005397951601,8.5915889565397,3.199523029131486,1.607217754113628,8.949066760599276,0.0,1.0167235428315988,1.0167235428315988,1.0167235428315988,0.0,1.607217754113628,2.3485934959665444,2.3485934959665444,0.0,8.327771495089547,8.425475024667328,9.399527850382013,4.491191969602217,4.20135289816161,1.0167235428315988,1.607217754113628,0.0,2.3485934959665444,0.0,2.025013175133396,1.0167235428315988,6.691141397812677,2.025013175133396,2.612728335483991,4.20135289816161,2.835906267297576,0.0,3.35189228210553
GSM5016132,3.861132711943372,5.570318953777783,1.4283910868925938,6.419087070391465,3.241431353629704,0.8841930587249023,7.598624901162475,0.8841930587249023,0.0,0.0,0.0,1.4283910868925938,6.065380437140481,2.3864412066259684,2.602739957880862,1.4283910868925938,0.0,3.3649997950765496,0.8841930587249023,2.1318949282089217,8.536948861217695,6.714589404472281,5.013108580298563,0.0,0.0,2.790797832690447,2.602739957880862,0.8841930587249023,2.790797832690447,4.522873751214849,2.602739957880862,5.0504065532107045,1.4283910868925938,0.0,0.8841930587249023,2.3864412066259684,1.822606115064163,2.602739957880862,2.9571448982777406,2.9571448982777406,5.7397234162552095,0.0,0.0,2.602739957880862,2.3864412066259684,1.4283910868925938,0.8841930587249023,0.8841930587249023,0.8841930587249023,3.6826011010996926,0.8841930587249023,0.0,1.4283910868925938,0.0,0.8841930587249023,3.774626777655451,5.463764013000123,2.790797832690447,2.790797832690447,6.815532122659012,2.3864412066259684,0.0,2.1318949282089217,1.822606115064163,0.8841930587249023,0.0,0.0,1.4283910868925938,2.602739957880862,3.9427437550111577,6.360895676754354,2.790797832690447,7.1348962602583725,2.602739957880862,9.299722211099494,2.9571448982777406,7.742305758740869,0.0,4.7209328293704775,0.0,6.170756009607819,0.8841930587249023,3.584302977636155,1.4283910868925938,2.790797832690447,0.0,0.8841930587249023,0.0,5.828284001299322,2.1318949282089217,2.3864412066259684,0.8841930587249023,0.8841930587249023,1.4283910868925938,2.790797832690447,2.1318949282089217,0.8841930587249023,3.774626777655451,2.602739957880862,1.822606115064163,2.9571448982777406,0.8841930587249023,3.584302977636155,6.702924828024073,2.602739957880862,0.0,5.8913099432587295,0.8841930587249023,0.8841930587249023,0.0,2.1318949282089217,0.8841930587249023,2.1318949282089217,3.3649997950765496,2.1318949282089217,0.8841930587249023,0.8841930587249023,0.8841930587249023,0.8841930587249023,0.0,1.4283910868925938,0.0,1.4283910868925938,1.822606115064163,0.8841930587249023,6.136478945190204,1.4283910868925938,1.822606115064163,0.8841930587249023,0.0,0.8841930587249023,0.0,3.584302977636155,1.4283910868925938,0.8841930587249023,2.3864412066259684,0.0,5.669542326488195,3.584302977636155,3.478814398256546,0.8841930587249023,2.9571448982777406,6.815532122659012,5.287543890688883,4.229616467523605,1.822606115064163,2.790797832690447,0.8841930587249023,6.4750220224877095,3.6826011010996926,1.4283910868925938,0.0,1.4283910868925938,1.4283910868925938,0.0,1.822606115064163,0.0,0.0,5.086764513298918,1.4283910868925938,8.486813384252509,0.8841930587249023,4.974820694664824,0.0,4.163067084764158,0.8841930587249023,1.4283910868925938,3.584302977636155,0.0,1.4283910868925938,0.0,0.8841930587249023,3.6826011010996926,3.478814398256546,0.8841930587249023,1.4283910868925938,1.4283910868925938,4.412616728150487,10.008786865600417,9.295844946885042,0.0,4.163067084764158,0.8841930587249023,0.0,0.8841930587249023,0.0,0.8841930587249023,3.478814398256546,4.229616467523605,8.486813384252509,6.655299893737557,0.0,4.974820694664824,3.241431353629704,0.0,0.8841930587249023,0.8841930587249023,3.478814398256546,0.8841930587249023,7.792699480437391,1.822606115064163,0.0,2.3864412066259684,1.4283910868925938,0.0,0.0,0.0,0.0,0.0,1.4283910868925938,0.0,6.170756009607819,2.1318949282089217,4.468798273543656,6.9695027760160695,2.3864412066259684,1.4283910868925938,8.830223828057694,3.774626777655451,1.822606115064163,1.822606115064163,6.390284748876917,9.718538529266366,0.8841930587249023,0.8841930587249023,0.0,0.0,4.673908398259347,1.4283910868925938,0.8841930587249023,0.0,2.3864412066259684,0.0,4.163067084764158,3.241431353629704,0.0,2.1318949282089217,5.990595619198019,1.4283910868925938,0.0,1.822606115064163,1.4283910868925938,0.0,0.8841930587249023,3.241431353629704,2.790797832690447,1.822606115064163,1.4283910868925938,0.0,3.9427437550111577,2.790797832690447,6.153719273818054,3.241431353629704,0.8841930587249023,0.0,1.4283910868925938,1.4283910868925938,0.0,4.163067084764158,6.815532122659012,2.3864412066259684,2.3864412066259684,7.388957498469361,0.8841930587249023,3.241431353629704,0.0,0.0,0.0,0.0,0.8841930587249023,0.0,1.4283910868925938,9.236399711608364,5.378342864363171,6.58077832878221,2.790797832690447,0.8841930587249023,2.602739957880862,0.0,2.790797832690447,2.3864412066259684,1.822606115064163,0.8841930587249023,0.8841930587249023,6.593468984905546,2.1318949282089217,7.202727515871082,2.1318949282089217,4.895054718218396,1.4283910868925938,1.822606115064163
GSM5016208,1.0100295916841444,3.1877074650200563,1.5983198546814574,3.8259261574869985,1.0100295916841444,0.0,6.634497196506939,0.0,0.0,0.0,1.0100295916841444,1.5983198546814574,4.188811624902198,0.0,0.0,0.0,2.6016399587058703,6.286518637276457,1.5983198546814574,0.0,5.826990315878667,1.0100295916841444,5.228906661883341,5.445792943313609,4.34092508787119,1.0100295916841444,1.0100295916841444,0.0,3.6032971498729167,8.390617368393468,2.3379421430358094,4.973545717257411,4.4785189076790095,0.0,0.0,2.0150183610503296,0.0,2.0150183610503296,0.0,2.6016399587058703,3.4776156926822095,1.0100295916841444,1.5983198546814574,2.3379421430358094,1.0100295916841444,0.0,0.0,0.0,1.0100295916841444,0.0,1.5983198546814574,0.0,0.0,0.0,0.0,0.0,4.604125032160901,0.0,0.0,3.1877074650200563,0.0,0.0,0.0,6.377299824613082,0.0,0.0,0.0,0.0,2.3379421430358094,0.0,0.0,0.0,7.14913114828364,3.9255564546867143,7.479308757207093,2.6016399587058703,1.0100295916841444,1.0100295916841444,0.0,0.0,7.14913114828364,3.6032971498729167,2.3379421430358094,2.3379421430358094,0.0,2.0150183610503296,0.0,0.0,0.0,0.0,0.0,0.0,2.6016399587058703,0.0,2.0150183610503296,0.0,0.0,4.106284537516421,0.0,2.0150183610503296,3.4776156926822095,2.0150183610503296,0.0,3.8259261574869985,0.0,1.5983198546814574,8.709939841537619,2.8245060575074277,2.6016399587058703,0.0,1.5983198546814574,1.5983198546814574,0.0,0.0,0.0,0.0,0.0,2.3379421430358094,1.5983198546814574,0.0,2.0150183610503296,0.0,1.5983198546814574,0.0,1.5983198546814574,0.0,1.0100295916841444,0.0,0.0,0.0,0.0,2.8245060575074277,2.6016399587058703,2.0150183610503296,2.6016399587058703,2.8245060575074277,0.0,4.4785189076790095,2.8245060575074277,3.9255564546867143,0.0,2.0150183610503296,4.973545717257411,1.0100295916841444,0.0,0.0,2.0150183610503296,1.0100295916841444,0.0,0.0,2.3379421430358094,0.0,2.0150183610503296,2.8245060575074277,0.0,4.826635683623494,2.3379421430358094,0.0,3.4776156926822095,0.0,5.228906661883341,0.0,4.34092508787119,0.0,3.4776156926822095,0.0,3.017506291515476,2.0150183610503296,0.0,5.543120263324688,1.0100295916841444,1.0100295916841444,0.0,0.0,0.0,0.0,0.0,0.0,6.3235193729815,7.788083196211103,0.0,3.017506291515476,0.0,0.0,0.0,0.0,0.0,0.0,2.3379421430358094,5.826990315878667,2.6016399587058703,0.0,0.0,0.0,0.0,1.0100295916841444,1.0100295916841444,1.5983198546814574,0.0,4.106284537516421,0.0,0.0,4.604125032160901,4.926218646512063,3.1877074650200563,2.0150183610503296,2.6016399587058703,4.604125032160901,4.4785189076790095,4.926218646512063,5.478970303215519,1.0100295916841444,0.0,1.0100295916841444,3.4776156926822095,0.0,0.0,8.229376235135334,0.0,0.0,0.0,2.0150183610503296,2.8245060575074277,1.5983198546814574,0.0,1.5983198546814574,2.6016399587058703,4.774141991205307,5.973866018832645,0.0,0.0,1.5983198546814574,0.0,0.0,1.5983198546814574,0.0,1.0100295916841444,3.1877074650200563,0.0,0.0,0.0,0.0,1.0100295916841444,0.0,5.411834615533722,1.0100295916841444,0.0,1.0100295916841444,0.0,1.0100295916841444,0.0,2.0150183610503296,1.5983198546814574,1.0100295916841444,0.0,2.0150183610503296,0.0,0.0,4.106284537516421,9.045091396887392,2.3379421430358094,0.0,9.162061859363313,0.0,0.0,1.0100295916841444,2.3379421430358094,0.0,0.0,1.0100295916841444,0.0,3.017506291515476,3.4776156926822095,0.0,1.5983198546814574,3.017506291515476,0.0,0.0,0.0,0.0,2.0150183610503296,2.0150183610503296,0.0,1.5983198546814574,4.106284537516421,0.0,4.018748649680191,3.1877074650200563,1.0100295916841444,0.0,4.411361714402504
GSM5016134,2.444960737926547,6.958283055400433,1.6882045962534675,7.586011499429834,3.949217589773208,1.07811592060767,7.610829132386876,0.0,1.6882045962534675,1.07811592060767,0.0,0.0,6.056699422888375,2.1156429654533984,0.0,1.07811592060767,1.07811592060767,4.790284611890353,1.6882045962534675,3.1340466700188663,9.997551579126554,7.569226014339046,5.2773681374018,5.506242759210443,4.537640321474272,3.4596275006310706,3.30600211074431,0.0,5.192228347170104,4.605068672644025,0.0,3.1340466700188663,4.4669053437095965,1.07811592060767,1.07811592060767,3.1340466700188663,0.0,4.049445973773698,2.444960737926547,1.6882045962534675,5.60836317979221,1.07811592060767,0.0,2.444960737926547,2.1156429654533984,1.6882045962534675,1.07811592060767,0.0,0.0,4.901745621374088,1.6882045962534675,0.0,1.6882045962534675,2.1156429654533984,0.0,4.392522631823167,5.734168264847938,1.07811592060767,1.6882045962534675,4.731149161966712,3.30600211074431,4.847091268183965,7.350907827848061,8.070484719666453,8.105832241174667,1.07811592060767,3.598457002287786,2.1156429654533984,4.392522631823167,9.599094805899847,9.75936365453386,3.1340466700188663,6.007706656268712,3.598457002287786,8.82782234059732,1.6882045962534675,7.116846676394251,1.6882045962534675,5.640857783373008,1.6882045962534675,8.427876881164714,2.1156429654533984,6.508007741315771,5.101747219859231,3.30600211074431,0.0,2.9387868212742156,1.07811592060767,4.392522631823167,2.7129006506185314,2.7129006506185314,0.0,1.07811592060767,0.0,2.7129006506185314,1.07811592060767,0.0,5.54109227311905,3.30600211074431,2.1156429654533984,1.6882045962534675,0.0,4.049445973773698,6.508007741315771,4.23115842971542,0.0,6.379109786861036,1.07811592060767,1.6882045962534675,0.0,0.0,2.444960737926547,2.444960737926547,4.537640321474272,1.07811592060767,1.07811592060767,1.6882045962534675,0.0,3.4596275006310706,2.1156429654533984,0.0,0.0,3.1340466700188663,2.1156429654533984,0.0,3.4596275006310706,2.7129006506185314,2.9387868212742156,0.0,1.07811592060767,1.07811592060767,1.07811592060767,3.1340466700188663,0.0,1.07811592060767,1.6882045962534675,0.0,6.417127733695402,4.537640321474272,6.359718397516119,1.6882045962534675,2.7129006506185314,5.470530543668297,3.598457002287786,3.4596275006310706,1.07811592060767,3.4596275006310706,0.0,3.949217589773208,0.0,2.1156429654533984,0.0,1.07811592060767,0.0,0.0,1.07811592060767,0.0,0.0,6.674209408593297,0.0,9.100293328062008,1.6882045962534675,4.314095411697379,0.0,4.23115842971542,1.07811592060767,1.6882045962534675,2.7129006506185314,0.0,2.1156429654533984,0.0,0.0,4.392522631823167,3.725091935766513,0.0,1.07811592060767,2.444960737926547,4.314095411697379,8.301456917999422,8.987952770098682,1.07811592060767,7.932921474344858,0.0,1.07811592060767,1.07811592060767,0.0,0.0,2.1156429654533984,2.1156429654533984,8.491622621418875,7.162325511324908,0.0,5.2773681374018,3.841502691053487,1.07811592060767,3.725091935766513,3.725091935766513,9.491845610469904,3.598457002287786,7.913103910965781,1.07811592060767,0.0,1.6882045962534675,4.23115842971542,2.1156429654533984,1.6882045962534675,2.444960737926547,5.005209440175404,4.669485787789196,3.841502691053487,4.4669053437095965,4.954404829015398,1.07811592060767,3.725091935766513,8.021965784622049,3.4596275006310706,0.0,9.476173719252309,6.417127733695402,0.0,2.444960737926547,7.858886316124332,11.214871789932882,2.7129006506185314,1.07811592060767,1.07811592060767,2.7129006506185314,9.31938544541273,3.949217589773208,0.0,0.0,2.1156429654533984,1.07811592060767,4.392522631823167,2.444960737926547,2.9387868212742156,2.444960737926547,5.54109227311905,1.07811592060767,0.0,2.444960737926547,1.07811592060767,0.0,1.07811592060767,4.392522631823167,1.07811592060767,9.718082002781475,3.30600211074431,2.1156429654533984,1.6882045962534675,3.1340466700188663,4.731149161966712,2.444960737926547,1.07811592060767,0.0,1.6882045962534675,0.0,0.0,4.790284611890353,8.0464292086337,5.575119784795135,0.0,8.19058815633515,1.6882045962534675,4.669485787789196,0.0,0.0,0.0,0.0,1.6882045962534675,3.30600211074431,0.0,7.535057544832559,4.392522631823167,5.672636586134179,1.07811592060767,3.30600211074431,3.949217589773208,1.07811592060767,1.6882045962534675,1.07811592060767,0.0,0.0,1.6882045962534675,6.258647825659112,1.07811592060767,7.370417203603861,3.725091935766513,3.30600211074431,2.7129006506185314,2.7129006506185314
GSM5016140,3.7111361931080946,7.241699462137557,1.1057255287390808,7.213979634753192,4.403352172995753,1.4478997920396923,6.950649651984098,0.656299931605909,0.656299931605909,1.1057255287390808,0.0,0.0,6.636654370277213,2.628614625488777,2.487559183385014,0.656299931605909,0.0,3.8899455416226463,1.1057255287390808,5.592005531204708,9.449468301058756,8.746750543231117,6.741339051213364,5.152269566002175,4.403352172995753,3.352838488287966,3.5782953839681797,1.1057255287390808,5.901002254355744,5.642788437224732,2.75709877403987,5.872915886508704,4.363535790510647,0.656299931605909,0.0,3.997917424195864,0.656299931605909,2.984119862767591,1.1057255287390808,1.9561224472373129,4.55246193307163,2.628614625488777,1.1057255287390808,1.1057255287390808,1.9561224472373129,2.487559183385014,0.0,0.656299931605909,0.0,6.541726422537006,1.9561224472373129,1.4478997920396923,2.487559183385014,1.1057255287390808,0.0,2.8750701959845775,5.4085266940612655,1.9561224472373129,3.085502853158989,8.189319884520106,0.0,0.0,1.1057255287390808,10.861876508389043,8.669256954631102,1.1057255287390808,1.724275498930002,2.155817980521584,3.1802267216770796,6.930352158013624,6.234742057430482,2.3312029470266413,10.02738639062318,4.811145429803378,10.777278138857286,3.506987397061473,5.307223442995656,4.23703569740624,11.417860970085064,2.75709877403987,7.048062521090948,1.4478997920396923,6.0464037298433375,4.049016929684121,5.6593264578313445,0.656299931605909,0.0,1.1057255287390808,7.290291278377261,2.984119862767591,1.9561224472373129,0.656299931605909,0.656299931605909,2.75709877403987,2.75709877403987,1.4478997920396923,0.656299931605909,5.466061098693058,2.75709877403987,1.4478997920396923,3.431970774613907,1.724275498930002,4.47983260130137,6.717846462061132,2.8750701959845775,0.656299931605909,5.521388765248081,0.0,2.75709877403987,0.0,0.0,3.6462442170703,1.4478997920396923,2.628614625488777,1.724275498930002,0.0,1.4478997920396923,1.1057255287390808,1.724275498930002,1.4478997920396923,4.049016929684121,0.0,2.75709877403987,4.23703569740624,0.0,4.32258926699126,3.997917424195864,2.8750701959845775,1.1057255287390808,1.1057255287390808,0.656299931605909,0.656299931605909,6.189911984224842,1.4478997920396923,1.4478997920396923,2.3312029470266413,1.1057255287390808,6.256645298816873,4.192277955981965,5.3280611578998185,1.1057255287390808,4.621609482434374,6.6449823102546315,3.9449413297064657,4.098368260296109,1.1057255287390808,2.8750701959845775,1.1057255287390808,6.166963498361659,3.5782953839681797,1.724275498930002,1.4478997920396923,0.0,0.0,0.656299931605909,0.0,1.1057255287390808,0.0,4.442099127221363,0.0,7.795699358943987,0.656299931605909,3.8327699349733177,0.0,4.280446568130396,1.1057255287390808,2.628614625488777,5.609132554192144,0.0,2.75709877403987,0.0,0.656299931605909,2.8750701959845775,3.506987397061473,0.0,1.1057255287390808,1.1057255287390808,3.7111361931080946,9.95220075573997,8.801790333963426,1.1057255287390808,9.267268445031284,0.0,0.656299931605909,1.4478997920396923,0.656299931605909,1.724275498930002,3.1802267216770796,8.38348163293115,8.75831164957115,6.950649651984098,0.656299931605909,5.104758194775866,3.7732345534565215,0.656299931605909,3.7111361931080946,3.7732345534565215,5.80021040161985,2.3312029470266413,9.690798942273087,2.628614625488777,0.656299931605909,2.155817980521584,5.080402580001863,1.724275498930002,2.487559183385014,2.3312029470266413,3.506987397061473,4.192277955981965,4.840448064206565,5.6918443997453005,4.587449943424206,1.724275498930002,4.442099127221363,6.937149768596689,3.5782953839681797,1.724275498930002,9.48120982205867,8.070692308528656,1.4478997920396923,4.32258926699126,7.850737681786794,11.26719830924308,4.403352172995753,1.1057255287390808,1.4478997920396923,1.9561224472373129,9.991100121441216,1.1057255287390808,1.4478997920396923,1.1057255287390808,0.656299931605909,0.0,4.55246193307163,3.9449413297064657,7.072965528562503,2.3312029470266413,5.539369642112632,1.724275498930002,0.656299931605909,7.603981532581492,0.0,0.0,0.0,5.609132554192144,2.8750701959845775,3.1802267216770796,2.984119862767591,1.9561224472373129,4.363535790510647,2.984119862767591,5.739287020409906,2.984119862767591,1.1057255287390808,0.0,0.656299931605909,0.0,0.0,4.654978878566144,7.974847017675813,0.656299931605909,2.984119862767591,8.192164113824642,2.3312029470266413,3.085502853158989,0.0,0.656299931605909,0.0,0.656299931605909,2.155817980521584,1.9561224472373129,0.0,9.23038758956407,5.388827128694805,6.619852869028471,4.363535790510647,3.085502853158989,2.984119862767591,0.0,0.0,3.7111361931080946,1.724275498930002,1.4478997920396923,1.4478997920396923,5.3280611578998185,1.724275498930002,7.079124689428994,2.487559183385014,3.5782953839681797,2.487559183385014,1.9561224472373129
GSM5016083,1.740509653881933,3.453057982696527,1.9733963319302756,4.070847863128621,3.37380516134242,0.0,6.708915399131127,0.0,0.6648313925202088,0.0,0.6648313925202088,1.4626538506246085,4.803620573635125,1.1182041895981816,0.6648313925202088,1.1182041895981816,0.0,4.833547936210155,0.6648313925202088,1.740509653881933,8.95487677686269,1.1182041895981816,6.482087212823773,5.151274176344438,3.966668048971832,0.0,0.0,0.6648313925202088,6.617262839921873,5.895746072829685,0.0,2.349841054376193,5.329864836003633,0.0,0.6648313925202088,0.0,1.1182041895981816,0.0,1.4626538506246085,2.1738623086899147,2.1738623086899147,1.1182041895981816,1.740509653881933,1.4626538506246085,0.6648313925202088,1.1182041895981816,1.1182041895981816,0.6648313925202088,0.6648313925202088,3.7325994464903616,1.1182041895981816,0.0,0.0,0.6648313925202088,0.0,1.740509653881933,4.609714732076055,0.6648313925202088,1.4626538506246085,5.001140084917272,0.0,1.1182041895981816,0.0,5.964981063863099,2.349841054376193,0.0,0.0,0.6648313925202088,1.4626538506246085,2.648108017888686,2.349841054376193,0.6648313925202088,6.667975443690783,3.106009673111125,8.39664686251634,0.6648313925202088,3.2899443130827777,2.1738623086899147,6.987063191839037,0.0,7.0329275692142375,4.502023125642442,2.506668919792437,1.4626538506246085,2.8951499608080176,2.8951499608080176,0.0,1.740509653881933,2.648108017888686,0.0,0.0,0.0,2.1738623086899147,1.9733963319302756,6.546748033297583,1.4626538506246085,0.0,3.5995887617355407,0.6648313925202088,3.5281829168468843,0.6648313925202088,1.740509653881933,0.0,4.803620573635125,1.1182041895981816,0.6648313925202088,7.8846220810401455,1.9733963319302756,2.776910363999822,0.0,1.1182041895981816,2.506668919792437,0.6648313925202088,3.2899443130827777,0.0,0.0,1.740509653881933,1.4626538506246085,1.1182041895981816,2.349841054376193,1.740509653881933,0.6648313925202088,2.349841054376193,1.1182041895981816,2.506668919792437,4.168008663092871,2.1738623086899147,1.1182041895981816,0.0,1.4626538506246085,0.0,1.9733963319302756,4.120246041407945,0.6648313925202088,4.538820790079229,2.1738623086899147,1.1182041895981816,6.018072063169518,3.7325994464903616,4.91977620769127,1.4626538506246085,3.9116140764935174,5.6820938978463795,1.1182041895981816,3.7325994464903616,1.4626538506246085,0.6648313925202088,2.1738623086899147,2.8951499608080176,0.0,2.506668919792437,2.506668919792437,3.5995887617355407,3.2899443130827777,1.9733963319302756,3.2899443130827777,0.6648313925202088,1.9733963319302756,4.91977620769127,0.0,7.974666480226799,0.0,4.64389670811016,1.1182041895981816,6.384377969452598,1.9733963319302756,3.667626442841201,2.8951499608080176,1.1182041895981816,4.609714732076055,1.9733963319302756,1.740509653881933,7.242635139615926,0.0,0.0,0.6648313925202088,1.740509653881933,3.2009063251801946,7.459673501608977,8.601858172231323,0.0,3.004428715973317,0.0,0.0,0.0,1.740509653881933,0.0,1.1182041895981816,4.709922949996269,4.344660809956638,4.862867079153017,0.0,3.966668048971832,2.1738623086899147,0.6648313925202088,0.6648313925202088,0.6648313925202088,4.425486446693813,1.1182041895981816,7.780921816324379,0.6648313925202088,1.1182041895981816,3.2899443130827777,1.4626538506246085,2.506668919792437,2.349841054376193,2.648108017888686,2.349841054376193,2.8951499608080176,5.102944870129302,3.2009063251801946,2.776910363999822,1.4626538506246085,2.8951499608080176,6.573596591850375,1.1182041895981816,1.740509653881933,7.57045308090898,4.385639576879562,0.0,1.740509653881933,3.966668048971832,5.99177076751435,0.0,0.6648313925202088,0.6648313925202088,2.506668919792437,6.3011474588384955,6.443793903151483,0.0,0.6648313925202088,1.4626538506246085,1.740509653881933,1.9733963319302756,2.1738623086899147,2.349841054376193,1.4626538506246085,3.79477200305746,0.0,1.1182041895981816,1.1182041895981816,0.6648313925202088,0.0,3.854375578381218,5.507449189246789,3.004428715973317,3.9116140764935174,1.9733963319302756,1.1182041895981816,1.1182041895981816,1.4626538506246085,5.909861431215955,4.259036841346357,1.4626538506246085,0.0,2.8951499608080176,1.1182041895981816,1.4626538506246085,6.332924234767854,11.21816237317326,3.004428715973317,0.6648313925202088,11.154752260706063,0.0,1.740509653881933,0.6648313925202088,3.106009673111125,0.0,0.0,0.6648313925202088,0.6648313925202088,0.0,5.852551954743217,4.464262271832839,5.450649009713557,3.2009063251801946,0.0,1.740509653881933,1.1182041895981816,0.6648313925202088,1.740509653881933,0.0,0.0,1.4626538506246085,4.385639576879562,3.004428715973317,0.0,5.078159213474411,2.1738623086899147,0.6648313925202088,3.5281829168468843
GSM5016027,1.7373616616070506,10.612973209155513,6.468164935707466,8.627490140314356,11.167565444076084,9.802004066350827,15.353000073539455,5.346326704294201,7.361043670813093,0.0,0.0,0.0,3.3697448440647104,0.0,0.0,1.1157818943325597,0.0,12.375831410879712,8.601716059517653,1.1157818943325597,17.843849954881254,0.0,4.5345199318896245,6.242144288132304,4.737510158868976,0.0,0.0,6.40995005857288,1.1157818943325597,6.307379834569,1.7373616616070506,2.5029662909384673,6.505709468759061,1.1157818943325597,0.0,0.0,0.0,1.7373616616070506,0.0,6.612814187787346,9.9641838282773,0.0,5.022916185152348,7.5345412971917956,0.0,0.0,0.0,0.0,0.0,0.0,0.0,2.1703650696653844,0.0,7.858544334257805,0.0,4.605404588755817,8.54874397789804,0.0,9.285967089694896,1.7373616616070506,2.5029662909384673,3.0004950673137634,3.0004950673137634,19.394708837963005,21.11849935451689,7.163792179702607,17.141796481149118,4.6729689361535485,12.68081531599056,18.83885308983122,4.915430412216638,9.512647001242588,6.560255522984039,1.7373616616070506,11.938429832374226,7.672988346443841,0.0,4.737510158868976,5.346326704294201,2.5029662909384673,17.869438556405015,0.0,2.5029662909384673,2.1703650696653844,1.1157818943325597,0.0,0.0,3.1969012797688543,1.7373616616070506,10.488405417254514,1.1157818943325597,1.1157818943325597,1.7373616616070506,4.6729689361535485,3.663486131505252,4.5345199318896245,2.5029662909384673,17.374756231599072,2.5029662909384673,6.9892460100485945,1.1157818943325597,3.790601815847123,1.1157818943325597,10.249283560351842,10.678138271779885,0.0,3.0004950673137634,0.0,7.091556160421788,6.307379834569,0.0,0.0,1.7373616616070506,7.588027844197703,5.465439018480507,7.002438651061391,4.5345199318896245,0.0,1.7373616616070506,0.0,3.1969012797688543,1.1157818943325597,0.0,0.0,1.1157818943325597,2.5029662909384673,0.0,10.23538273903417,5.073797957309431,1.1157818943325597,7.175487545198471,1.1157818943325597,7.350764859426636,6.893356782898253,0.0,0.0,0.0,15.57837319650898,13.68313976318126,4.209988566091075,2.7730724984191726,14.28642548090693,7.996801643147988,8.05494185738037,7.78410717081275,1.1157818943325597,0.0,1.1157818943325597,8.960566573540918,1.7373616616070506,6.612814187787346,0.0,0.0,0.0,1.1157818943325597,9.784927337569313,1.1157818943325597,7.21001532090309,3.0004950673137634,1.1157818943325597,13.105573892896045,0.0,2.7730724984191726,5.862676777881155,4.29821756300405,1.7373616616070506,2.1703650696653844,3.663486131505252,0.0,1.1157818943325597,0.0,1.7373616616070506,11.229183843891011,1.1157818943325597,1.1157818943325597,0.0,1.1157818943325597,7.391447874225624,11.501324488588084,12.007534487457614,4.5345199318896245,21.37678966464138,0.0,3.790601815847123,2.1703650696653844,0.0,0.0,1.7373616616070506,0.0,10.042908620712293,7.936219646768654,0.0,6.026619393606532,4.5345199318896245,1.7373616616070506,0.0,0.0,1.1157818943325597,9.542306990527257,8.048596336491176,1.1157818943325597,0.0,4.116010359799047,5.773144933652912,3.3697448440647104,4.605404588755817,4.015481128715557,4.605404588755817,6.242144288132304,6.5241215848454575,6.7125140876335365,3.1969012797688543,6.102095565927631,5.346326704294201,10.510505301449957,1.1157818943325597,0.0,12.062105603544667,5.803610430599097,0.0,1.1157818943325597,2.1703650696653844,5.21648795674408,0.0,0.0,1.7373616616070506,3.790601815847123,4.799287245614791,5.387133308609324,1.1157818943325597,2.5029662909384673,2.5029662909384673,10.11604248485384,1.1157818943325597,9.974262581082606,9.067999083741515,6.126401610069898,7.350764859426636,0.0,0.0,4.799287245614791,0.0,5.022916185152348,1.1157818943325597,4.6729689361535485,2.5029662909384673,1.1157818943325597,9.606353200301667,6.102095565927631,1.7373616616070506,3.663486131505252,6.595506514909917,4.799287245614791,1.1157818943325597,1.1157818943325597,6.879122842528273,5.21648795674408,3.907418661370308,6.82073973385858,8.421927705177488,1.1157818943325597,0.0,8.193678473361551,0.0,1.1157818943325597,0.0,2.1703650696653844,0.0,0.0,8.299008466298663,6.487059330623829,1.7373616616070506,5.891327173859596,1.7373616616070506,1.7373616616070506,4.015481128715557,0.0,0.0,0.0,5.073797957309431,4.915430412216638,3.3697448440647104,2.1703650696653844,1.7373616616070506,10.592399388253517,1.1157818943325597,5.21648795674408,1.7373616616070506,2.7730724984191726,1.1157818943325597,3.790601815847123
GSM5016049,4.095543167377837,6.4403304989586845,3.88714769864709,6.738366692633812,3.552170602839027,1.3407918384307596,6.98525048043696,0.8208541458701165,0.0,0.0,0.8208541458701165,0.0,6.20580093682553,2.9814989810926305,1.722183808191531,1.722183808191531,1.3407918384307596,6.388478235425407,1.3407918384307596,2.023541390744677,7.944064761278277,5.772191976056343,8.133166881227853,5.5063413046289735,4.629939220950608,2.023541390744677,2.4850942093166113,0.8208541458701165,3.115119010400936,8.338406965324841,1.3407918384307596,5.268888118346107,5.600507452972086,0.0,0.0,2.272697347410618,2.023541390744677,1.722183808191531,3.2374056424803657,2.023541390744677,3.81040975030127,3.6434836526248624,0.8208541458701165,3.552170602839027,2.834228228173027,3.6434836526248624,0.0,0.8208541458701165,0.0,2.4850942093166113,0.8208541458701165,0.8208541458701165,2.023541390744677,0.0,0.8208541458701165,3.7293596154963504,4.489327275626996,3.552170602839027,1.722183808191531,4.537736745475614,2.4850942093166113,4.219430675708998,6.799204121702119,2.023541390744677,0.0,0.0,0.0,0.8208541458701165,2.272697347410618,2.272697347410618,4.333515882483137,2.272697347410618,5.623119020105346,4.158816325962204,9.227853272323037,2.023541390744677,4.333515882483137,2.4850942093166113,10.0790802218959,1.3407918384307596,7.325727418477917,3.552170602839027,5.850934697761289,3.4546851708816377,3.81040975030127,1.722183808191531,0.8208541458701165,0.0,5.239920107164891,0.8208541458701165,2.9814989810926305,0.8208541458701165,0.8208541458701165,1.3407918384307596,2.9814989810926305,0.8208541458701165,1.3407918384307596,3.81040975030127,1.3407918384307596,3.960009224320411,2.4850942093166113,2.4850942093166113,1.3407918384307596,5.996592655109967,0.8208541458701165,1.3407918384307596,6.414637309052226,1.3407918384307596,1.722183808191531,0.0,1.3407918384307596,0.8208541458701165,0.8208541458701165,3.960009224320411,0.8208541458701165,0.0,0.8208541458701165,1.3407918384307596,0.8208541458701165,0.8208541458701165,2.272697347410618,0.0,1.722183808191531,2.023541390744677,2.023541390744677,6.949911214541173,2.023541390744677,3.88714769864709,2.023541390744677,0.0,0.8208541458701165,0.0,4.333515882483137,0.8208541458701165,4.219430675708998,1.722183808191531,0.8208541458701165,5.731148004333761,3.88714769864709,4.673920911345161,1.722183808191531,4.158816325962204,6.867083209354299,3.960009224320411,3.2374056424803657,1.722183808191531,1.722183808191531,0.8208541458701165,2.6701969062698403,0.0,3.81040975030127,0.0,1.722183808191531,0.8208541458701165,0.0,5.210358505414186,1.3407918384307596,0.0,5.239920107164891,1.3407918384307596,8.75403815872845,0.8208541458701165,3.7293596154963504,0.0,5.623119020105346,0.8208541458701165,2.834228228173027,3.3501320155089673,0.8208541458701165,3.115119010400936,0.0,1.3407918384307596,2.834228228173027,2.023541390744677,0.0,1.3407918384307596,0.8208541458701165,5.239920107164891,10.665641742434651,9.102708725895496,0.8208541458701165,0.8208541458701165,0.8208541458701165,0.0,0.8208541458701165,0.0,0.0,2.023541390744677,7.506863373484635,8.769323659638427,7.210999433931317,0.0,5.239920107164891,3.88714769864709,0.0,3.115119010400936,3.4546851708816377,5.297285908806513,1.722183808191531,8.321223831742875,2.023541390744677,0.0,3.6434836526248624,5.37927195735101,2.023541390744677,3.4546851708816377,2.9814989810926305,4.219430675708998,4.333515882483137,5.869966706293881,5.180178476455507,5.5063413046289735,0.8208541458701165,3.960009224320411,6.619696790764211,2.272697347410618,0.0,8.709828485883069,5.812100495366573,1.3407918384307596,0.0,5.907293680187259,9.053612183859222,1.722183808191531,0.8208541458701165,2.023541390744677,2.023541390744677,8.296818343410992,5.979169582123234,0.8208541458701165,0.0,2.4850942093166113,0.0,3.3501320155089673,2.023541390744677,0.8208541458701165,2.9814989810926305,4.7983514060972805,0.8208541458701165,0.0,1.3407918384307596,0.0,0.0,0.0,6.949911214541173,4.629939220950608,1.3407918384307596,1.3407918384307596,0.0,0.0,2.023541390744677,5.888750910377575,3.81040975030127,1.3407918384307596,0.8208541458701165,4.095543167377837,0.8208541458701165,1.3407918384307596,6.674850412563671,10.14696996488066,2.023541390744677,0.8208541458701165,10.323888456595776,1.3407918384307596,4.095543167377837,0.8208541458701165,2.272697347410618,0.8208541458701165,1.3407918384307596,0.8208541458701165,1.3407918384307596,0.8208541458701165,9.934023518287184,4.029367202443481,5.600507452972086,4.158816325962204,2.4850942093166113,1.722183808191531,2.023541390744677,1.722183808191531,3.552170602839027,0.0,0.0,0.0,5.961533520135507,1.722183808191531,5.850934697761289,3.88714769864709,1.3407918384307596,2.023541390744677,2.023541390744677
GSM5016174,3.1173805796241565,4.947633889711488,4.0317671564408,4.305146754662141,3.1173805796241565,0.0,6.679784839291481,0.8899587493403237,0.0,0.8899587493403237,0.0,0.8899587493403237,6.541287136192596,1.436293133606286,0.0,2.1415938420125538,0.0,3.5958140287886047,1.436293133606286,0.8899587493403237,8.941182047581178,4.174922706586433,7.295737110639618,5.60806688198371,4.174922706586433,0.0,0.0,0.0,2.9680880043163453,5.448113227244654,1.83162167157315,5.5826093666789065,4.10511983099548,0.0,1.83162167157315,0.0,0.0,0.0,4.241503557042296,2.1415938420125538,4.86557559060542,4.10511983099548,2.3966022291370788,0.8899587493403237,0.8899587493403237,1.436293133606286,0.0,0.0,0.0,6.528011379350321,0.8899587493403237,0.0,1.436293133606286,1.83162167157315,0.0,3.2526626126496896,4.534883443188586,0.0,2.3966022291370788,2.1415938420125538,3.2526626126496896,4.4807871918612925,7.0670278145131205,0.8899587493403237,0.0,0.0,0.0,1.436293133606286,2.801544004892439,1.83162167157315,3.5958140287886047,1.436293133606286,5.235891493756498,4.685972150555173,8.137900579629017,1.436293133606286,2.613234319254283,2.9680880043163453,9.302542965509987,0.0,7.190130193110795,1.436293133606286,6.541287136192596,4.733012289820274,2.9680880043163453,0.0,0.8899587493403237,0.0,3.3763396358498197,2.1415938420125538,2.613234319254283,0.8899587493403237,0.8899587493403237,1.83162167157315,2.9680880043163453,1.83162167157315,0.0,3.2526626126496896,2.3966022291370788,1.83162167157315,0.0,3.69418083639236,0.0,3.490246340640927,1.436293133606286,0.0,8.267368791162477,2.801544004892439,1.83162167157315,1.436293133606286,0.0,2.1415938420125538,0.0,1.436293133606286,0.8899587493403237,1.436293133606286,2.9680880043163453,2.1415938420125538,2.1415938420125538,0.8899587493403237,1.83162167157315,0.8899587493403237,1.436293133606286,0.0,0.0,4.733012289820274,0.0,5.360953716987075,1.83162167157315,0.0,1.83162167157315,0.0,4.534883443188586,0.0,1.83162167157315,0.0,0.0,5.752042977906862,3.1173805796241565,6.952446933468669,1.83162167157315,2.801544004892439,5.06258281045261,1.83162167157315,3.3763396358498197,2.801544004892439,2.613234319254283,0.0,0.8899587493403237,0.0,2.801544004892439,0.0,0.8899587493403237,1.436293133606286,0.0,1.83162167157315,1.436293133606286,0.0,4.534883443188586,0.8899587493403237,7.906135859001605,1.83162167157315,4.424583222621677,0.0,3.69418083639236,1.83162167157315,2.801544004892439,3.3763396358498197,0.0,2.613234319254283,0.0,0.8899587493403237,2.1415938420125538,2.1415938420125538,0.8899587493403237,0.8899587493403237,0.0,4.305146754662141,7.138652657044014,9.755489525935843,0.8899587493403237,3.954484199884464,0.0,2.3966022291370788,0.0,1.436293133606286,0.0,1.436293133606286,5.9240670871423315,8.295062638935322,5.964048911179702,1.436293133606286,4.174922706586433,2.1415938420125538,0.0,1.83162167157315,1.83162167157315,8.061638070041187,0.8899587493403237,9.028619530607775,2.1415938420125538,0.0,2.3966022291370788,5.06258281045261,2.1415938420125538,3.69418083639236,3.1173805796241565,3.69418083639236,3.954484199884464,4.822727108936619,4.305146754662141,3.490246340640927,2.3966022291370788,0.8899587493403237,6.148854754948155,2.3966022291370788,2.3966022291370788,7.936597997620037,4.534883443188586,0.0,0.0,9.33339682718128,12.70141026469814,0.0,2.613234319254283,1.436293133606286,2.801544004892439,8.019570216571232,3.1173805796241565,1.436293133606286,0.8899587493403237,0.0,2.3966022291370788,3.69418083639236,2.801544004892439,2.613234319254283,2.1415938420125538,4.305146754662141,0.0,0.8899587493403237,0.0,0.0,0.0,0.8899587493403237,4.305146754662141,2.1415938420125538,9.7948188265509,2.1415938420125538,0.8899587493403237,1.436293133606286,3.3763396358498197,4.986976658189918,2.3966022291370788,0.0,0.8899587493403237,0.0,0.8899587493403237,0.0,4.986976658189918,8.635544945706007,0.8899587493403237,1.436293133606286,8.69911378770339,1.83162167157315,1.436293133606286,0.0,1.83162167157315,0.0,0.0,1.83162167157315,1.83162167157315,0.0,7.430266457544455,7.076177811841366,8.106985023125404,4.174922706586433,1.436293133606286,2.1415938420125538,1.436293133606286,0.0,1.436293133606286,0.0,0.0,0.8899587493403237,5.657672641266054,2.9680880043163453,2.3966022291370788,2.9680880043163453,6.593201236365299,0.8899587493403237,2.1415938420125538
GSM5016155,2.588066433092729,11.18469704357207,1.6546167740991131,6.0164903605574205,9.318220400719389,8.304228114437944,13.265797405758317,3.796013423609972,6.30484628952635,0.7791603796059953,0.0,0.0,4.818288658289021,1.6546167740991131,1.2822996232974309,1.2822996232974309,0.0,7.083562120604179,6.692187964748033,1.9502919606993925,16.269074676909565,1.2822996232974309,7.877591552974736,7.334617696111722,6.453714299379336,0.0,0.7791603796059953,6.251602495156239,6.343528005421307,6.0164903605574205,1.6546167740991131,3.1501453452685397,7.391103637324954,1.2822996232974309,0.7791603796059953,0.0,0.7791603796059953,1.2822996232974309,1.6546167740991131,5.283736121749449,5.283736121749449,1.9502919606993925,2.195555210064153,2.405118573624238,0.0,1.6546167740991131,0.0,0.7791603796059953,0.7791603796059953,0.0,0.7791603796059953,0.0,0.0,4.395864229415493,1.9502919606993925,4.781195897793284,8.402151223644145,0.7791603796059953,5.549436205416819,3.553603480368569,1.2822996232974309,0.0,0.0,16.90312633265002,19.370801297403013,7.143248893729622,16.206183899012444,3.937592655435178,7.925124504605955,16.29582720622778,4.957800252188487,5.8473559252196505,6.317855773465603,3.553603480368569,10.727991936216029,4.345932767361936,2.195555210064153,3.6390132217952136,4.924166644552771,3.796013423609972,16.508804367051894,2.8963079772087736,3.6390132217952136,1.2822996232974309,1.6546167740991131,1.2822996232974309,0.0,0.7791603796059953,2.405118573624238,8.663965353548361,0.7791603796059953,1.9502919606993925,1.9502919606993925,2.195555210064153,6.078956888147482,2.7504038306054217,3.1501453452685397,14.691091649212078,5.11512465174536,3.796013423609972,0.0,3.1501453452685397,2.405118573624238,9.159258480051609,8.922153581305995,1.2822996232974309,5.865190013928844,0.7791603796059953,6.741298577437256,3.1501453452685397,3.8685390821467656,1.6546167740991131,1.6546167740991131,6.779417820938111,2.405118573624238,5.571330010339014,4.818288658289021,0.7791603796059953,2.195555210064153,0.7791603796059953,2.195555210064153,0.0,3.028802204499248,0.0,0.7791603796059953,5.865190013928844,2.588066433092729,8.336548164673038,4.345932767361936,1.2822996232974309,4.957800252188487,0.0,7.492117219428224,4.62248238360362,1.9502919606993925,2.7504038306054217,1.2822996232974309,14.758171409150613,12.850668866363996,5.73545782226523,1.6546167740991131,12.527495247161845,7.654757106277369,6.063591987933143,7.391103637324954,3.028802204499248,0.0,1.6546167740991131,6.0164903605574205,0.0,2.195555210064153,1.2822996232974309,2.195555210064153,1.6546167740991131,0.0,2.8963079772087736,1.9502919606993925,4.395864229415493,3.6390132217952136,1.2822996232974309,10.51151600414151,2.195555210064153,4.490823915115715,2.7504038306054217,5.696142964903035,2.7504038306054217,3.2620695699596904,5.335828027181203,1.9502919606993925,4.240565876238269,0.0,2.8963079772087736,11.397266218839082,0.0,0.7791603796059953,1.6546167740991131,0.0,3.7196479482879554,8.889848093252407,10.331594410202037,3.1501453452685397,18.945567773337174,0.7791603796059953,4.5799173891748906,0.7791603796059953,1.6546167740991131,0.7791603796059953,1.6546167740991131,2.195555210064153,10.623155526687892,9.002911350238463,0.7791603796059953,7.282481270903229,5.882806333156057,0.0,0.7791603796059953,0.7791603796059953,3.6390132217952136,8.127092996731948,7.378740945141182,1.2822996232974309,0.7791603796059953,3.3659323715993157,5.900210137110788,4.854451592953162,4.663827455115613,3.7196479482879554,6.79810627869211,7.796265063950506,8.070568061083556,7.920867462848595,4.395864229415493,7.581133274374524,2.405118573624238,9.18256016640649,1.6546167740991131,2.405118573624238,11.054251070339648,7.02923046425924,0.0,0.0,3.028802204499248,5.22969262863874,0.0,0.0,3.796013423609972,4.781195897793284,5.22969262863874,4.066511187417311,0.0,0.7791603796059953,4.126892926087409,7.172191111156646,2.7504038306054217,9.535657272503837,8.31724314888339,4.490823915115715,4.743124231139,1.2822996232974309,0.0,7.328202753605015,0.0,8.330141819326927,0.7791603796059953,6.672065862383135,4.0034914547879055,2.588066433092729,8.447248849178967,0.7791603796059953,1.2822996232974309,1.6546167740991131,5.310017174325272,2.8963079772087736,1.2822996232974309,0.7791603796059953,2.195555210064153,2.7504038306054217,0.7791603796059953,6.063591987933143,9.88723606815408,4.444125224409581,1.2822996232974309,10.25249557397962,0.0,3.7196479482879554,1.2822996232974309,1.6546167740991131,1.2822996232974309,0.7791603796059953,4.924166644552771,6.16786068905701,0.7791603796059953,5.882806333156057,1.2822996232974309,1.6546167740991131,1.2822996232974309,0.7791603796059953,0.0,1.2822996232974309,1.6546167740991131,4.294211038830747,2.588066433092729,0.7791603796059953,5.310017174325272,7.514891419085759,2.405118573624238,3.462817395816271,4.0034914547879055,1.9502919606993925,1.2822996232974309,3.028802204499248
GSM5016202,0.0,2.458966746571199,1.1923254944886776,2.074854776722307,2.074854776722307,0.0,6.444748834643992,0.0,0.0,0.0,0.7159847225695186,1.5498229290022274,3.9200348645565097,0.0,0.0,1.1923254944886776,1.1923254944886776,5.814138796912633,2.458966746571199,0.0,6.124299776205303,0.7159847225695186,9.227048694070792,5.077790074860326,3.857451991019405,0.0,0.0,0.0,0.7159847225695186,10.23202451315018,3.6515537049715774,2.074854776722307,7.376335795164396,0.7159847225695186,1.5498229290022274,2.2796567219727324,0.7159847225695186,1.1923254944886776,5.374484928164884,2.762016237359861,1.1923254944886776,0.7159847225695186,0.0,2.074854776722307,0.7159847225695186,0.0,0.0,1.8360921882086856,1.5498229290022274,0.7159847225695186,0.0,1.1923254944886776,0.0,0.0,0.7159847225695186,0.7159847225695186,2.2796567219727324,0.7159847225695186,1.5498229290022274,1.1923254944886776,0.7159847225695186,0.7159847225695186,1.1923254944886776,3.6515537049715774,0.0,0.0,0.0,0.0,0.7159847225695186,0.0,0.7159847225695186,0.7159847225695186,4.092976978303796,2.458966746571199,5.9402789817325115,0.0,2.074854776722307,0.0,4.992994619740162,0.0,8.32939003743787,5.13167229918718,3.792030734237074,2.074854776722307,1.5498229290022274,2.6184341478176245,0.7159847225695186,0.0,2.458966746571199,0.7159847225695186,0.0,0.7159847225695186,0.0,0.0,6.251428798160711,0.0,0.0,2.892593099904321,0.7159847225695186,3.2255606162228565,0.0,1.5498229290022274,0.7159847225695186,4.514029838828775,0.0,0.0,10.364504820183054,4.146305272629557,2.458966746571199,0.7159847225695186,1.1923254944886776,0.7159847225695186,0.0,0.0,0.0,1.5498229290022274,0.7159847225695186,2.458966746571199,3.321416727374961,2.458966746571199,0.0,1.1923254944886776,2.2796567219727324,0.0,2.2796567219727324,3.1228794325283684,1.1923254944886776,2.762016237359861,0.0,1.1923254944886776,0.0,0.7159847225695186,3.5758288150038147,0.0,3.1228794325283684,0.0,0.7159847225695186,4.963584556715696,2.762016237359861,3.792030734237074,1.1923254944886776,2.892593099904321,4.092976978303796,2.2796567219727324,1.8360921882086856,3.321416727374961,0.0,2.762016237359861,1.5498229290022274,0.0,0.7159847225695186,2.2796567219727324,2.074854776722307,0.7159847225695186,1.5498229290022274,4.247389226829994,2.6184341478176245,1.1923254944886776,1.1923254944886776,1.1923254944886776,5.746676312490956,3.321416727374961,1.5498229290022274,0.0,5.729305989509816,3.012326251316264,4.247389226829994,0.0,0.7159847225695186,5.374484928164884,1.8360921882086856,1.1923254944886776,3.012326251316264,0.7159847225695186,2.2796567219727324,1.5498229290022274,0.0,2.6184341478176245,6.1109483372266755,6.874198488131042,0.0,1.1923254944886776,0.7159847225695186,0.0,0.0,0.0,1.1923254944886776,0.0,3.321416727374961,4.5929798561525805,2.074854776722307,2.458966746571199,1.1923254944886776,0.0,0.0,0.0,0.0,0.0,2.762016237359861,6.958610356571992,1.1923254944886776,0.7159847225695186,3.4959079844387615,4.430507965172348,1.8360921882086856,2.074854776722307,2.6184341478176245,3.321416727374961,4.667832660659562,4.806807021357574,4.554044837530904,3.2255606162228565,1.1923254944886776,0.0,4.430507965172348,0.0,3.411298798283032,9.18147235886924,1.5498229290022274,0.0,0.0,3.7235013476868137,6.842236045338721,0.0,0.0,0.7159847225695186,2.6184341478176245,3.4959079844387615,8.279541550077063,0.7159847225695186,0.7159847225695186,0.0,0.7159847225695186,0.7159847225695186,0.0,4.092976978303796,1.5498229290022274,1.5498229290022274,5.39666151011698,1.1923254944886776,0.0,1.1923254944886776,1.5498229290022274,0.0,8.580095650361391,4.38686088950074,0.7159847225695186,0.0,0.0,0.0,0.7159847225695186,1.8360921882086856,0.7159847225695186,0.0,1.8360921882086856,3.012326251316264,0.7159847225695186,0.7159847225695186,7.911040152837693,11.664799621597068,0.0,1.1923254944886776,11.41373972609848,0.0,0.0,1.5498229290022274,3.9200348645565097,0.7159847225695186,0.7159847225695186,1.1923254944886776,0.0,1.1923254944886776,3.1228794325283684,3.411298798283032,4.5929798561525805,2.458966746571199,0.0,0.7159847225695186,2.074854776722307,0.0,0.7159847225695186,0.0,0.0,0.0,3.1228794325283684,4.38686088950074,0.0,5.440017480079078,2.892593099904321,0.0,4.667832660659562
GSM5016074,0.0,0.0,1.132600093694489,1.7591859535933712,2.194593295760479,0.0,6.400494782685377,0.0,0.0,0.0,0.0,2.194593295760479,0.0,0.0,0.0,1.132600093694489,0.0,6.031150523371828,0.0,0.0,3.819452446651558,0.0,6.979753400457862,0.0,0.0,0.0,0.0,0.0,1.132600093694489,6.938269372266448,1.7591859535933712,0.0,5.921882980405756,0.0,2.5286066586680507,0.0,0.0,0.0,2.194593295760479,2.5286066586680507,0.0,0.0,0.0,0.0,0.0,0.0,2.194593295760479,0.0,2.194593295760479,2.5286066586680507,0.0,0.0,0.0,0.0,0.0,0.0,3.819452446651558,0.0,0.0,0.0,0.0,0.0,1.132600093694489,7.240881489600903,0.0,1.7591859535933712,0.0,0.0,0.0,0.0,0.0,0.0,1.132600093694489,0.0,5.05304415646204,0.0,0.0,0.0,0.0,0.0,7.662052160225444,2.7996420311673385,0.0,0.0,0.0,0.0,0.0,1.132600093694489,0.0,0.0,0.0,0.0,2.7996420311673385,1.132600093694489,0.0,0.0,0.0,2.5286066586680507,0.0,3.552477660160393,0.0,1.132600093694489,0.0,1.7591859535933712,0.0,0.0,9.306161347700966,3.397841654536766,0.0,0.0,1.132600093694489,0.0,0.0,2.7996420311673385,0.0,0.0,0.0,3.819452446651558,2.5286066586680507,1.7591859535933712,0.0,2.7996420311673385,1.7591859535933712,0.0,0.0,1.7591859535933712,0.0,2.5286066586680507,1.132600093694489,1.132600093694489,0.0,1.132600093694489,1.132600093694489,1.7591859535933712,6.660680065923616,0.0,0.0,3.552477660160393,2.7996420311673385,0.0,4.145310189285226,3.027722383462713,3.224618741344476,1.7591859535933712,1.7591859535933712,3.224618741344476,1.7591859535933712,1.7591859535933712,2.194593295760479,0.0,1.7591859535933712,0.0,2.194593295760479,1.132600093694489,0.0,4.888541040755609,1.132600093694489,1.132600093694489,3.397841654536766,0.0,3.9364423340224106,2.194593295760479,0.0,1.132600093694489,2.5286066586680507,0.0,3.397841654536766,0.0,1.132600093694489,4.829256569233288,1.132600093694489,3.819452446651558,0.0,0.0,3.027722383462713,3.552477660160393,0.0,0.0,5.376644671422342,4.489648002334548,0.0,0.0,1.132600093694489,0.0,0.0,1.132600093694489,0.0,0.0,1.7591859535933712,2.194593295760479,0.0,1.7591859535933712,0.0,0.0,0.0,0.0,0.0,0.0,4.145310189285226,5.533449433948555,0.0,0.0,3.692131816499244,0.0,0.0,0.0,0.0,0.0,0.0,0.0,0.0,1.132600093694489,0.0,1.132600093694489,1.132600093694489,0.0,3.692131816499244,6.775059967000748,0.0,0.0,1.132600093694489,3.397841654536766,3.819452446651558,0.0,0.0,0.0,0.0,1.132600093694489,5.740699720600822,0.0,0.0,0.0,2.194593295760479,0.0,0.0,0.0,0.0,1.132600093694489,1.132600093694489,2.194593295760479,0.0,0.0,3.027722383462713,0.0,5.457176369678387,1.132600093694489,0.0,1.132600093694489,0.0,3.224618741344476,0.0,1.132600093694489,0.0,0.0,0.0,1.132600093694489,0.0,0.0,6.1809458684106255,9.102149609074417,0.0,0.0,9.005035546245896,0.0,0.0,0.0,2.194593295760479,1.7591859535933712,0.0,1.132600093694489,0.0,0.0,0.0,0.0,0.0,1.132600093694489,0.0,0.0,1.132600093694489,0.0,0.0,0.0,0.0,1.132600093694489,2.194593295760479,0.0,0.0,2.7996420311673385,1.132600093694489,0.0,4.564266661709681
GSM5016171,0.9198910281371458,3.174366695313375,4.747774020183533,4.235684759588269,3.845950205826103,0.0,6.618018203269942,0.0,0.9198910281371458,0.0,0.0,0.9198910281371458,5.744870707076067,0.0,0.0,0.0,1.4771305857222328,8.86607212589221,0.9198910281371458,0.9198910281371458,8.94912846564576,1.4771305857222328,7.830109418710782,2.667173273843346,1.878104247557122,0.9198910281371458,0.9198910281371458,0.0,3.54888891491522,8.244975688989419,1.878104247557122,3.174366695313375,5.619604004113657,0.0,0.0,1.4771305857222328,0.0,1.878104247557122,0.0,0.0,5.645542606907119,0.9198910281371458,2.1915277586403383,4.840520829798243,2.1915277586403383,0.0,0.0,0.0,0.9198910281371458,2.1915277586403383,3.0242804984754303,0.9198910281371458,0.0,0.0,0.0,1.878104247557122,5.087589202447887,1.4771305857222328,0.9198910281371458,2.667173273843346,0.9198910281371458,3.174366695313375,5.423668988401915,7.450671972697827,0.9198910281371458,1.4771305857222328,0.0,0.0,5.049238926311046,3.0242804984754303,8.629880283961484,1.4771305857222328,12.977356908365175,4.092165385858944,6.767239752697596,0.0,4.235684759588269,0.0,6.669492830109,0.9198910281371458,7.74268938153527,2.448864461442692,5.161360593245386,3.310299952461083,1.878104247557122,1.4771305857222328,0.0,0.0,0.0,0.9198910281371458,0.0,0.0,2.448864461442692,0.0,3.174366695313375,0.0,0.0,3.174366695313375,2.1915277586403383,5.9251010020296055,0.9198910281371458,3.0242804984754303,2.448864461442692,5.720672418232823,0.0,0.0,7.228428028638318,1.4771305857222328,3.43452097220179,0.0,3.54888891491522,0.0,0.0,2.1915277586403383,1.4771305857222328,1.4771305857222328,1.4771305857222328,1.4771305857222328,2.1915277586403383,0.9198910281371458,0.9198910281371458,0.9198910281371458,4.092165385858944,0.0,0.9198910281371458,4.747774020183533,0.9198910281371458,2.8567480416662976,0.0,0.9198910281371458,0.0,1.4771305857222328,2.1915277586403383,1.878104247557122,0.0,0.9198910281371458,0.9198910281371458,4.927663658783167,2.667173273843346,6.5092082712686095,1.4771305857222328,1.878104247557122,4.485899305611081,2.448864461442692,1.878104247557122,1.4771305857222328,0.0,1.4771305857222328,2.1915277586403383,1.878104247557122,5.009841304024596,0.9198910281371458,1.4771305857222328,0.9198910281371458,0.0,8.80983285998982,3.0242804984754303,0.9198910281371458,4.596415314744741,0.9198910281371458,7.035931412693655,1.4771305857222328,3.845950205826103,0.0,5.393372591905333,0.9198910281371458,3.0242804984754303,2.1915277586403383,0.9198910281371458,4.485899305611081,0.0,2.1915277586403383,2.667173273843346,0.0,1.878104247557122,0.9198910281371458,0.9198910281371458,3.0242804984754303,7.766524194612823,8.450226449160326,0.0,1.4771305857222328,1.4771305857222328,1.878104247557122,0.0,1.4771305857222328,0.0,0.0,4.092165385858944,3.654852632620361,3.54888891491522,0.9198910281371458,2.1915277586403383,1.4771305857222328,2.8567480416662976,0.0,0.0,5.619604004113657,2.1915277586403383,8.197545702449286,1.4771305857222328,2.448864461442692,2.448864461442692,3.0242804984754303,0.0,0.9198910281371458,1.4771305857222328,1.4771305857222328,2.8567480416662976,1.878104247557122,0.0,3.174366695313375,1.4771305857222328,3.0242804984754303,5.298468156463618,0.0,0.9198910281371458,8.690316656112863,4.092165385858944,0.9198910281371458,0.0,5.8151216361190565,9.179635636237476,2.8567480416662976,0.9198910281371458,0.0,0.9198910281371458,6.682079553270074,6.767239752697596,0.0,0.0,0.9198910281371458,0.0,0.9198910281371458,0.9198910281371458,0.0,1.878104247557122,3.310299952461083,2.8567480416662976,0.0,0.0,0.9198910281371458,0.0,0.0,5.9251010020296055,3.310299952461083,2.448864461442692,0.0,0.0,3.174366695313375,0.0,3.174366695313375,2.1915277586403383,0.0,0.0,5.161360593245386,1.4771305857222328,1.4771305857222328,6.085295655890181,9.650648151370746,4.596415314744741,0.0,9.99130714627842,1.4771305857222328,0.0,0.0,1.4771305857222328,0.9198910281371458,0.0,0.0,1.878104247557122,0.0,1.878104247557122,1.878104247557122,2.448864461442692,1.878104247557122,0.9198910281371458,2.448864461442692,0.9198910281371458,0.9198910281371458,1.4771305857222328,0.0,0.0,0.0,4.30242287989411,4.648652629104322,0.0,4.092165385858944,3.174366695313375,0.0,2.667173273843346
GSM5016089,2.656303135023791,6.857027636866266,3.162892115901351,6.742587150817019,1.8687174915304976,0.0,7.042598783717493,0.0,1.4688709690480573,0.9138188185486747,0.9138188185486747,0.0,6.952794864043957,2.8456268345220814,0.0,1.4688709690480573,0.0,6.6440134897705905,0.0,3.162892115901351,9.86263003554808,5.498292243522948,4.915179335671438,4.353928079150427,3.012963244766774,1.8687174915304976,2.656303135023791,1.4688709690480573,0.9138188185486747,7.3545647391488655,0.0,6.250624421171121,4.41498765663533,0.0,0.9138188185486747,0.9138188185486747,0.9138188185486747,0.9138188185486747,0.9138188185486747,1.8687174915304976,3.741613996267365,2.438327357103736,0.9138188185486747,3.833941421612277,3.920713929186018,1.8687174915304976,1.4688709690480573,0.0,1.4688709690480573,1.8687174915304976,0.0,0.0,1.4688709690480573,0.9138188185486747,1.4688709690480573,1.8687174915304976,4.41498765663533,2.438327357103736,2.8456268345220814,2.438327357103736,0.0,0.9138188185486747,1.4688709690480573,3.162892115901351,0.0,0.0,0.0,2.438327357103736,2.8456268345220814,4.636259189521845,9.33417248449874,1.8687174915304976,4.2901696140431795,3.42280958591173,9.778001081013407,3.642971494359105,5.285887284263143,3.162892115901351,10.570463470038211,1.8687174915304976,5.285887284263143,3.012963244766774,3.53708618646328,2.181453624414513,5.658367225406019,0.0,0.0,2.438327357103736,5.580548746945991,0.9138188185486747,0.0,0.0,0.0,2.8456268345220814,2.438327357103736,0.0,2.181453624414513,4.782449339535716,0.0,3.53708618646328,3.012963244766774,1.8687174915304976,0.0,6.510497469647177,1.4688709690480573,0.0,5.349831144776957,0.9138188185486747,2.438327357103736,0.0,0.9138188185486747,0.9138188185486747,0.0,3.162892115901351,0.0,0.0,0.0,0.0,0.0,0.9138188185486747,2.438327357103736,0.0,2.181453624414513,1.4688709690480573,1.8687174915304976,5.553647667918095,1.8687174915304976,4.2901696140431795,0.0,0.0,2.181453624414513,0.0,5.148812565947019,2.656303135023791,2.181453624414513,1.4688709690480573,0.9138188185486747,5.31821345454837,3.642971494359105,5.31821345454837,0.0,3.012963244766774,7.330994770316648,3.162892115901351,3.012963244766774,0.9138188185486747,2.8456268345220814,0.9138188185486747,2.181453624414513,1.8687174915304976,3.162892115901351,0.9138188185486747,2.181453624414513,1.4688709690480573,0.0,4.473567584695987,0.9138188185486747,0.0,5.683401087737584,0.0,8.433669356802293,0.0,4.997333395008518,0.0,4.002562182009072,0.9138188185486747,2.181453624414513,1.8687174915304976,0.0,2.181453624414513,0.0,0.9138188185486747,2.8456268345220814,1.4688709690480573,0.0,0.9138188185486747,0.0,3.741613996267365,9.747167794426124,9.541773904006837,1.4688709690480573,5.658367225406019,0.9138188185486747,1.4688709690480573,0.9138188185486747,0.0,0.0,1.4688709690480573,7.315064772722131,8.680549423131021,7.042598783717493,0.0,4.915179335671438,3.42280958591173,1.4688709690480573,1.8687174915304976,1.8687174915304976,2.656303135023791,1.8687174915304976,11.23268146826427,4.153521033018491,0.9138188185486747,3.53708618646328,2.8456268345220814,1.4688709690480573,2.181453624414513,2.181453624414513,3.162892115901351,3.2986963277019106,4.080015186947534,4.080015186947534,4.95684106771586,0.9138188185486747,2.8456268345220814,6.300019025719733,2.181453624414513,0.0,9.036798300487275,7.9103190877483955,0.9138188185486747,0.0,3.012963244766774,3.162892115901351,4.002562182009072,0.0,0.9138188185486747,2.181453624414513,8.726437503843577,3.833941421612277,0.9138188185486747,1.4688709690480573,2.656303135023791,1.4688709690480573,5.112407612004278,2.181453624414513,4.95684106771586,2.181453624414513,5.285887284263143,2.656303135023791,0.0,0.0,0.0,0.9138188185486747,0.0,4.95684106771586,2.181453624414513,0.9138188185486747,1.4688709690480573,0.9138188185486747,4.2901696140431795,1.4688709690480573,6.091403023789999,4.473567584695987,0.9138188185486747,0.0,4.002562182009072,0.9138188185486747,0.0,5.732202156588523,8.45926066935884,4.223462596955086,0.0,8.64912589728276,1.8687174915304976,2.438327357103736,0.0,0.0,0.0,0.9138188185486747,1.4688709690480573,1.8687174915304976,0.0,7.338894289872437,4.41498765663533,5.380770745052812,3.53708618646328,0.9138188185486747,2.181453624414513,0.9138188185486747,0.9138188185486747,2.8456268345220814,1.4688709690480573,0.9138188185486747,1.4688709690480573,5.218977297363752,0.0,5.891071866944153,3.53708618646328,1.8687174915304976,1.4688709690480573,4.002562182009072
GSM5016205,2.7435620291178893,4.62868088744113,2.7435620291178893,5.759529750558203,5.627208668268389,0.0,7.752181440262362,0.0,0.0,0.0,0.0,4.57221507173277,4.683019669697359,0.0,0.0,0.0,0.0,7.095752579958313,0.0,2.7435620291178893,7.075582194525679,4.099473549967499,4.62868088744113,6.758857652523329,4.881962734404804,0.0,0.0,0.0,5.708048317563672,10.173285792388892,0.0,5.481514492295803,5.570684057523032,0.0,0.0,0.0,0.0,0.0,2.2624769492567913,2.2624769492567913,6.135784339103003,3.738116405652813,0.0,0.0,0.0,0.0,0.0,4.099473549967499,0.0,2.5229802573506266,1.944337194249706,0.0,0.0,1.944337194249706,0.0,4.099473549967499,6.266091496758212,0.0,2.7435620291178893,6.903183536189063,1.5355915722349205,4.7859176905931875,7.667120452884896,7.820435108841617,0.0,0.0,0.0,0.0,0.0,0.0,7.335137108920711,0.0,10.365181309963877,0.0,7.838502672432294,4.3882077680996545,0.0,0.0,6.193077174331079,0.0,7.164207643638938,3.6316208263951215,6.248181413169241,4.251051875103468,2.7435620291178893,3.254870295106177,0.0,0.0,0.0,0.0,0.0,0.0,0.0,3.6316208263951215,5.097348456683941,0.0,0.0,4.099473549967499,2.7435620291178893,0.0,0.0,1.944337194249706,2.7435620291178893,4.62868088744113,0.0,0.0,10.402095235449169,3.930079333101744,3.1037143687237956,0.0,0.0,2.2624769492567913,0.0,0.0,0.0,0.0,0.0,0.0,0.0,0.0,3.930079333101744,0.0,3.254870295106177,0.0,0.0,5.136819342450295,0.0,0.0,0.0,0.0,0.0,0.0,4.7859176905931875,0.0,4.513448893887972,0.0,0.0,5.015011388667792,1.944337194249706,7.1156448462373545,0.0,0.0,4.881962734404804,0.0,0.0,2.93484762702686,0.0,0.0,2.2624769492567913,0.0,0.0,0.0,0.0,3.738116405652813,0.0,9.341149249784316,1.5355915722349205,0.0,0.0,0.0,8.687023114030499,3.516633016865902,4.177252515290516,0.0,2.7435620291178893,0.963131099265644,0.0,4.321259121142187,0.0,6.465278240909564,0.0,4.251051875103468,5.284716087864545,0.0,0.0,0.0,0.0,0.0,6.335587913722612,8.936671065450712,0.0,5.903791665357401,0.0,3.3916803119612395,0.0,0.0,0.0,0.0,0.0,5.136819342450295,0.0,0.0,2.93484762702686,0.0,0.0,3.738116405652813,3.6316208263951215,8.51795088474268,0.0,6.667478603363091,0.0,0.0,3.516633016865902,4.3882077680996545,0.0,2.5229802573506266,1.5355915722349205,0.963131099265644,3.1037143687237956,4.881962734404804,4.3882077680996545,0.0,0.0,3.3916803119612395,5.097348456683941,0.0,3.254870295106177,8.168722233745692,6.925894108636646,0.0,0.0,5.734018656162419,8.368459030102175,0.0,1.944337194249706,0.0,1.944337194249706,7.318068963114185,6.266091496758212,0.0,2.5229802573506266,0.0,0.0,0.963131099265644,0.0,4.972010894300461,0.0,4.099473549967499,0.0,0.0,0.0,0.963131099265644,0.0,0.0,7.335137108920711,0.963131099265644,3.516633016865902,1.944337194249706,4.177252515290516,0.0,0.963131099265644,4.513448893887972,0.0,1.944337194249706,0.0,0.0,0.0,0.0,6.746152549917366,9.795741859664682,0.0,0.0,10.247283221304462,0.0,0.0,3.738116405652813,0.0,0.0,0.0,0.0,0.0,0.0,0.0,4.683019669697359,5.970850587337452,0.0,0.963131099265644,0.0,0.0,0.0,0.0,0.0,0.0,0.0,6.8085878992485185,3.6316208263951215,3.6316208263951215,2.2624769492567913,0.0,0.0,3.930079333101744
GSM5016025,1.961148556088573,6.48769050211789,2.954570364745092,7.196238117276037,4.409800190619056,0.0,6.879133640501918,0.0,1.961148556088573,0.9742156340316764,0.0,0.0,8.42789072341749,1.5504799130905025,0.9742156340316764,0.9742156340316764,1.5504799130905025,8.07227326161026,0.9742156340316764,3.759096854026392,8.735984478098072,5.234722283957558,5.234722283957558,4.5939361899846105,3.4122027133232637,2.7628668668022636,3.1237626010942567,1.5504799130905025,0.0,7.382896524946677,2.5417289302985444,5.649420397205701,4.038538452972756,0.9742156340316764,0.9742156340316764,0.9742156340316764,0.0,1.961148556088573,3.858380842763558,0.9742156340316764,7.0672842715882345,4.409800190619056,1.961148556088573,4.272537099261161,2.7628668668022636,1.961148556088573,0.0,1.5504799130905025,1.5504799130905025,6.270552332672457,2.5417289302985444,0.0,2.7628668668022636,1.5504799130905025,0.0,6.288466067261909,6.793912782957614,4.5939361899846105,7.964974901146397,9.417678593015488,4.272537099261161,6.252413366243646,8.866934753823774,1.5504799130905025,0.0,0.0,0.0,0.0,3.2751792143759566,2.954570364745092,7.843002425826584,2.5417289302985444,12.237703364476047,7.689676613600915,8.451933744322929,2.5417289302985444,6.177487063883011,3.759096854026392,13.377373586287728,6.2154365721776195,9.212490798434308,0.0,7.297015238113739,5.408597427252303,5.993158783918123,0.9742156340316764,0.0,1.961148556088573,3.2751792143759566,1.5504799130905025,1.5504799130905025,0.0,0.0,3.1237626010942567,4.342800491373091,0.0,0.0,3.759096854026392,2.2804489726554875,4.5939361899846105,1.5504799130905025,3.759096854026392,2.2804489726554875,4.993960960520944,0.0,0.0,5.234722283957558,0.0,2.5417289302985444,0.0,0.0,1.5504799130905025,0.0,0.9742156340316764,0.0,1.5504799130905025,1.5504799130905025,1.5504799130905025,2.954570364745092,0.9742156340316764,4.409800190619056,0.0,1.5504799130905025,7.68292040969875,0.0,6.742855197071049,1.961148556088573,6.793912782957614,2.2804489726554875,0.0,0.0,0.9742156340316764,4.198675697206025,2.2804489726554875,0.9742156340316764,1.961148556088573,1.5504799130905025,4.757208146803947,2.5417289302985444,9.011456162273518,1.5504799130905025,2.954570364745092,6.4720998376718955,4.120827813223957,2.954570364745092,0.9742156340316764,1.5504799130905025,0.0,5.271214224972117,2.7628668668022636,2.954570364745092,0.0,0.9742156340316764,0.9742156340316764,0.0,1.961148556088573,1.961148556088573,0.0,2.954570364745092,0.0,9.560898210239934,3.759096854026392,4.704810723140076,1.5504799130905025,3.537333452695659,1.5504799130905025,0.0,0.9742156340316764,0.0,2.5417289302985444,0.0,1.5504799130905025,4.903866625726089,3.2751792143759566,0.0,1.5504799130905025,0.9742156340316764,4.650438315875607,11.937014713721842,10.070837558436244,0.9742156340316764,3.6524720011149854,0.0,3.1237626010942567,0.9742156340316764,1.5504799130905025,0.0,1.5504799130905025,11.055203136945588,7.349154981458639,3.858380842763558,0.9742156340316764,2.5417289302985444,1.5504799130905025,0.0,0.0,0.0,3.759096854026392,0.9742156340316764,13.51378251854299,6.252413366243646,0.0,2.2804489726554875,1.961148556088573,1.5504799130905025,2.2804489726554875,2.5417289302985444,2.954570364745092,4.272537099261161,3.4122027133232637,2.954570364745092,5.1193581774749095,0.0,8.305675585569473,6.252413366243646,1.961148556088573,1.5504799130905025,9.145269000870371,6.563212476828136,0.9742156340316764,1.961148556088573,9.059193527624162,12.324911325257167,0.0,0.0,0.9742156340316764,1.5504799130905025,10.95781635612419,5.9260827970612215,0.0,0.0,2.2804489726554875,0.0,4.757208146803947,1.5504799130905025,0.0,0.9742156340316764,5.158846800991416,0.9742156340316764,0.0,2.7628668668022636,0.0,0.0,0.9742156340316764,4.949616962393618,1.961148556088573,2.7628668668022636,2.2804489726554875,0.9742156340316764,1.5504799130905025,1.5504799130905025,3.537333452695659,0.9742156340316764,0.9742156340316764,0.0,4.342800491373091,1.5504799130905025,0.0,5.271214224972117,8.310066863713201,3.1237626010942567,0.0,8.374380822599942,1.5504799130905025,2.7628668668022636,0.9742156340316764,1.5504799130905025,0.0,2.2804489726554875,3.6524720011149854,3.759096854026392,2.7628668668022636,8.761860978863453,8.046187497985708,9.152622993043726,2.2804489726554875,0.0,0.9742156340316764,0.9742156340316764,1.5504799130905025,3.2751792143759566,0.9742156340316764,0.0,0.9742156340316764,6.716632411619943,1.5504799130905025,5.158846800991416,2.7628668668022636,2.954570364745092,1.961148556088573,3.1237626010942567
GSM5016156,0.8850546423811949,7.22106552673119,0.8850546423811949,6.971367450487171,5.647211025119454,1.42957265660301,6.880969170780422,0.0,1.42957265660301,0.0,0.0,0.8850546423811949,7.009795257028755,0.8850546423811949,2.133345946958779,0.0,0.0,4.095068404812516,0.0,4.937307190879844,10.30722094209068,6.420944782346474,4.4705931033756885,6.31751418592187,5.622624988799419,2.3879615669709984,2.3879615669709984,0.0,0.8850546423811949,6.476880569243423,2.133345946958779,6.206091734812402,4.976640622074435,0.0,0.0,2.133345946958779,0.8850546423811949,2.3879615669709984,2.604310349018548,2.133345946958779,3.776369181676395,0.0,0.0,2.133345946958779,3.8628831046881498,0.8850546423811949,0.0,0.0,0.8850546423811949,4.02174818664091,4.4705931033756885,0.8850546423811949,2.133345946958779,0.8850546423811949,0.0,3.243112380524426,6.990709295961791,2.604310349018548,4.576796222333925,7.662110253522452,0.8850546423811949,1.8239546274169631,4.4705931033756885,6.406615278365331,3.1079407580284233,0.0,0.0,1.8239546274169631,3.3666971281928144,5.519863675277718,12.124609835338566,1.8239546274169631,9.082487821532093,5.872453282979001,8.38652136266311,0.8850546423811949,5.192472414205399,4.812431799267358,11.712595163120936,6.332751778056621,6.347830112951122,0.8850546423811949,6.739501441330088,3.8628831046881498,5.764223469378915,0.8850546423811949,0.0,0.0,5.289375459602992,2.604310349018548,0.8850546423811949,0.0,0.0,0.8850546423811949,3.1079407580284233,0.0,0.0,4.095068404812516,2.3879615669709984,1.42957265660301,1.8239546274169631,2.3879615669709984,2.9587826569694404,5.83013060384231,3.9445012577114342,0.0,8.401050836264425,2.604310349018548,1.8239546274169631,0.0,0.8850546423811949,1.8239546274169631,0.8850546423811949,2.604310349018548,0.8850546423811949,0.8850546423811949,1.8239546274169631,0.0,1.8239546274169631,0.8850546423811949,3.3666971281928144,0.0,0.8850546423811949,4.095068404812516,0.0,5.695160743612056,2.604310349018548,5.933696660006362,1.8239546274169631,1.8239546274169631,0.8850546423811949,0.8850546423811949,4.896871249767254,0.8850546423811949,0.8850546423811949,3.243112380524426,0.8850546423811949,5.80849438163786,4.095068404812516,8.228494542991964,0.0,3.4805255635131105,6.463098623818407,4.524671702034275,2.3879615669709984,1.42957265660301,2.133345946958779,0.8850546423811949,3.9445012577114342,0.0,1.8239546274169631,0.8850546423811949,1.42957265660301,0.8850546423811949,0.8850546423811949,3.1079407580284233,0.0,0.0,4.675714471159037,0.0,7.253454091200656,1.42957265660301,4.355946207764011,0.0,3.776369181676395,0.8850546423811949,2.3879615669709984,0.0,0.8850546423811949,2.133345946958779,0.0,0.0,2.792406024601945,2.604310349018548,0.0,0.8850546423811949,0.0,3.684334463977574,11.419336716137089,9.969825804506412,0.0,6.332751778056621,0.0,0.0,0.0,0.8850546423811949,0.0,0.0,10.049226711523309,7.643900363018827,6.406615278365331,0.8850546423811949,5.409217595247332,3.684334463977574,0.0,1.42957265660301,1.42957265660301,4.812431799267358,2.3879615669709984,12.761064184711822,5.014930072229105,0.0,2.604310349018548,6.435133357789304,2.792406024601945,3.776369181676395,4.095068404812516,4.722741262328411,4.355946207764011,6.476880569243423,4.095068404812516,3.8628831046881498,0.0,6.3627524851878,5.80849438163786,0.0,0.0,9.455695088279697,4.675714471159037,0.8850546423811949,2.133345946958779,8.615583922603294,11.954348991497817,3.776369181676395,0.8850546423811949,0.8850546423811949,2.792406024601945,10.081156620566205,2.792406024601945,0.8850546423811949,0.0,1.8239546274169631,0.0,2.3879615669709984,3.1079407580284233,0.8850546423811949,3.4805255635131105,4.812431799267358,1.42957265660301,0.0,3.1079407580284233,0.8850546423811949,0.0,0.8850546423811949,5.647211025119454,0.8850546423811949,4.627102970777601,1.42957265660301,1.8239546274169631,0.8850546423811949,2.133345946958779,5.718550924149337,3.1079407580284233,0.8850546423811949,0.8850546423811949,1.42957265660301,0.0,0.8850546423811949,4.768283412073524,8.685501381626597,6.25490156315286,0.8850546423811949,9.057483061643858,2.604310349018548,3.4805255635131105,0.8850546423811949,0.8850546423811949,0.8850546423811949,1.42957265660301,2.792406024601945,2.9587826569694404,1.42957265660301,9.604357029034825,6.750889921320666,7.794570672282415,3.4805255635131105,1.42957265660301,3.58602602432177,0.8850546423811949,1.8239546274169631,1.8239546274169631,0.8850546423811949,0.0,0.0,5.124054409579424,3.1079407580284233,6.238814408570744,2.3879615669709984,3.8628831046881498,0.8850546423811949,1.42957265660301
GSM5016086,2.233572300649731,5.505752708256104,5.1320556484624955,4.4903923008287965,2.938351103204755,1.687859028261449,6.525020782415522,0.0,0.0,0.7995798208341993,0.7995798208341993,0.7995798208341993,5.912830164995958,0.7995798208341993,0.0,1.311031182476044,1.687859028261449,9.374673779053165,1.687859028261449,3.506946855511121,8.553593280848382,0.0,7.534559169563946,4.172620687326166,3.0714093505233344,2.7917625901893057,3.0714093505233344,0.0,3.764484156047931,6.70988578507642,2.6285773617509944,4.048975163514483,5.661630058487778,1.9863659504025717,0.0,2.444551697002994,0.7995798208341993,1.687859028261449,2.6285773617509944,2.7917625901893057,4.7898016461760875,2.6285773617509944,1.311031182476044,5.98207875020153,1.687859028261449,0.0,0.7995798208341993,0.0,2.444551697002994,1.687859028261449,0.7995798208341993,0.0,0.7995798208341993,0.7995798208341993,2.938351103204755,2.7917625901893057,5.743681425503382,1.687859028261449,2.233572300649731,5.947869904569769,1.311031182476044,1.9863659504025717,4.112122143152847,5.1320556484624955,3.0714093505233344,0.0,0.0,2.444551697002994,3.683640966955588,3.683640966955588,9.823376801414836,0.7995798208341993,7.687512642404841,4.3402380110014604,8.536430065323678,3.0714093505233344,3.3055517052279533,1.9863659504025717,7.356942289376809,0.0,8.922877368766226,3.5979972992024787,4.442056720573019,2.444551697002994,4.626381402849983,0.7995798208341993,0.0,0.0,2.233572300649731,1.311031182476044,0.0,1.9863659504025717,1.311031182476044,0.7995798208341993,5.330970209145027,0.7995798208341993,0.7995798208341993,4.7506490513271,2.444551697002994,6.2441260437772055,2.233572300649731,1.687859028261449,1.9863659504025717,6.760036554451239,2.444551697002994,1.311031182476044,9.63196950071154,3.4097606873886788,2.6285773617509944,0.0,1.311031182476044,0.7995798208341993,0.0,2.444551697002994,0.0,0.0,0.0,1.311031182476044,1.9863659504025717,3.0714093505233344,1.9863659504025717,0.7995798208341993,0.7995798208341993,3.3055517052279533,1.9863659504025717,4.7506490513271,0.0,4.112122143152847,0.7995798208341993,0.0,1.311031182476044,0.0,4.286500674910228,0.0,0.0,1.9863659504025717,0.7995798208341993,5.574629219789096,3.841036573361454,6.416632520831945,1.687859028261449,2.444551697002994,5.552033785300485,2.444551697002994,3.3055517052279533,1.687859028261449,1.311031182476044,0.0,2.6285773617509944,0.7995798208341993,5.894985901991896,0.0,1.9863659504025717,1.311031182476044,3.683640966955588,8.071972141444757,2.233572300649731,0.7995798208341993,3.913730822225891,1.311031182476044,7.697841619122388,2.7917625901893057,4.901261309069496,0.0,6.750144898306293,1.311031182476044,3.1932253439129115,1.311031182476044,0.0,3.506946855511121,0.0,1.687859028261449,2.233572300649731,1.311031182476044,1.311031182476044,1.311031182476044,1.311031182476044,3.3055517052279533,7.317296288057968,8.633786644382658,0.0,4.172620687326166,1.9863659504025717,0.0,0.0,0.0,0.0,0.0,4.582460711074275,6.730155768424455,4.936579733849018,0.7995798208341993,3.3055517052279533,2.233572300649731,1.687859028261449,2.938351103204755,3.1932253439129115,6.570697474132124,0.7995798208341993,8.422714377768138,0.7995798208341993,0.0,3.841036573361454,4.112122143152847,1.687859028261449,2.6285773617509944,3.0714093505233344,2.938351103204755,4.230684037554373,3.764484156047931,2.938351103204755,4.936579733849018,0.7995798208341993,2.444551697002994,6.215655633204617,0.0,1.687859028261449,9.415925899472889,7.439277614120296,1.9863659504025717,0.0,7.234578060945329,10.18270665577447,0.7995798208341993,0.7995798208341993,0.0,2.444551697002994,8.067996132374047,7.356942289376809,0.0,1.311031182476044,0.7995798208341993,0.0,3.841036573361454,0.7995798208341993,2.6285773617509944,2.444551697002994,4.392045415833871,1.687859028261449,0.7995798208341993,1.687859028261449,0.7995798208341993,1.687859028261449,1.311031182476044,5.276879982104935,1.687859028261449,1.687859028261449,1.311031182476044,0.0,0.0,2.233572300649731,4.3402380110014604,3.0714093505233344,0.7995798208341993,0.7995798208341993,6.36571619502465,0.0,0.0,7.053391069194881,10.01316658825278,4.827919711681107,1.311031182476044,10.185461906563356,0.0,2.233572300649731,0.0,1.9863659504025717,0.0,0.7995798208341993,0.0,2.6285773617509944,0.7995798208341993,4.865056514159715,5.763485301982963,6.593004714995514,3.0714093505233344,1.311031182476044,0.7995798208341993,1.311031182476044,2.444551697002994,2.233572300649731,1.687859028261449,0.7995798208341993,0.0,5.661630058487778,2.6285773617509944,2.444551697002994,3.1932253439129115,1.311031182476044,0.0,4.048975163514483
GSM5016188,0.0,2.3006198622077645,6.553541098521197,0.0,1.2072044367523522,0.0,6.612624549294287,0.0,0.0,0.0,2.640526528537021,3.5199423955613307,0.0,0.0,0.0,2.3006198622077645,1.2072044367523522,8.97992737892963,1.2072044367523522,1.2072044367523522,3.8164952570451818,0.0,10.32905387085039,0.0,1.2072044367523522,0.0,0.0,0.0,3.5199423955613307,8.299828557439373,3.5199423955613307,0.0,6.383022930779932,1.855111054640731,2.640526528537021,2.3006198622077645,2.640526528537021,1.2072044367523522,4.832224594432073,0.0,0.0,0.0,0.0,5.772540708515832,0.0,0.0,0.0,0.0,2.3006198622077645,0.0,0.0,0.0,0.0,0.0,0.0,0.0,4.693155831725258,0.0,0.0,0.0,0.0,2.915423373264896,1.2072044367523522,6.827377353360361,1.2072044367523522,0.0,0.0,0.0,0.0,0.0,0.0,0.0,2.3006198622077645,0.0,5.1834962738381165,0.0,0.0,1.2072044367523522,1.2072044367523522,0.0,8.10097596983589,3.9446596334677104,0.0,0.0,0.0,0.0,0.0,0.0,1.2072044367523522,1.2072044367523522,0.0,1.855111054640731,2.915423373264896,0.0,4.062361443672023,0.0,0.0,1.855111054640731,0.0,6.337046985906096,0.0,1.855111054640731,1.2072044367523522,4.272364550028339,0.0,0.0,12.260936752521664,6.313497641441402,3.146229642857275,0.0,3.5199423955613307,0.0,0.0,4.1711807150033575,0.0,0.0,0.0,3.146229642857275,1.855111054640731,2.915423373264896,1.2072044367523522,1.855111054640731,3.345153060594053,0.0,1.855111054640731,2.915423373264896,0.0,0.0,0.0,0.0,0.0,0.0,2.3006198622077645,0.0,7.043189177643523,0.0,0.0,5.904493965898349,4.1711807150033575,0.0,1.855111054640731,3.5199423955613307,1.2072044367523522,1.855111054640731,1.2072044367523522,3.5199423955613307,0.0,3.345153060594053,1.855111054640731,0.0,6.337046985906096,2.915423373264896,3.146229642857275,3.675825181456189,2.3006198622077645,6.999584098850871,4.272364550028339,1.855111054640731,0.0,0.0,2.640526528537021,4.272364550028339,0.0,0.0,6.573505645659459,1.855111054640731,4.062361443672023,0.0,1.2072044367523522,6.289557509510775,1.2072044367523522,3.675825181456189,0.0,0.0,2.3006198622077645,1.2072044367523522,0.0,0.0,5.772540708515832,5.377673430772006,0.0,0.0,1.855111054640731,1.855111054640731,0.0,1.855111054640731,2.3006198622077645,0.0,0.0,2.3006198622077645,0.0,1.855111054640731,0.0,0.0,0.0,0.0,0.0,0.0,2.640526528537021,6.405472889074434,0.0,1.2072044367523522,4.897034941204803,1.2072044367523522,0.0,0.0,0.0,0.0,2.3006198622077645,2.640526528537021,1.2072044367523522,2.915423373264896,1.2072044367523522,1.855111054640731,0.0,0.0,3.146229642857275,7.886316256571449,3.345153060594053,0.0,1.2072044367523522,0.0,2.3006198622077645,1.2072044367523522,0.0,0.0,0.0,0.0,4.764365258478287,0.0,2.3006198622077645,0.0,1.2072044367523522,1.2072044367523522,0.0,1.2072044367523522,0.0,0.0,1.2072044367523522,1.2072044367523522,1.855111054640731,0.0,0.0,1.855111054640731,7.671570709474143,5.627292403918911,1.2072044367523522,0.0,0.0,0.0,0.0,1.2072044367523522,1.2072044367523522,0.0,0.0,5.737576439347974,0.0,0.0,8.469244800885274,11.549965790135804,0.0,0.0,11.053478918682623,0.0,0.0,1.2072044367523522,2.3006198622077645,0.0,0.0,2.3006198622077645,0.0,1.2072044367523522,0.0,0.0,0.0,6.05408655725433,0.0,0.0,2.915423373264896,0.0,0.0,0.0,0.0,0.0,0.0,2.3006198622077645,0.0,5.075637442754762,1.2072044367523522,0.0,6.89240097697399
GSM5016120,2.14735462634851,5.069805181063554,4.54200766847237,5.069805181063554,2.6194648378168734,0.0,6.029348179552578,0.0,0.0,0.0,0.0,2.974583337592918,5.3682176057427125,1.440991299277644,0.8933907868811218,0.0,0.0,8.050508946575864,1.440991299277644,1.8369785850175209,7.527577667790785,3.3830689825121976,4.914385177710093,3.6026443320382127,3.25932792269679,1.440991299277644,2.402635951840259,0.0,2.8079231390368875,6.710971035030679,2.402635951840259,6.048166339308154,4.644492577754825,0.0,0.0,2.14735462634851,1.440991299277644,0.8933907868811218,0.8933907868811218,1.440991299277644,2.14735462634851,0.0,0.0,4.644492577754825,0.8933907868811218,2.6194648378168734,0.0,1.440991299277644,1.440991299277644,0.8933907868811218,0.0,0.0,2.14735462634851,0.0,0.8933907868811218,0.0,4.312215672647916,2.8079231390368875,1.440991299277644,3.123969258760901,0.0,1.8369785850175209,1.440991299277644,5.95152047654924,0.0,0.0,0.0,0.0,0.0,0.0,0.0,1.8369785850175209,4.8727654449815185,3.123969258760901,8.082809493850357,1.440991299277644,5.032491505347357,1.8369785850175209,8.844806754554096,4.9548378293872215,7.222590763513329,1.8369785850175209,0.8933907868811218,0.0,5.032491505347357,0.8933907868811218,1.8369785850175209,0.0,4.487899175411358,0.8933907868811218,0.0,0.0,2.402635951840259,1.8369785850175209,3.701051634850496,0.0,1.440991299277644,2.6194648378168734,0.8933907868811218,4.994187072088395,2.402635951840259,1.8369785850175209,3.701051634850496,5.826291487399085,0.8933907868811218,0.0,8.764585069956263,2.974583337592918,0.8933907868811218,0.0,2.402635951840259,0.0,0.8933907868811218,2.14735462634851,0.8933907868811218,0.0,0.8933907868811218,1.440991299277644,0.0,0.0,0.0,0.8933907868811218,3.123969258760901,0.8933907868811218,1.440991299277644,5.307033393860963,0.8933907868811218,1.8369785850175209,0.0,0.0,0.8933907868811218,2.14735462634851,3.3830689825121976,0.8933907868811218,3.4970299986694338,1.440991299277644,0.0,5.176283213735301,3.3830689825121976,3.8797634615019754,2.6194648378168734,4.038757685330089,6.86749456577142,1.440991299277644,2.14735462634851,2.6194648378168734,0.8933907868811218,0.8933907868811218,1.8369785850175209,0.0,4.594159961009637,0.0,2.402635951840259,1.440991299277644,0.0,4.914385177710093,1.440991299277644,2.402635951840259,2.402635951840259,0.0,5.782010561605975,0.0,4.248555529719895,0.0,4.594159961009637,0.0,3.25932792269679,2.402635951840259,0.8933907868811218,3.123969258760901,0.8933907868811218,2.14735462634851,1.440991299277644,1.440991299277644,1.440991299277644,2.14735462634851,0.0,2.8079231390368875,8.59258418291163,8.254676997752165,0.0,3.793172990376491,0.0,0.0,1.8369785850175209,1.440991299277644,0.0,0.8933907868811218,7.458919253816869,6.521975688345393,5.563981366964654,0.0,4.914385177710093,3.3830689825121976,0.0,0.8933907868811218,0.8933907868811218,1.8369785850175209,1.8369785850175209,9.484189872619307,2.6194648378168734,0.0,6.662943249892721,3.793172990376491,1.8369785850175209,1.440991299277644,1.8369785850175209,2.402635951840259,2.974583337592918,3.123969258760901,3.6026443320382127,4.181956133011962,0.0,3.123969258760901,4.181956133011962,1.440991299277644,2.14735462634851,8.646062349937747,0.0,1.440991299277644,0.8933907868811218,3.25932792269679,5.210098351524538,1.440991299277644,0.0,0.8933907868811218,0.8933907868811218,5.210098351524538,2.8079231390368875,0.0,0.8933907868811218,2.402635951840259,2.402635951840259,1.440991299277644,1.8369785850175209,1.440991299277644,1.8369785850175209,3.4970299986694338,0.0,1.8369785850175209,0.8933907868811218,1.440991299277644,2.974583337592918,3.123969258760901,4.312215672647916,0.0,0.8933907868811218,1.8369785850175209,0.8933907868811218,0.0,1.440991299277644,2.974583337592918,1.440991299277644,0.0,0.0,5.337949825730881,0.8933907868811218,0.0,6.757451337541428,9.26242095812916,0.0,0.0,8.951113308540334,0.0,2.6194648378168734,0.0,1.8369785850175209,0.0,0.0,0.8933907868811218,0.0,1.8369785850175209,8.86617383153596,0.8933907868811218,2.402635951840259,4.594159961009637,0.8933907868811218,1.8369785850175209,1.440991299277644,0.0,1.440991299277644,1.440991299277644,0.0,1.440991299277644,2.8079231390368875,0.0,4.487899175411358,2.8079231390368875,1.440991299277644,0.8933907868811218,3.9614497384907112
GSM5016101,0.0,1.155970399043236,2.8362691285291706,0.0,0.0,0.0,5.991984808378604,0.0,0.0,0.0,0.0,2.5639796520941167,0.0,0.0,0.0,0.0,1.155970399043236,5.288306471922728,1.155970399043236,0.0,5.782592809753002,0.0,8.02336666375575,0.0,0.0,0.0,0.0,0.0,7.339072760144141,9.362300556653372,2.8362691285291706,2.2280566667034023,7.371539450405201,0.0,1.7893883724399722,0.0,1.7893883724399722,0.0,5.459167821211273,2.5639796520941167,0.0,0.0,1.7893883724399722,1.155970399043236,0.0,0.0,3.731554275508723,2.5639796520941167,3.436526018352405,1.155970399043236,0.0,0.0,0.0,0.0,0.0,0.0,2.2280566667034023,0.0,0.0,1.155970399043236,0.0,0.0,1.155970399043236,8.334610704978846,1.155970399043236,0.0,0.0,0.0,0.0,3.262792593369026,2.8362691285291706,0.0,6.150061431975666,0.0,6.358792616493949,1.7893883724399722,1.155970399043236,1.155970399043236,0.0,0.0,8.505258843211895,3.436526018352405,0.0,0.0,0.0,1.7893883724399722,0.0,0.0,1.155970399043236,1.7893883724399722,0.0,3.262792593369026,2.2280566667034023,0.0,3.9763727066727297,0.0,0.0,3.0652361518450273,0.0,3.436526018352405,0.0,2.2280566667034023,1.155970399043236,3.0652361518450273,0.0,1.155970399043236,10.259339059141496,4.368311955633122,1.155970399043236,0.0,1.155970399043236,0.0,0.0,2.2280566667034023,0.0,0.0,0.0,3.859150336357346,2.5639796520941167,3.859150336357346,1.7893883724399722,4.084782077565028,5.094456624518646,0.0,1.7893883724399722,2.5639796520941167,0.0,1.155970399043236,0.0,1.7893883724399722,0.0,2.8362691285291706,1.7893883724399722,1.155970399043236,2.2280566667034023,0.0,2.2280566667034023,5.845583200901841,3.5915686286526287,2.2280566667034023,3.859150336357346,3.262792593369026,2.5639796520941167,2.8362691285291706,2.2280566667034023,3.9763727066727297,0.0,1.155970399043236,1.155970399043236,0.0,1.155970399043236,3.5915686286526287,3.859150336357346,2.8362691285291706,0.0,3.9763727066727297,1.155970399043236,0.0,0.0,2.2280566667034023,4.929800366260616,1.7893883724399722,0.0,0.0,6.3802252947920515,3.262792593369026,4.605167760241557,0.0,0.0,6.099269677610338,2.2280566667034023,3.0652361518450273,1.155970399043236,0.0,2.8362691285291706,2.8362691285291706,0.0,0.0,5.57522095077665,5.682629610759834,1.155970399043236,1.7893883724399722,1.7893883724399722,0.0,0.0,2.2280566667034023,0.0,0.0,1.7893883724399722,4.5304546218879755,0.0,1.7893883724399722,1.155970399043236,0.0,0.0,0.0,0.0,1.155970399043236,1.155970399043236,5.498898559106961,0.0,2.5639796520941167,3.436526018352405,0.0,0.0,0.0,0.0,1.155970399043236,0.0,1.155970399043236,0.0,2.2280566667034023,0.0,0.0,3.436526018352405,0.0,4.929800366260616,7.413722171614073,1.155970399043236,0.0,0.0,3.731554275508723,4.986799523635198,2.2280566667034023,0.0,0.0,0.0,3.436526018352405,7.127247366945319,0.0,0.0,0.0,1.155970399043236,1.7893883724399722,1.155970399043236,0.0,0.0,1.155970399043236,1.7893883724399722,0.0,1.7893883724399722,1.7893883724399722,1.155970399043236,1.155970399043236,7.504351946132237,4.743901235774016,5.145415148286046,1.155970399043236,0.0,1.7893883724399722,0.0,0.0,0.0,0.0,1.7893883724399722,1.155970399043236,1.7893883724399722,0.0,8.312484243441922,11.44379847606693,1.155970399043236,1.155970399043236,11.395279603378972,0.0,0.0,1.155970399043236,4.279851881203057,2.5639796520941167,0.0,0.0,0.0,0.0,0.0,0.0,0.0,2.5639796520941167,0.0,0.0,1.7893883724399722,0.0,0.0,0.0,0.0,0.0,0.0,3.859150336357346,0.0,5.376265102439267,1.155970399043236,0.0,1.155970399043236
GSM5016050,2.032581067745079,6.485733270093415,7.526857501201779,7.008723086988766,4.79658742202557,1.6139595732078118,6.171953725738474,0.0,1.0218022603947954,1.0218022603947954,1.0218022603947954,1.6139595732078118,7.955992347787828,1.6139595732078118,0.0,2.032581067745079,1.0218022603947954,3.624684958596793,1.0218022603947954,5.468552791289841,9.017609761754793,4.626464796310386,5.129488200913244,3.847586129091615,2.032581067745079,2.6211186822928845,2.6211186822928845,0.0,2.032581067745079,7.252445187925621,0.0,4.128232528390949,3.740436140163879,0.0,0.0,2.032581067745079,1.0218022603947954,4.040612651203301,3.0379404216824364,1.0218022603947954,2.032581067745079,0.0,0.0,2.032581067745079,4.128232528390949,2.8445309395921226,1.0218022603947954,1.0218022603947954,1.0218022603947954,7.065319737535843,2.356655293882755,1.0218022603947954,2.6211186822928845,0.0,0.0,5.327588483171609,6.3281354247739445,2.032581067745079,5.327588483171609,6.612686666134381,0.0,1.0218022603947954,2.032581067745079,5.041946912140528,1.0218022603947954,0.0,0.0,0.0,1.0218022603947954,0.0,2.8445309395921226,2.356655293882755,6.130115627576614,4.899789937484263,8.959071040603453,2.356655293882755,8.087512546020521,4.68542963322082,10.808955937622148,4.626464796310386,9.06000591438611,2.032581067745079,2.8445309395921226,2.032581067745079,4.040612651203301,0.0,3.624684958596793,0.0,5.290084985608209,1.6139595732078118,1.0218022603947954,0.0,3.208459679799919,3.208459679799919,6.019882924026736,0.0,0.0,3.0379404216824364,3.208459679799919,3.624684958596793,1.6139595732078118,3.847586129091615,3.740436140163879,4.79658742202557,1.0218022603947954,0.0,6.064991647206553,1.0218022603947954,2.356655293882755,0.0,1.0218022603947954,1.0218022603947954,0.0,3.624684958596793,0.0,1.0218022603947954,0.0,1.6139595732078118,2.6211186822928845,2.356655293882755,0.0,2.032581067745079,2.8445309395921226,4.363074598551899,2.032581067745079,6.382603461911184,2.6211186822928845,4.899789937484263,2.032581067745079,1.0218022603947954,1.0218022603947954,0.0,3.3609380024073423,2.032581067745079,1.0218022603947954,1.0218022603947954,1.6139595732078118,6.1924264108092935,4.288961643531665,6.271530022724171,3.208459679799919,4.626464796310386,6.232520309652114,2.032581067745079,3.624684958596793,3.0379404216824364,1.0218022603947954,1.0218022603947954,4.849111301025781,0.0,2.032581067745079,2.356655293882755,2.356655293882755,2.6211186822928845,0.0,2.032581067745079,1.6139595732078118,1.0218022603947954,5.534185232008565,1.0218022603947954,6.743309627060826,2.8445309395921226,3.624684958596793,1.0218022603947954,5.434581834298881,2.032581067745079,4.040612651203301,3.3609380024073423,1.6139595732078118,2.032581067745079,0.0,1.6139595732078118,3.208459679799919,1.6139595732078118,0.0,0.0,2.032581067745079,2.8445309395921226,13.204249659937275,9.58431932331692,1.0218022603947954,2.6211186822928845,1.6139595732078118,1.0218022603947954,1.6139595732078118,2.6211186822928845,1.0218022603947954,2.032581067745079,9.994521586688244,5.900525623908414,5.21202008865537,0.0,3.9473252520832993,2.356655293882755,0.0,2.356655293882755,2.356655293882755,3.740436140163879,2.6211186822928845,11.834023656101367,4.500772201501673,1.0218022603947954,2.356655293882755,1.0218022603947954,1.0218022603947954,1.0218022603947954,2.032581067745079,1.6139595732078118,3.3609380024073423,3.3609380024073423,1.6139595732078118,3.4988302336146977,1.6139595732078118,6.96179076093735,5.875421739398783,2.6211186822928845,1.6139595732078118,8.910467376851498,5.596961332152786,0.0,1.6139595732078118,8.014653614875186,11.095148512540694,2.6211186822928845,1.6139595732078118,0.0,1.0218022603947954,9.919751527371549,2.6211186822928845,1.0218022603947954,2.032581067745079,1.0218022603947954,1.6139595732078118,1.6139595732078118,2.356655293882755,3.3609380024073423,3.740436140163879,4.626464796310386,0.0,1.0218022603947954,4.9961002011072795,0.0,1.6139595732078118,0.0,5.129488200913244,2.032581067745079,3.0379404216824364,1.6139595732078118,1.0218022603947954,0.0,1.0218022603947954,5.65711937494004,3.0379404216824364,1.0218022603947954,2.032581067745079,2.032581067745079,2.032581067745079,1.6139595732078118,5.797377648517173,8.962055081441383,4.500772201501673,0.0,9.97397359148866,0.0,2.032581067745079,0.0,1.0218022603947954,0.0,2.356655293882755,1.0218022603947954,5.21202008865537,1.6139595732078118,8.048738576400439,5.686283133935216,6.811073045023319,3.9473252520832993,1.6139595732078118,3.0379404216824364,1.0218022603947954,1.6139595732078118,2.032581067745079,1.0218022603947954,0.0,0.0,4.68542963322082,2.8445309395921226,1.6139595732078118,4.128232528390949,3.624684958596793,0.0,3.0379404216824364
GSM5016160,1.9950970407344848,6.900404237749321,0.9967332125850196,6.015927679749845,1.5806051382757291,0.0,6.651735401772571,0.0,2.3166976784623814,0.0,1.9950970407344848,0.9967332125850196,9.168396035920006,2.5795137382242856,1.9950970407344848,0.9967332125850196,0.9967332125850196,5.9477610570362085,1.5806051382757291,1.5806051382757291,9.342197220345687,5.385932516927303,6.501325691770983,4.801048051357741,4.241731527540854,3.1641122553744645,3.578967728425425,0.0,0.0,6.260330690133582,2.994278258434409,7.477311412781106,3.453486492135967,0.0,0.9967332125850196,6.2789452768166045,1.5806051382757291,3.578967728425425,1.5806051382757291,2.801750177846213,5.851553033592495,4.694150854953732,2.5795137382242856,2.801750177846213,1.9950970407344848,0.9967332125850196,0.0,0.0,0.9967332125850196,3.801282131490264,1.5806051382757291,1.5806051382757291,0.0,0.0,0.0,6.059646046668121,6.18337337328349,3.453486492135967,5.1229293256606585,3.694402936531067,1.5806051382757291,1.5806051382757291,4.38608858300981,7.721410389183283,3.993868692960054,0.0,0.0,0.0,0.0,2.3166976784623814,2.801750177846213,3.316042541084309,4.241731527540854,6.707766964060811,9.1304617676894,4.694150854953732,4.163748179949374,3.1641122553744645,11.408675010471775,4.241731527540854,7.976478498051166,3.1641122553744645,7.888304319769506,5.694024797645845,6.959295741604236,0.9967332125850196,0.0,1.9950970407344848,5.241559036395867,1.5806051382757291,1.5806051382757291,0.9967332125850196,0.0,3.316042541084309,2.994278258434409,0.9967332125850196,2.5795137382242856,3.453486492135967,1.9950970407344848,1.5806051382757291,2.994278258434409,2.801750177846213,1.9950970407344848,5.9477610570362085,1.9950970407344848,0.0,9.09150305730271,3.453486492135967,2.3166976784623814,1.5806051382757291,1.5806051382757291,1.9950970407344848,0.0,1.5806051382757291,0.9967332125850196,2.3166976784623814,0.9967332125850196,0.9967332125850196,1.5806051382757291,1.9950970407344848,4.801048051357741,0.9967332125850196,0.9967332125850196,2.994278258434409,0.0,7.231907166007227,1.5806051382757291,6.665948624655081,1.9950970407344848,0.0,0.0,0.0,5.163566107777046,0.9967332125850196,3.694402936531067,3.453486492135967,0.0,4.748589301775461,2.801750177846213,6.3685774263812664,0.9967332125850196,3.316042541084309,6.800872466330627,3.900786596551153,1.9950970407344848,0.9967332125850196,2.3166976784623814,0.9967332125850196,3.578967728425425,0.0,1.5806051382757291,1.5806051382757291,0.0,0.9967332125850196,0.9967332125850196,1.5806051382757291,1.9950970407344848,0.0,4.3157148607981535,0.0,7.630116575264798,0.0,4.694150854953732,1.5806051382757291,3.993868692960054,1.5806051382757291,2.3166976784623814,3.316042541084309,0.0,4.38608858300981,0.0,0.0,3.993868692960054,3.801282131490264,0.0,0.9967332125850196,0.0,4.993663866612925,11.742492297880291,9.916793248221587,0.9967332125850196,7.324416608219872,0.0,0.9967332125850196,1.9950970407344848,0.0,0.0,2.3166976784623814,9.946206873730448,8.096770658811975,5.419876219205978,1.5806051382757291,3.694402936531067,1.9950970407344848,0.0,1.5806051382757291,1.5806051382757291,2.3166976784623814,1.9950970407344848,12.757709558885445,5.548187342057851,0.0,2.5795137382242856,3.578967728425425,1.9950970407344848,3.694402936531067,3.316042541084309,2.5795137382242856,6.203000966512628,4.5173059755733895,3.453486492135967,5.548187342057851,1.9950970407344848,6.385854477554572,5.608302641730862,4.3157148607981535,0.0,9.697370445323251,6.222365110219311,3.453486492135967,2.3166976784623814,7.306383197570012,10.917532570843813,3.316042541084309,0.0,0.0,2.5795137382242856,9.935980178943597,2.3166976784623814,0.9967332125850196,0.0,1.5806051382757291,0.0,2.994278258434409,2.801750177846213,0.0,1.9950970407344848,5.385932516927303,0.9967332125850196,0.0,1.5806051382757291,0.0,0.0,0.9967332125850196,3.993868692960054,1.5806051382757291,0.0,0.0,0.0,0.0,0.9967332125850196,2.5795137382242856,0.9967332125850196,0.9967332125850196,0.0,2.801750177846213,1.9950970407344848,0.9967332125850196,5.548187342057851,8.292687841606721,0.0,1.5806051382757291,8.183306021391065,1.5806051382757291,5.038051778658391,0.0,0.9967332125850196,0.0,1.5806051382757291,3.801282131490264,3.578967728425425,0.0,8.153353270292609,6.3685774263812664,7.394377238890334,0.9967332125850196,1.5806051382757291,0.9967332125850196,1.5806051382757291,0.9967332125850196,4.5786946460143065,1.9950970407344848,1.5806051382757291,1.5806051382757291,6.2789452768166045,0.0,6.85149652105766,0.0,1.5806051382757291,1.5806051382757291,4.5173059755733895
GSM5016204,0.0,7.776246938876325,0.0,5.18958320677096,1.2107558377715777,0.0,7.88454525691401,0.0,3.525656662000301,0.0,2.30561046953521,0.0,6.765485307734673,0.0,0.0,0.0,0.0,6.782812960325973,2.920854145137569,0.0,9.413536828474015,3.525656662000301,6.2957364682341925,8.093390395536087,6.343228529995127,1.8596425630946265,1.8596425630946265,0.0,0.0,8.475485976735769,0.0,8.32393316960354,3.1517828612575114,0.0,3.525656662000301,3.3507971766821227,0.0,0.0,1.2107558377715777,4.068246378211782,5.428505489486225,4.278300135496541,0.0,2.30561046953521,2.6457834311200763,0.0,0.0,0.0,0.0,0.0,0.0,0.0,0.0,0.0,0.0,3.525656662000301,3.9505127832551006,5.289947740734187,3.9505127832551006,3.6815952266308942,1.2107558377715777,2.6457834311200763,3.822310715422377,2.30561046953521,0.0,0.0,0.0,0.0,0.0,2.6457834311200763,4.177092815206763,0.0,7.677798874928966,0.0,9.84532928597168,3.1517828612575114,1.8596425630946265,0.0,3.6815952266308942,0.0,7.562136936444106,3.822310715422377,7.249613134567505,6.143091328660659,5.471884131004145,0.0,5.846175185875642,1.8596425630946265,1.8596425630946265,0.0,0.0,0.0,0.0,4.278300135496541,1.2107558377715777,0.0,0.0,3.6815952266308942,0.0,2.920854145137569,0.0,3.1517828612575114,2.6457834311200763,1.2107558377715777,3.6815952266308942,1.2107558377715777,7.369148742333973,0.0,4.770394247366298,0.0,0.0,0.0,0.0,3.3507971766821227,0.0,0.0,0.0,1.8596425630946265,2.920854145137569,0.0,4.545227534318631,0.0,0.0,0.0,1.8596425630946265,5.7078825071264125,0.0,1.8596425630946265,0.0,0.0,0.0,0.0,3.9505127832551006,2.6457834311200763,1.2107558377715777,4.177092815206763,1.8596425630946265,3.6815952266308942,1.2107558377715777,7.852080128955317,2.30561046953521,4.068246378211782,6.389206898046972,2.920854145137569,2.920854145137569,3.3507971766821227,2.30561046953521,0.0,0.0,2.30561046953521,0.0,0.0,0.0,1.2107558377715777,0.0,0.0,0.0,0.0,5.24063806019752,0.0,8.889509817663615,0.0,3.3507971766821227,0.0,2.6457834311200763,0.0,0.0,3.525656662000301,0.0,2.6457834311200763,0.0,0.0,7.714380162661834,2.30561046953521,0.0,0.0,0.0,5.554914304319915,6.765485307734673,9.239350788446394,0.0,4.545227534318631,0.0,0.0,0.0,0.0,0.0,0.0,1.2107558377715777,8.475485976735769,5.081711033354275,0.0,1.8596425630946265,1.2107558377715777,3.822310715422377,0.0,0.0,7.063648073620681,0.0,4.461621466260891,0.0,0.0,2.30561046953521,7.02047653844873,4.177092815206763,5.024591324666884,5.812824836039207,6.002258226831022,6.2957364682341925,7.1859136569673066,6.975973171951439,3.1517828612575114,1.2107558377715777,0.0,5.471884131004145,0.0,0.0,8.107212021116162,0.0,0.0,0.0,5.554914304319915,7.077756197459784,0.0,0.0,2.30561046953521,4.9030841221189565,8.086429607118873,4.624252774582866,0.0,3.3507971766821227,0.0,0.0,1.8596425630946265,1.8596425630946265,0.0,2.30561046953521,5.910648499569178,0.0,0.0,0.0,0.0,0.0,0.0,5.812824836039207,0.0,4.461621466260891,1.8596425630946265,1.2107558377715777,0.0,0.0,4.278300135496541,0.0,2.30561046953521,0.0,0.0,0.0,0.0,6.656907320000076,9.083773250164803,0.0,0.0,8.836562536463008,0.0,0.0,3.1517828612575114,0.0,0.0,1.2107558377715777,0.0,3.822310715422377,2.6457834311200763,4.068246378211782,5.428505489486225,6.730192872899076,1.8596425630946265,0.0,0.0,0.0,2.30561046953521,0.0,0.0,0.0,2.6457834311200763,7.931912924641596,1.8596425630946265,5.024591324666884,3.1517828612575114,0.0,0.0,0.0
GSM5016185,0.9467110090604856,6.521873656375294,3.98546178060221,5.508388304663843,1.513463941350944,0.0,6.140789101261115,0.0,0.0,0.9467110090604856,0.9467110090604856,1.9193097349769344,7.343233562179054,1.9193097349769344,0.9467110090604856,0.9467110090604856,0.0,6.140789101261115,0.0,3.485711249844207,9.639701957455731,4.939186668239443,6.725257219780878,4.355928449710645,2.9054114307014545,0.9467110090604856,0.9467110090604856,0.0,2.9054114307014545,6.536361839485112,1.513463941350944,4.5397397111653905,3.8057700444601417,0.0,1.513463941350944,2.235694564615949,1.513463941350944,0.0,1.513463941350944,1.9193097349769344,3.0737838787308993,1.513463941350944,2.495021592099155,4.145230933917144,3.0737838787308993,2.235694564615949,1.9193097349769344,0.9467110090604856,1.9193097349769344,2.714760040982424,0.9467110090604856,0.0,1.513463941350944,0.0,0.9467110090604856,2.495021592099155,4.982155075512137,1.513463941350944,2.495021592099155,5.751302717580093,0.0,1.9193097349769344,0.0,5.537488675698256,0.0,0.0,0.0,0.0,0.0,0.9467110090604856,0.9467110090604856,1.9193097349769344,5.251678921240262,4.419836603595668,8.979048140992248,0.0,4.067556903170637,3.0737838787308993,9.06149878157374,4.145230933917144,6.384483993535779,2.714760040982424,4.702756374294754,3.8057700444601417,5.103877156199173,0.0,0.0,0.0,5.286378948238541,0.9467110090604856,0.0,0.0,1.9193097349769344,0.9467110090604856,6.699739787098459,0.0,0.0,3.0737838787308993,0.9467110090604856,4.067556903170637,2.495021592099155,0.9467110090604856,2.235694564615949,5.674787385590114,0.9467110090604856,0.9467110090604856,8.163206014037451,2.714760040982424,2.235694564615949,0.9467110090604856,4.419836603595668,1.513463941350944,0.9467110090604856,3.3610292496829413,0.0,0.9467110090604856,0.9467110090604856,1.513463941350944,0.9467110090604856,1.9193097349769344,1.9193097349769344,1.513463941350944,4.218935818272132,0.0,0.9467110090604856,5.251678921240262,0.9467110090604856,2.714760040982424,0.9467110090604856,1.9193097349769344,1.9193097349769344,1.9193097349769344,4.802024162030027,1.513463941350944,5.179669967922121,0.0,0.0,5.478688849946402,3.706768703895044,3.485711249844207,2.235694564615949,3.224543725362938,6.267775950519618,3.3610292496829413,1.9193097349769344,2.714760040982424,0.9467110090604856,1.513463941350944,0.9467110090604856,0.0,4.481033449956116,1.513463941350944,0.9467110090604856,0.9467110090604856,1.513463941350944,4.067556903170637,2.235694564615949,0.9467110090604856,3.224543725362938,1.513463941350944,6.9796700634050985,0.9467110090604856,3.8984117450926936,0.0,5.893139603374056,0.9467110090604856,2.9054114307014545,2.495021592099155,0.9467110090604856,2.495021592099155,0.0,1.9193097349769344,3.3610292496829413,1.513463941350944,1.513463941350944,0.9467110090604856,0.0,3.224543725362938,11.236826536081724,8.395514424504476,0.0,2.235694564615949,1.513463941350944,0.9467110090604856,0.9467110090604856,2.714760040982424,0.9467110090604856,0.9467110090604856,8.69898465372119,7.640095411471833,5.937480370365782,0.9467110090604856,4.419836603595668,2.714760040982424,0.9467110090604856,1.513463941350944,0.9467110090604856,1.9193097349769344,1.9193097349769344,10.437383161857614,3.8057700444601417,3.0737838787308993,2.714760040982424,2.714760040982424,0.0,2.495021592099155,1.513463941350944,2.9054114307014545,3.0737838787308993,4.218935818272132,5.142271232189083,4.753243891946336,1.513463941350944,4.218935818272132,4.894899125521735,2.714760040982424,3.3610292496829413,8.279731942277436,6.15962887003959,0.9467110090604856,0.9467110090604856,6.352090979666973,9.598872005565903,1.513463941350944,1.513463941350944,0.0,1.513463941350944,9.127579203311132,3.6004697922261637,0.9467110090604856,0.0,0.0,2.495021592099155,1.513463941350944,0.0,0.9467110090604856,1.9193097349769344,3.0737838787308993,2.495021592099155,1.513463941350944,5.537488675698256,0.0,2.9054114307014545,0.0,6.507238499282843,3.0737838787308993,2.9054114307014545,1.513463941350944,0.9467110090604856,0.0,1.513463941350944,5.251678921240262,2.9054114307014545,0.0,0.9467110090604856,3.224543725362938,1.513463941350944,0.0,7.021466551728818,9.593686044809054,2.495021592099155,0.9467110090604856,9.47084133434296,0.0,3.6004697922261637,0.0,0.9467110090604856,1.9193097349769344,0.9467110090604856,1.9193097349769344,0.0,0.0,9.010521897231982,2.235694564615949,2.495021592099155,4.802024162030027,0.0,0.9467110090604856,1.9193097349769344,0.0,0.9467110090604856,0.9467110090604856,0.9467110090604856,0.9467110090604856,3.485711249844207,4.894899125521735,1.9193097349769344,4.650437758363022,3.8984117450926936,0.0,5.103877156199173
GSM5016149,1.1308498059642915,3.933433214086527,1.1308498059642915,5.100832806643814,2.5259455252398464,0.0,7.282476904141667,1.1308498059642915,1.1308498059642915,0.0,0.0,1.7569181983809516,5.414328146297199,0.0,0.0,0.0,0.0,6.976559308134633,1.7569181983809516,3.22174388370724,8.746029540146615,1.7569181983809516,8.54009551462007,4.142272697816125,3.22174388370724,1.1308498059642915,0.0,0.0,6.495707491750407,6.863171121876555,1.7569181983809516,4.9971478904850475,5.100832806643814,0.0,1.7569181983809516,2.192077623462139,0.0,2.796885256448506,4.324668860034013,0.0,4.942370168956236,1.1308498059642915,1.7569181983809516,1.1308498059642915,1.1308498059642915,0.0,1.1308498059642915,0.0,2.192077623462139,1.1308498059642915,0.0,1.1308498059642915,0.0,0.0,0.0,0.0,5.454030108098022,1.1308498059642915,0.0,3.394927793299301,0.0,0.0,0.0,7.325921633669617,4.142272697816125,0.0,0.0,2.5259455252398464,1.1308498059642915,3.22174388370724,8.709589818971319,1.7569181983809516,4.561183267349491,2.5259455252398464,7.950144847388539,1.7569181983809516,0.0,0.0,2.5259455252398464,0.0,8.069972311347598,1.7569181983809516,1.1308498059642915,2.192077623462139,1.7569181983809516,1.7569181983809516,1.7569181983809516,1.1308498059642915,2.796885256448506,0.0,1.7569181983809516,1.7569181983809516,1.1308498059642915,1.7569181983809516,3.394927793299301,0.0,0.0,4.632125043177357,0.0,2.5259455252398464,0.0,3.0248979348439256,0.0,5.530299394365375,0.0,1.1308498059642915,7.834575320263632,2.192077623462139,2.5259455252398464,1.1308498059642915,3.816461107004796,0.0,0.0,2.192077623462139,0.0,0.0,0.0,1.1308498059642915,3.394927793299301,0.0,0.0,0.0,2.192077623462139,0.0,1.1308498059642915,3.933433214086527,1.7569181983809516,3.0248979348439256,0.0,1.1308498059642915,1.1308498059642915,2.5259455252398464,3.0248979348439256,1.1308498059642915,4.561183267349491,0.0,0.0,4.826150316148236,3.22174388370724,4.942370168956236,2.5259455252398464,3.54953272329768,5.737540369156977,3.22174388370724,4.041628520297747,2.5259455252398464,1.1308498059642915,1.1308498059642915,1.7569181983809516,1.1308498059642915,2.192077623462139,1.7569181983809516,1.1308498059642915,1.1308498059642915,0.0,2.192077623462139,2.5259455252398464,0.0,5.150008468483582,0.0,8.864934811604593,2.796885256448506,4.6997412809243,0.0,4.324668860034013,1.1308498059642915,2.5259455252398464,1.7569181983809516,0.0,4.826150316148236,1.7569181983809516,2.192077623462139,4.632125043177357,1.1308498059642915,0.0,1.7569181983809516,0.0,3.933433214086527,6.5698598450155945,8.659526042171697,0.0,6.848349861762129,1.1308498059642915,1.1308498059642915,1.1308498059642915,1.1308498059642915,1.1308498059642915,0.0,3.22174388370724,6.892364527254397,4.7643298518881245,0.0,3.394927793299301,1.7569181983809516,0.0,0.0,0.0,3.22174388370724,2.192077623462139,5.602738290314519,0.0,3.54953272329768,3.54953272329768,4.142272697816125,1.1308498059642915,2.192077623462139,2.192077623462139,1.1308498059642915,4.041628520297747,4.041628520297747,3.0248979348439256,3.933433214086527,1.1308498059642915,1.1308498059642915,5.331488083781037,1.1308498059642915,3.22174388370724,8.02454782472216,5.737540369156977,0.0,0.0,3.0248979348439256,6.334885646394776,0.0,0.0,0.0,1.1308498059642915,4.942370168956236,5.530299394365375,0.0,1.1308498059642915,2.5259455252398464,2.192077623462139,2.192077623462139,2.192077623462139,2.192077623462139,1.1308498059642915,4.142272697816125,2.192077623462139,1.7569181983809516,0.0,0.0,0.0,0.0,6.313461344487641,3.54953272329768,1.7569181983809516,1.1308498059642915,0.0,0.0,0.0,4.885430223311283,3.0248979348439256,0.0,0.0,3.0248979348439256,1.1308498059642915,1.1308498059642915,5.9743824969147195,9.189922641705923,4.826150316148236,0.0,9.65986472152676,0.0,0.0,1.1308498059642915,1.7569181983809516,0.0,0.0,1.1308498059642915,0.0,1.1308498059642915,4.486571839332074,0.0,1.7569181983809516,1.7569181983809516,0.0,2.5259455252398464,0.0,0.0,2.5259455252398464,0.0,0.0,1.1308498059642915,4.486571839332074,3.933433214086527,4.4078903054385705,3.394927793299301,0.0,0.0,1.7569181983809516
GSM5016054,0.0,1.928240279383554,3.0026606350184624,0.0,2.3809677681544152,0.0,7.038641086231508,0.0,0.0,0.0,0.0,2.3809677681544152,0.0,0.0,0.0,0.0,2.3809677681544152,8.325860338011628,0.0,1.2648087075981251,1.2648087075981251,0.0,8.36935333630865,2.725046106236531,1.928240279383554,0.0,0.0,0.0,6.5483584525652185,3.768351736622515,3.235377947788242,2.3809677681544152,7.342871580581524,1.928240279383554,3.235377947788242,1.928240279383554,0.0,0.0,6.314069176313161,0.0,0.0,0.0,0.0,3.768351736622515,1.2648087075981251,0.0,1.2648087075981251,0.0,2.725046106236531,1.928240279383554,0.0,0.0,0.0,0.0,0.0,0.0,0.0,0.0,0.0,0.0,0.0,0.0,0.0,10.423208883832633,0.0,0.0,0.0,0.0,0.0,0.0,0.0,0.0,3.611600602089564,0.0,5.280946794278853,0.0,0.0,0.0,0.0,0.0,8.293971030793962,4.36746531704877,0.0,2.3809677681544152,0.0,2.725046106236531,1.2648087075981251,0.0,0.0,1.2648087075981251,0.0,1.2648087075981251,1.2648087075981251,1.2648087075981251,2.725046106236531,0.0,1.2648087075981251,3.0026606350184624,0.0,5.227925481684924,0.0,1.2648087075981251,0.0,3.0026606350184624,0.0,0.0,13.53741591177722,7.4158040272285,3.0026606350184624,0.0,0.0,0.0,0.0,2.725046106236531,0.0,0.0,0.0,2.3809677681544152,3.435718490162874,2.3809677681544152,0.0,0.0,2.725046106236531,0.0,0.0,2.725046106236531,0.0,1.2648087075981251,0.0,1.928240279383554,0.0,0.0,0.0,0.0,9.39449422331953,0.0,3.0026606350184624,4.860916588405343,3.0026606350184624,0.0,1.928240279383554,3.235377947788242,3.0026606350184624,2.3809677681544152,1.2648087075981251,3.235377947788242,0.0,2.3809677681544152,2.3809677681544152,0.0,1.928240279383554,1.928240279383554,2.3809677681544152,2.725046106236531,0.0,4.551347152725026,2.3809677681544152,1.928240279383554,0.0,1.2648087075981251,1.928240279383554,3.0026606350184624,0.0,0.0,5.870884783003242,3.611600602089564,3.0026606350184624,0.0,0.0,5.971082560367715,1.928240279383554,3.235377947788242,2.3809677681544152,1.2648087075981251,1.2648087075981251,1.2648087075981251,0.0,1.2648087075981251,4.462333886432073,4.928939835195392,1.2648087075981251,0.0,0.0,0.0,0.0,1.928240279383554,0.0,0.0,1.928240279383554,3.435718490162874,0.0,3.0026606350184624,0.0,0.0,0.0,0.0,0.0,0.0,0.0,7.473885404607002,0.0,0.0,3.768351736622515,1.2648087075981251,1.2648087075981251,2.3809677681544152,1.2648087075981251,1.928240279383554,1.928240279383554,1.2648087075981251,3.0026606350184624,0.0,0.0,1.2648087075981251,0.0,0.0,2.725046106236531,7.852275857673269,0.0,0.0,0.0,3.768351736622515,3.611600602089564,1.2648087075981251,0.0,0.0,0.0,1.928240279383554,7.50764399355335,0.0,0.0,0.0,0.0,1.928240279383554,0.0,0.0,1.928240279383554,0.0,3.235377947788242,1.2648087075981251,0.0,1.928240279383554,0.0,0.0,7.170939070422051,3.0026606350184624,0.0,0.0,0.0,0.0,1.2648087075981251,4.928939835195392,2.3809677681544152,0.0,1.2648087075981251,3.435718490162874,1.2648087075981251,0.0,7.239512803658794,10.822419435607443,1.2648087075981251,0.0,10.878327306852906,0.0,0.0,1.2648087075981251,3.0026606350184624,1.2648087075981251,0.0,2.3809677681544152,0.0,1.928240279383554,0.0,0.0,0.0,4.36746531704877,0.0,0.0,1.2648087075981251,0.0,0.0,0.0,0.0,0.0,0.0,1.928240279383554,0.0,3.909728431953277,0.0,0.0,6.262273162850943
GSM5016153,0.0,6.328370387101654,3.3098503914233808,5.160874595807984,1.8777403066275125,0.9196553380789614,6.122218710169465,0.0,0.0,0.0,0.0,2.4484560758670137,5.392884518723178,0.0,0.0,0.9196553380789614,1.4768102257986828,5.510429223455941,0.9196553380789614,1.4768102257986828,6.847156401511182,0.9196553380789614,8.846137891830134,5.423180667982704,3.932308129881579,0.0,0.0,0.0,2.1911372561964115,7.917366684423112,2.1911372561964115,4.014201410309366,6.344290557129278,0.0,1.4768102257986828,0.0,0.0,0.0,4.014201410309366,0.9196553380789614,3.173922114810602,2.4484560758670137,1.4768102257986828,2.6667520275668215,0.9196553380789614,0.0,0.9196553380789614,0.9196553380789614,2.4484560758670137,0.0,0.9196553380789614,0.0,0.0,2.4484560758670137,0.0,0.9196553380789614,4.747292661693371,0.9196553380789614,1.8777403066275125,3.0238419905738656,0.9196553380789614,1.4768102257986828,3.5484316702647423,5.986784810745903,0.0,0.0,0.0,0.0,2.4484560758670137,0.9196553380789614,4.747292661693371,1.4768102257986828,4.2352113318843205,0.9196553380789614,6.8911707529314565,0.0,2.4484560758670137,1.4768102257986828,0.0,0.0,9.569486314546376,3.932308129881579,5.124460738486677,4.16523689304483,1.8777403066275125,2.856317101840135,0.0,0.9196553380789614,3.0238419905738656,0.0,0.9196553380789614,0.9196553380789614,1.8777403066275125,1.8777403066275125,7.868662853303979,0.9196553380789614,0.0,2.856317101840135,0.0,2.856317101840135,1.4768102257986828,1.8777403066275125,0.9196553380789614,4.4854216515585765,0.0,2.1911372561964115,11.493282982432978,5.196391943089636,2.4484560758670137,0.0,1.8777403066275125,0.9196553380789614,0.9196553380789614,2.856317101840135,0.0,0.0,1.4768102257986828,1.8777403066275125,2.6667520275668215,2.4484560758670137,1.4768102257986828,1.8777403066275125,3.173922114810602,0.0,0.0,3.3098503914233808,0.0,1.8777403066275125,0.9196553380789614,0.0,0.9196553380789614,0.0,3.5484316702647423,1.4768102257986828,7.083651228628986,1.4768102257986828,1.4768102257986828,5.619114204213344,3.654392362335865,4.64817259431245,1.8777403066275125,3.5484316702647423,4.794410644111224,0.9196553380789614,2.6667520275668215,1.4768102257986828,0.0,0.9196553380789614,0.9196553380789614,0.9196553380789614,1.4768102257986828,2.4484560758670137,2.4484560758670137,3.5484316702647423,1.4768102257986828,1.4768102257986828,2.1911372561964115,0.9196553380789614,3.654392362335865,0.0,7.742191745718199,0.9196553380789614,3.434067252411108,0.0,6.103632171595345,1.8777403066275125,3.932308129881579,1.4768102257986828,0.9196553380789614,7.193191404063097,2.1911372561964115,1.4768102257986828,3.845485010348902,0.9196553380789614,1.8777403066275125,1.4768102257986828,0.0,2.6667520275668215,6.312272575563412,7.521922156384093,1.4768102257986828,1.4768102257986828,0.0,2.6667520275668215,0.0,0.0,0.0,0.0,1.8777403066275125,5.481928646170814,4.4854216515585765,0.9196553380789614,3.0238419905738656,1.8777403066275125,1.4768102257986828,0.0,0.9196553380789614,6.328370387101654,1.4768102257986828,6.312272575563412,0.9196553380789614,0.9196553380789614,3.173922114810602,5.481928646170814,0.9196553380789614,3.0238419905738656,3.3098503914233808,3.7531002811486274,5.481928646170814,4.968853511338494,5.23105586588528,2.6667520275668215,0.0,0.0,5.297980892235534,0.9196553380789614,0.9196553380789614,7.938496047453077,4.927180118423151,0.9196553380789614,0.9196553380789614,4.747292661693371,8.17940612439829,0.9196553380789614,0.0,1.4768102257986828,3.434067252411108,4.091694734414013,7.457512299130142,0.0,0.9196553380789614,0.0,0.0,3.0238419905738656,0.0,2.6667520275668215,0.9196553380789614,2.4484560758670137,0.0,0.0,0.0,1.4768102257986828,0.0,0.0,6.564144129774628,2.856317101840135,5.196391943089636,2.1911372561964115,0.9196553380789614,0.9196553380789614,0.0,4.884267058919247,3.5484316702647423,0.9196553380789614,0.0,3.5484316702647423,0.0,0.9196553380789614,7.074136085493256,10.565993110541603,3.0238419905738656,0.0,10.703487261306297,0.0,0.9196553380789614,0.9196553380789614,3.0238419905738656,0.9196553380789614,1.4768102257986828,2.1911372561964115,0.9196553380789614,0.9196553380789614,3.845485010348902,1.8777403066275125,2.856317101840135,4.541736787251655,0.0,1.8777403066275125,2.6667520275668215,0.0,0.0,0.0,0.0,0.0,4.365734034676238,3.932308129881579,0.9196553380789614,4.884267058919247,1.4768102257986828,0.0,4.365734034676238
GSM5016157,1.707255890516687,6.131228006157961,3.484687374684572,6.24332469000914,3.3307828550270084,0.0,6.107724259466064,1.092678103169234,1.092678103169234,2.4674836425886313,0.0,1.707255890516687,5.384638499375624,2.1368761338847517,0.0,1.092678103169234,1.092678103169234,8.049402541841392,1.092678103169234,2.7362754503059556,7.255323388836519,4.873684837944885,7.778801659622062,3.867140124604021,2.7362754503059556,1.707255890516687,1.707255890516687,0.0,1.707255890516687,5.876946094521344,2.1368761338847517,3.867140124604021,5.384638499375624,1.092678103169234,0.0,2.962766279776334,0.0,2.4674836425886313,2.4674836425886313,0.0,4.757663360302609,1.707255890516687,1.092678103169234,5.219023703027082,2.1368761338847517,2.1368761338847517,1.707255890516687,0.0,1.092678103169234,2.1368761338847517,1.707255890516687,0.0,2.1368761338847517,0.0,0.0,1.707255890516687,4.418764875902835,2.1368761338847517,2.4674836425886313,6.131228006157961,1.092678103169234,1.092678103169234,3.974992107273952,5.174468955108842,1.092678103169234,0.0,0.0,0.0,2.1368761338847517,0.0,4.816840090296037,2.1368761338847517,6.36726774115749,4.16915815454763,8.57586345156658,2.1368761338847517,3.623744748965104,1.707255890516687,8.450676236606384,0.0,7.562452165735614,2.7362754503059556,5.69964336899342,3.974992107273952,4.981066387258419,0.0,0.0,0.0,3.484687374684572,0.0,0.0,0.0,2.4674836425886313,1.092678103169234,5.174468955108842,0.0,1.707255890516687,4.418764875902835,1.092678103169234,5.820232257339523,2.1368761338847517,0.0,1.092678103169234,5.460822328641261,1.707255890516687,1.092678103169234,9.098274273689212,3.7505692292920982,1.092678103169234,0.0,1.092678103169234,0.0,0.0,1.707255890516687,1.092678103169234,0.0,2.1368761338847517,1.707255890516687,2.962766279776334,1.092678103169234,1.092678103169234,2.1368761338847517,2.962766279776334,3.15847754130151,0.0,3.867140124604021,1.707255890516687,3.484687374684572,1.092678103169234,0.0,0.0,2.1368761338847517,3.623744748965104,0.0,3.15847754130151,1.707255890516687,1.092678103169234,5.635345587356759,3.623744748965104,3.974992107273952,3.15847754130151,2.4674836425886313,4.5640069683169155,1.707255890516687,2.962766279776334,2.962766279776334,2.1368761338847517,2.1368761338847517,2.962766279776334,0.0,5.533184133090765,1.092678103169234,0.0,1.092678103169234,1.092678103169234,7.879387208061945,0.0,0.0,3.623744748965104,1.707255890516687,6.177117042107893,3.7505692292920982,3.7505692292920982,0.0,5.384638499375624,1.707255890516687,2.962766279776334,2.4674836425886313,0.0,2.962766279776334,0.0,1.092678103169234,2.4674836425886313,2.4674836425886313,1.092678103169234,2.1368761338847517,0.0,3.974992107273952,9.74939348414672,8.359086449042366,0.0,1.092678103169234,0.0,1.092678103169234,2.1368761338847517,1.092678103169234,1.092678103169234,0.0,6.717100607611457,5.174468955108842,5.904488293280755,1.092678103169234,5.128494254148542,3.484687374684572,1.707255890516687,1.092678103169234,1.092678103169234,3.3307828550270084,1.092678103169234,8.298093264502842,2.7362754503059556,0.0,2.4674836425886313,1.707255890516687,0.0,1.707255890516687,1.707255890516687,1.092678103169234,3.867140124604021,3.623744748965104,4.5640069683169155,4.928374449508756,1.092678103169234,2.962766279776334,5.876946094521344,1.707255890516687,2.7362754503059556,8.5715746000251,1.092678103169234,1.092678103169234,1.092678103169234,7.913676194914517,11.490874421886769,0.0,0.0,1.092678103169234,1.092678103169234,7.445448918741869,5.174468955108842,4.418764875902835,1.092678103169234,2.4674836425886313,1.092678103169234,4.6314889967657376,0.0,2.962766279776334,1.092678103169234,3.867140124604021,3.3307828550270084,0.0,3.867140124604021,0.0,1.707255890516687,2.1368761338847517,7.694536256103244,3.867140124604021,1.707255890516687,0.0,0.0,1.092678103169234,1.092678103169234,6.517522199760298,3.7505692292920982,0.0,1.707255890516687,4.757663360302609,1.092678103169234,1.092678103169234,7.200827410568448,10.338222090868596,0.0,0.0,10.301142070269348,1.092678103169234,3.484687374684572,0.0,1.707255890516687,0.0,0.0,1.092678103169234,1.092678103169234,1.092678103169234,9.33933610808001,4.257246811519368,5.602089152257542,3.484687374684572,1.092678103169234,1.092678103169234,1.092678103169234,1.092678103169234,1.092678103169234,0.0,0.0,0.0,4.757663360302609,1.707255890516687,4.0753391640090095,4.257246811519368,2.4674836425886313,0.0,5.2622435884045125
GSM5016117,2.6274150363853472,6.517836640607186,1.4469934383487408,6.7203710288592395,3.5056822428080947,0.0,8.90970471848431,1.8438187571673448,0.0,0.0,1.8438187571673448,0.0,7.037191740801086,2.154708157534778,0.8977797627103559,0.0,0.8977797627103559,4.496967842140295,1.4469934383487408,2.154708157534778,9.016960480944215,5.878582126093754,5.6742739641768285,4.047672333451946,3.391652321607918,4.440733902327343,4.382218838637063,0.8977797627103559,0.8977797627103559,4.964023087597116,0.0,6.448234289191235,3.8019807898356177,0.0,0.0,3.5056822428080947,0.0,0.8977797627103559,2.154708157534778,4.257548099372691,5.150878735528508,0.0,1.4469934383487408,2.6274150363853472,2.9828697156687136,0.8977797627103559,0.0,0.0,0.0,3.709814422098757,0.8977797627103559,0.0,2.154708157534778,1.8438187571673448,0.0,3.391652321607918,5.079013805890735,2.8160620207738787,3.970332692384711,6.755373054196338,0.0,0.0,0.0,12.112829636210936,6.34477996619304,0.0,0.0,1.8438187571673448,2.9828697156687136,10.121093349045193,8.70709633288935,2.410336229393078,11.29365094325506,4.603258570007988,10.290750138397753,4.603258570007988,5.835615055575148,2.6274150363853472,10.399853798848982,4.603258570007988,8.442964040389578,0.0,0.0,1.4469934383487408,5.8136419178797984,0.0,0.0,0.8977797627103559,5.28468594336038,1.4469934383487408,1.4469934383487408,0.0,0.8977797627103559,2.410336229393078,2.9828697156687136,2.154708157534778,1.4469934383487408,5.6742739641768285,2.9828697156687136,0.8977797627103559,0.8977797627103559,0.8977797627103559,3.1323741050521834,7.886627079031136,3.8019807898356177,0.8977797627103559,6.094432859306434,0.8977797627103559,0.8977797627103559,0.8977797627103559,0.8977797627103559,0.0,0.0,3.391652321607918,0.8977797627103559,0.0,0.8977797627103559,0.0,0.8977797627103559,0.0,0.8977797627103559,0.8977797627103559,0.0,3.1323741050521834,0.0,5.98071405737684,0.8977797627103559,3.970332692384711,1.4469934383487408,0.8977797627103559,0.0,2.410336229393078,4.440733902327343,0.8977797627103559,0.8977797627103559,0.0,0.8977797627103559,5.079013805890735,3.267830010727301,3.88861102769872,1.8438187571673448,4.190925183548143,7.074627915472169,5.079013805890735,3.267830010727301,0.0,1.8438187571673448,0.0,5.722241526703807,0.0,0.0,0.0,1.4469934383487408,1.4469934383487408,0.0,1.4469934383487408,0.0,0.0,3.1323741050521834,0.0,7.9332267160156285,2.154708157534778,4.382218838637063,0.0,3.88861102769872,0.8977797627103559,1.4469934383487408,5.377478864518086,0.0,0.8977797627103559,0.8977797627103559,0.8977797627103559,4.88193284548568,2.154708157534778,0.0,0.0,2.154708157534778,4.749313943041579,10.06057537690296,9.359813831209394,0.0,9.711323705473438,0.0,0.0,1.4469934383487408,0.0,0.0,2.6274150363853472,8.311943906400737,8.395677229994487,5.649678545702054,0.0,3.709814422098757,2.410336229393078,0.0,2.410336229393078,2.6274150363853472,3.709814422098757,1.4469934383487408,8.74822175142855,1.4469934383487408,0.0,2.410336229393078,2.410336229393078,0.8977797627103559,1.8438187571673448,1.4469934383487408,2.154708157534778,3.970332692384711,3.709814422098757,3.267830010727301,5.041692749499251,1.8438187571673448,4.440733902327343,7.343565303275966,3.1323741050521834,0.0,9.588916971191535,4.321229730607835,1.8438187571673448,0.8977797627103559,4.88193284548568,7.6216532615192145,3.709814422098757,0.8977797627103559,0.0,1.8438187571673448,8.435789266918315,1.8438187571673448,0.8977797627103559,1.8438187571673448,2.6274150363853472,0.0,2.6274150363853472,3.709814422098757,2.9828697156687136,3.267830010727301,4.88193284548568,0.0,0.0,5.115393700181466,0.0,0.0,0.0,3.709814422098757,0.0,1.4469934383487408,2.410336229393078,3.970332692384711,5.219333079089602,1.4469934383487408,6.979150538851052,4.88193284548568,0.8977797627103559,0.0,1.4469934383487408,0.8977797627103559,0.8977797627103559,3.709814422098757,6.660078396309777,6.918676039618039,0.8977797627103559,7.146706275657005,2.154708157534778,1.8438187571673448,0.0,0.8977797627103559,0.0,0.8977797627103559,0.0,3.391652321607918,0.0,7.223710037329847,5.3472062283051125,6.732132979393167,2.410336229393078,1.8438187571673448,2.8160620207738787,0.0,1.4469934383487408,3.5056822428080947,2.154708157534778,0.8977797627103559,0.8977797627103559,6.165552333321421,0.0,7.3512124463109085,0.0,2.9828697156687136,2.154708157534778,1.8438187571673448
GSM5016130,0.0,5.68477197369506,4.586536303662168,5.2166108928603,2.100794853219802,0.0,6.320971188465387,0.0,0.0,0.0,1.6748994426639767,3.1169300195298897,4.650918516511445,1.6748994426639767,0.0,2.100794853219802,0.0,7.331695202405083,0.0,1.6748994426639767,7.920214732845082,4.986483467769901,8.728748405447977,2.9219909367918993,1.6748994426639767,1.6748994426639767,1.0679728466489282,0.0,2.429198685448756,7.783306682954845,2.9219909367918993,3.707231055234606,6.037659928051886,0.0,1.0679728466489282,2.100794853219802,2.429198685448756,1.0679728466489282,6.280844701953784,1.6748994426639767,2.69653415720923,2.100794853219802,0.0,4.986483467769901,0.0,1.6748994426639767,1.0679728466489282,0.0,2.429198685448756,2.100794853219802,1.0679728466489282,0.0,1.0679728466489282,0.0,0.0,3.1169300195298897,3.8235278351804407,1.0679728466489282,1.0679728466489282,2.100794853219802,0.0,2.100794853219802,1.0679728466489282,7.498439336875529,2.9219909367918993,0.0,0.0,0.0,0.0,0.0,0.0,0.0,3.442063605381078,4.2957416359555145,7.839638310067883,1.0679728466489282,0.0,3.442063605381078,9.567331485313234,0.0,9.371081264933606,3.288636728497687,0.0,1.6748994426639767,2.429198685448756,0.0,0.0,0.0,3.8235278351804407,2.100794853219802,0.0,0.0,2.429198685448756,2.429198685448756,4.212862507206772,0.0,0.0,2.9219909367918993,1.0679728466489282,4.519146193772993,1.0679728466489282,1.6748994426639767,1.0679728466489282,3.931145150892674,2.429198685448756,0.0,11.613632504643991,5.299281011417407,2.100794853219802,1.0679728466489282,3.931145150892674,0.0,0.0,1.6748994426639767,1.0679728466489282,1.0679728466489282,1.6748994426639767,2.429198685448756,2.429198685448756,2.100794853219802,2.9219909367918993,1.0679728466489282,1.6748994426639767,2.100794853219802,2.100794853219802,3.580730998628474,0.0,3.580730998628474,0.0,0.0,1.0679728466489282,1.0679728466489282,1.0679728466489282,0.0,7.804689625924268,0.0,1.0679728466489282,5.885421376990354,4.1249304322348594,5.522178349733511,2.429198685448756,3.1169300195298897,5.128914062612523,3.1169300195298897,1.6748994426639767,2.429198685448756,1.0679728466489282,0.0,1.0679728466489282,0.0,3.931145150892674,1.6748994426639767,2.429198685448756,3.1169300195298897,2.429198685448756,5.6536862478241705,2.429198685448756,0.0,0.0,0.0,2.9219909367918993,3.8235278351804407,3.580730998628474,0.0,5.68477197369506,4.031289045062817,4.883064684852396,0.0,0.0,6.416660455908754,1.6748994426639767,2.429198685448756,2.100794853219802,0.0,1.0679728466489282,0.0,1.0679728466489282,1.6748994426639767,9.727047087446104,7.607906774300451,0.0,1.6748994426639767,1.6748994426639767,0.0,0.0,2.9219909367918993,0.0,1.0679728466489282,7.804689625924268,5.963547818843148,5.0355394248046945,2.9219909367918993,3.8235278351804407,1.6748994426639767,1.0679728466489282,2.100794853219802,2.100794853219802,3.1169300195298897,2.100794853219802,10.875964049040784,3.580730998628474,1.0679728466489282,4.519146193772993,3.707231055234606,1.0679728466489282,0.0,1.0679728466489282,2.100794853219802,2.429198685448756,2.100794853219802,2.100794853219802,4.1249304322348594,1.6748994426639767,3.288636728497687,2.429198685448756,1.0679728466489282,2.69653415720923,7.920214732845082,5.715201999477378,1.0679728466489282,1.6748994426639767,6.320971188465387,9.798066289507476,2.100794853219802,0.0,0.0,0.0,9.327426922955285,6.239570146963445,0.0,0.0,0.0,3.288636728497687,2.69653415720923,1.0679728466489282,0.0,1.0679728466489282,2.9219909367918993,0.0,1.0679728466489282,1.6748994426639767,1.0679728466489282,0.0,0.0,6.379142870750072,3.707231055234606,1.6748994426639767,0.0,0.0,3.442063605381078,0.0,2.69653415720923,1.0679728466489282,0.0,0.0,4.82843545726257,1.0679728466489282,1.0679728466489282,7.002165989719758,10.67001969063821,0.0,0.0,10.796366557854643,0.0,2.429198685448756,2.69653415720923,1.0679728466489282,1.6748994426639767,0.0,2.429198685448756,1.6748994426639767,1.0679728466489282,6.939107715406007,2.69653415720923,3.931145150892674,4.650918516511445,2.100794853219802,0.0,1.0679728466489282,0.0,1.6748994426639767,0.0,0.0,0.0,2.69653415720923,2.429198685448756,4.1249304322348594,4.2957416359555145,0.0,0.0,6.939107715406007
GSM5016176,1.3367918635891798,5.2039222100358105,2.2674534657325847,6.286464419097646,1.3367918635891798,0.0,5.571059307650647,0.0,2.018555905700705,0.0,0.0,0.0,7.677411882689226,0.0,1.3367918635891798,0.0,0.0,4.381045984054243,1.3367918635891798,2.975722878579474,7.39958051007788,4.942742350694995,6.3553013124173905,5.919094848367003,5.2039222100358105,2.4796626499049506,2.975722878579474,0.0,2.4796626499049506,6.214177745083269,2.4796626499049506,5.173745966527477,4.578235384202887,0.8179875030114053,0.8179875030114053,3.2314931581792976,0.0,1.7175766891420912,2.975722878579474,3.723244073713855,3.546120365995218,2.4796626499049506,1.3367918635891798,0.8179875030114053,1.3367918635891798,1.7175766891420912,0.0,0.0,0.8179875030114053,4.327229344783741,0.0,0.0,0.0,1.3367918635891798,0.0,4.432927093629566,6.831824894570576,2.828542295392079,4.667565264404068,4.152572113997067,1.7175766891420912,3.448674432983443,6.3553013124173905,1.7175766891420912,0.0,0.0,0.0,1.7175766891420912,1.3367918635891798,0.8179875030114053,6.869965725824374,1.3367918635891798,5.2334801798801145,6.024306019821242,8.870125382950949,1.7175766891420912,3.804266906658501,3.546120365995218,11.266214770716436,3.804266906658501,8.82715008812955,0.0,8.304220353693289,5.805603128311725,5.745323613752575,0.0,0.8179875030114053,0.0,3.546120365995218,1.7175766891420912,1.7175766891420912,0.8179875030114053,0.0,2.2674534657325847,4.978095012242369,0.8179875030114053,0.0,2.975722878579474,3.1092686865167796,3.637398761040019,3.2314931581792976,0.8179875030114053,1.7175766891420912,4.942742350694995,2.018555905700705,1.3367918635891798,6.00729505801017,0.0,0.8179875030114053,0.8179875030114053,1.3367918635891798,0.0,0.0,0.8179875030114053,0.0,0.8179875030114053,2.2674534657325847,0.0,2.2674534657325847,0.0,2.018555905700705,1.3367918635891798,1.7175766891420912,2.828542295392079,1.7175766891420912,6.184217486602933,0.0,4.7102381395417545,1.7175766891420912,0.0,0.0,0.8179875030114053,6.106476236924816,0.8179875030114053,1.7175766891420912,2.018555905700705,0.0,5.660821053554238,3.804266906658501,5.142925030497102,0.0,2.828542295392079,5.290839142429463,3.1092686865167796,2.4796626499049506,0.0,0.8179875030114053,0.8179875030114053,4.2131711943343335,0.0,1.7175766891420912,0.0,0.0,2.018555905700705,0.0,2.018555905700705,0.0,0.8179875030114053,3.1092686865167796,0.0,8.477889340635583,0.0,4.432927093629566,0.0,4.623591613248946,0.8179875030114053,1.7175766891420912,3.637398761040019,0.8179875030114053,3.2314931581792976,0.8179875030114053,0.8179875030114053,3.953819843408108,2.6646228506998213,0.8179875030114053,1.3367918635891798,0.0,3.953819843408108,11.599865199318414,8.985365412169966,0.0,0.0,0.8179875030114053,0.8179875030114053,0.0,1.3367918635891798,0.0,2.018555905700705,9.3996911127848,7.682778844082152,6.446467821470201,0.8179875030114053,5.0463029788009095,3.880980381222351,1.3367918635891798,2.2674534657325847,2.2674534657325847,7.932979276673293,0.0,12.616732767104756,4.9065015780384265,0.0,2.6646228506998213,6.341794187768179,2.6646228506998213,4.327229344783741,4.2131711943343335,4.152572113997067,5.919094848367003,6.243528459667739,5.523993371390697,3.1092686865167796,1.3367918635891798,5.972659311248809,6.752378053938131,2.018555905700705,0.0,8.511455334314093,6.257982891496551,0.0,0.8179875030114053,8.254627453457408,11.628654679462953,0.0,0.8179875030114053,1.3367918635891798,3.637398761040019,10.485638942790434,3.953819843408108,1.3367918635891798,1.3367918635891798,2.018555905700705,0.0,3.2314931581792976,1.7175766891420912,0.0,3.2314931581792976,3.723244073713855,1.7175766891420912,0.0,0.0,0.0,0.0,0.0,6.090412340536374,2.018555905700705,3.546120365995218,0.8179875030114053,4.432927093629566,0.0,0.0,4.023157828982795,2.828542295392079,1.7175766891420912,0.0,2.018555905700705,1.3367918635891798,0.0,5.0463029788009095,8.812535724224986,5.638898743462451,0.0,8.923238642882636,2.2674534657325847,2.975722878579474,0.0,0.0,0.0,0.8179875030114053,2.4796626499049506,2.6646228506998213,0.8179875030114053,9.536407668305902,7.672024881120038,8.834402126608076,1.3367918635891798,2.2674534657325847,1.7175766891420912,0.8179875030114053,2.4796626499049506,1.3367918635891798,0.0,1.3367918635891798,0.0,6.1380771896886275,4.023157828982795,2.018555905700705,3.546120365995218,3.448674432983443,0.8179875030114053,3.723244073713855
GSM5016059,0.0,6.246950659453529,0.0,5.718733385087609,5.815110378984852,1.2959062422233396,6.39150606392033,0.7888159009693249,3.574687488768381,1.9673986802223464,1.2959062422233396,0.7888159009693249,5.815110378984852,0.0,0.0,0.0,0.7888159009693249,5.358293374033702,2.2135897562213573,3.170600486779224,10.340912881092818,2.2135897562213573,4.601992913033998,4.765302005279944,4.148615738449238,1.2959062422233396,1.9673986802223464,0.0,5.012979954374319,7.28531626848242,1.9673986802223464,3.574687488768381,4.316077180848801,0.0,0.7888159009693249,1.2959062422233396,0.0,2.4238296838053395,2.2135897562213573,0.0,6.919616857530124,0.0,0.7888159009693249,1.6703725148771336,2.4238296838053395,0.7888159009693249,0.0,0.0,0.7888159009693249,2.2135897562213573,2.607292738550612,0.7888159009693249,2.2135897562213573,0.0,0.7888159009693249,3.049031085700906,6.866627221813599,1.2959062422233396,3.740943775649263,6.176128818712752,0.7888159009693249,0.7888159009693249,4.088178051171329,6.070747526135794,1.9673986802223464,0.0,0.0,0.0,3.2827171645563658,1.6703725148771336,5.52715373442823,0.7888159009693249,7.9266483323112915,3.3867456624175194,6.9873716963819525,0.0,10.5066611296802,1.2959062422233396,3.170600486779224,0.0,9.507652429827155,0.7888159009693249,11.001975776939709,8.658644825276635,5.1959435723201,1.6703725148771336,0.7888159009693249,3.8900051654445265,2.916267025009538,2.4238296838053395,2.607292738550612,0.7888159009693249,0.0,1.6703725148771336,3.2827171645563658,0.0,0.7888159009693249,3.660209231564894,2.770035543853522,2.770035543853522,1.2959062422233396,1.6703725148771336,0.7888159009693249,6.070747526135794,1.2959062422233396,0.7888159009693249,6.979074327436846,1.2959062422233396,1.6703725148771336,1.2959062422233396,0.7888159009693249,0.0,0.0,4.803395904772936,1.2959062422233396,0.7888159009693249,1.2959062422233396,0.0,1.9673986802223464,1.2959062422233396,0.7888159009693249,0.0,1.2959062422233396,2.770035543853522,0.7888159009693249,4.025097371248608,2.607292738550612,3.4837748433406035,0.7888159009693249,0.0,0.7888159009693249,1.2959062422233396,6.488226087811667,1.6703725148771336,1.2959062422233396,3.4837748433406035,1.6703725148771336,5.815110378984852,3.959131924685933,5.636710025540719,1.2959062422233396,1.9673986802223464,5.107360268833956,2.4238296838053395,3.2827171645563658,1.2959062422233396,0.0,1.2959062422233396,2.2135897562213573,0.7888159009693249,1.2959062422233396,0.0,0.0,0.0,0.7888159009693249,1.2959062422233396,1.2959062422233396,0.0,4.206623030792988,1.6703725148771336,9.261357488053854,0.0,3.660209231564894,0.7888159009693249,4.367839953362247,0.7888159009693249,0.7888159009693249,1.2959062422233396,1.6703725148771336,2.607292738550612,0.7888159009693249,1.6703725148771336,2.607292738550612,2.916267025009538,0.0,0.0,1.6703725148771336,3.4837748433406035,7.537797678461647,9.63985294874938,0.0,2.4238296838053395,0.7888159009693249,0.7888159009693249,0.0,0.0,0.7888159009693249,0.0,0.7888159009693249,4.840509769116534,3.049031085700906,0.0,1.6703725148771336,0.7888159009693249,0.0,5.887829176551478,5.940059591743684,8.857325263873868,0.7888159009693249,8.127696257623484,1.9673986802223464,0.0,2.607292738550612,4.262387863152556,2.2135897562213573,3.4837748433406035,3.2827171645563658,3.660209231564894,5.657657184201341,3.4837748433406035,4.9800960498435884,3.959131924685933,1.2959062422233396,4.316077180848801,7.1806637494748555,1.2959062422233396,0.0,9.043910053623025,6.219037718215142,0.0,2.2135897562213573,6.5567352584052285,10.157302022685906,3.2827171645563658,0.0,1.2959062422233396,2.770035543853522,9.337975147030154,5.27940096892917,0.7888159009693249,0.0,0.7888159009693249,0.7888159009693249,2.4238296838053395,3.3867456624175194,2.2135897562213573,1.6703725148771336,5.306180659970378,0.0,0.0,1.9673986802223464,0.0,0.0,0.0,3.959131924685933,0.7888159009693249,6.246950659453529,1.2959062422233396,0.7888159009693249,1.2959062422233396,1.2959062422233396,3.170600486779224,1.6703725148771336,0.7888159009693249,0.7888159009693249,0.0,0.7888159009693249,0.0,5.107360268833956,8.899703169014249,4.876692762504096,1.2959062422233396,8.75898135899591,0.7888159009693249,3.2827171645563658,0.7888159009693249,1.2959062422233396,0.7888159009693249,1.6703725148771336,0.7888159009693249,3.959131924685933,1.2959062422233396,2.607292738550612,6.190574050781938,7.363894496672256,2.2135897562213573,5.107360268833956,0.0,0.0,0.0,1.9673986802223464,0.7888159009693249,2.2135897562213573,0.0,6.578867282898124,1.9673986802223464,1.9673986802223464,3.2827171645563658,3.3867456624175194,1.9673986802223464,3.660209231564894
GSM5016082,1.368134759003798,7.003377025101022,0.0,5.6215146481175005,1.7536255579504296,0.0,6.6641520901994395,0.0,0.0,0.0,0.8405099993653039,1.368134759003798,6.459023916381593,2.0575307416015045,1.368134759003798,0.0,0.8405099993653039,7.508321026698848,0.0,2.0575307416015045,7.802076449354782,6.075048565915331,7.593473142974136,6.583187576199248,5.47533031027498,1.368134759003798,1.7536255579504296,0.0,7.370356754654018,6.279773162807933,3.1549121307721126,4.071561976453532,4.919114680897355,0.0,0.0,0.0,0.0,1.368134759003798,4.137859558183085,3.1549121307721126,2.8729202141903216,1.368134759003798,0.0,0.0,0.8405099993653039,2.308423560985918,1.368134759003798,0.8405099993653039,2.0575307416015045,2.0575307416015045,0.0,0.0,0.0,1.368134759003798,0.8405099993653039,2.0575307416015045,4.532262420939953,1.368134759003798,0.0,4.3762262023955545,0.0,0.0,0.8405099993653039,11.639619000920744,5.816287715087669,0.0,0.0,0.8405099993653039,1.368134759003798,7.645673758167039,3.0207950670211767,0.0,7.587554743423887,3.2776148779379017,8.791136255428981,0.0,2.5220804305616595,1.368134759003798,5.161486814069288,0.0,7.1946158300242296,3.2776148779379017,3.6848462977834218,2.0575307416015045,5.028008663657675,2.0575307416015045,1.368134759003798,1.368134759003798,4.002070390549127,0.8405099993653039,3.3906947202373883,1.368134759003798,2.0575307416015045,0.8405099993653039,5.795900170834601,0.0,0.0,5.161486814069288,0.8405099993653039,3.495551855639601,0.0,2.708138956920786,3.3906947202373883,6.091870299021081,1.368134759003798,0.8405099993653039,11.260277480683843,5.283654617416994,3.0207950670211767,0.0,0.0,2.0575307416015045,0.0,2.8729202141903216,0.8405099993653039,0.0,1.368134759003798,1.368134759003798,4.430135318756188,1.7536255579504296,2.5220804305616595,2.0575307416015045,2.308423560985918,0.0,1.7536255579504296,2.8729202141903216,3.593301491882472,0.8405099993653039,0.0,2.0575307416015045,0.8405099993653039,0.8405099993653039,3.2776148779379017,2.308423560985918,2.8729202141903216,2.8729202141903216,0.0,4.430135318756188,2.0575307416015045,3.0207950670211767,1.368134759003798,3.1549121307721126,5.3962800166732725,3.6848462977834218,3.495551855639601,2.8729202141903216,0.0,0.8405099993653039,2.308423560985918,0.8405099993653039,2.8729202141903216,1.368134759003798,0.8405099993653039,0.0,0.0,1.368134759003798,0.8405099993653039,0.8405099993653039,4.717092780781989,0.8405099993653039,8.462927370037226,0.8405099993653039,3.929061400745325,0.0,6.782857504684201,1.368134759003798,1.7536255579504296,3.3906947202373883,0.8405099993653039,3.2776148779379017,1.368134759003798,1.7536255579504296,2.708138956920786,2.0575307416015045,1.368134759003798,0.8405099993653039,0.0,3.3906947202373883,6.250106789655494,8.513746872336442,0.0,7.263051571830933,0.0,0.8405099993653039,0.0,0.0,0.0,0.0,2.0575307416015045,8.262068238937573,6.005728814155256,0.8405099993653039,4.002070390549127,2.308423560985918,0.0,0.0,0.0,5.341066064575649,0.0,7.038509736618011,1.7536255579504296,0.8405099993653039,3.0207950670211767,6.173156903352535,3.593301491882472,3.495551855639601,3.2776148779379017,4.320224209288447,5.667126641624085,5.836391161443132,6.813605611662442,3.3906947202373883,0.8405099993653039,1.7536255579504296,6.141189731254759,0.8405099993653039,3.0207950670211767,8.604461957264752,5.312645905227432,0.0,3.2776148779379017,4.430135318756188,7.437701343053441,1.368134759003798,2.308423560985918,2.308423560985918,3.1549121307721126,5.5502732449713115,4.717092780781989,0.0,0.0,1.368134759003798,0.8405099993653039,3.2776148779379017,0.8405099993653039,1.368134759003798,2.308423560985918,4.919114680897355,6.873203018622801,1.368134759003798,3.7709272004347705,0.8405099993653039,0.8405099993653039,1.7536255579504296,6.9490197654294645,3.2776148779379017,0.8405099993653039,2.0575307416015045,1.368134759003798,0.0,0.8405099993653039,4.261960252352197,2.5220804305616595,1.7536255579504296,0.0,3.929061400745325,1.7536255579504296,0.8405099993653039,7.581611964647419,10.464709019726351,1.7536255579504296,0.0,9.939928325561784,1.7536255579504296,1.7536255579504296,0.0,0.0,0.0,0.0,1.7536255579504296,1.7536255579504296,1.7536255579504296,6.040804991270037,0.8405099993653039,0.8405099993653039,4.261960252352197,0.0,3.0207950670211767,1.368134759003798,0.8405099993653039,1.368134759003798,0.8405099993653039,0.0,0.0,4.002070390549127,1.368134759003798,4.137859558183085,4.580736934286131,3.852159858485819,0.0,5.028008663657675
GSM5016055,3.3682597478257352,5.155456269367805,1.2217762545567434,4.789037460695637,3.1689664060391354,1.2217762545567434,7.329845114515845,1.8736848599683893,0.0,0.0,0.0,1.2217762545567434,4.983848712092079,2.321065387691725,1.8736848599683893,0.0,0.0,5.831830476920638,1.8736848599683893,0.0,9.379023410508276,5.043348347326726,7.039676071627282,6.869295476020848,5.155456269367805,1.8736848599683893,0.0,0.0,3.1689664060391354,5.259477229701062,1.8736848599683893,0.0,4.563751739402023,0.0,1.2217762545567434,1.2217762545567434,1.2217762545567434,1.2217762545567434,1.2217762545567434,3.968616748590887,6.3623393698361825,1.2217762545567434,1.8736848599683893,3.1689664060391354,2.321065387691725,2.9376617057373364,0.0,0.0,0.0,4.086447838041965,1.2217762545567434,0.0,1.8736848599683893,0.0,0.0,1.8736848599683893,4.563751739402023,1.2217762545567434,1.8736848599683893,1.2217762545567434,5.208404059298468,6.240521780038762,8.622196128919004,3.968616748590887,2.662056885591344,0.0,0.0,0.0,1.2217762545567434,1.2217762545567434,4.086447838041965,1.8736848599683893,6.901808084056682,2.9376617057373364,8.818038559529768,1.8736848599683893,1.8736848599683893,2.662056885591344,4.480096531816659,0.0,6.869295476020848,3.5433345230192836,2.9376617057373364,0.0,0.0,1.2217762545567434,0.0,1.2217762545567434,4.9217892414845705,2.9376617057373364,2.9376617057373364,0.0,1.8736848599683893,1.8736848599683893,4.086447838041965,1.2217762545567434,1.2217762545567434,4.2966569406579795,1.2217762545567434,3.3682597478257352,0.0,3.840299057239876,0.0,5.356499853601829,0.0,0.0,7.165510603243618,0.0,2.662056885591344,1.8736848599683893,1.2217762545567434,0.0,0.0,3.3682597478257352,0.0,0.0,0.0,1.8736848599683893,4.8569397323609955,1.2217762545567434,0.0,0.0,3.1689664060391354,0.0,1.2217762545567434,3.840299057239876,2.662056885591344,2.321065387691725,1.8736848599683893,0.0,1.2217762545567434,1.2217762545567434,4.642820879216565,1.8736848599683893,5.259477229701062,0.0,1.8736848599683893,5.762707045210663,5.208404059298468,2.321065387691725,1.2217762545567434,3.5433345230192836,5.490798606345359,3.3682597478257352,4.789037460695637,1.8736848599683893,1.2217762545567434,1.2217762545567434,1.8736848599683893,0.0,1.8736848599683893,2.321065387691725,1.2217762545567434,0.0,2.9376617057373364,4.789037460695637,2.9376617057373364,0.0,3.699444240961026,1.2217762545567434,9.837601407960705,1.8736848599683893,3.3682597478257352,0.0,6.949243135246247,0.0,2.321065387691725,3.3682597478257352,6.240521780038762,3.1689664060391354,0.0,2.321065387691725,6.107461627833386,0.0,2.9376617057373364,0.0,1.8736848599683893,4.563751739402023,6.33878485755338,8.83917729184416,2.321065387691725,3.3682597478257352,1.2217762545567434,0.0,0.0,1.2217762545567434,0.0,0.0,2.662056885591344,9.137621893079404,7.0249921096950905,0.0,5.402669206266978,3.840299057239876,0.0,1.2217762545567434,1.2217762545567434,11.663517295712207,1.8736848599683893,7.353544840813315,1.8736848599683893,0.0,2.321065387691725,6.18876087318999,3.968616748590887,4.086447838041965,3.840299057239876,4.1953775943134595,6.240521780038762,6.408325164018893,6.079310895609767,4.391290331896615,2.321065387691725,1.8736848599683893,8.288943829164975,2.662056885591344,1.2217762545567434,7.958927800238493,4.983848712092079,0.0,0.0,4.480096531816659,7.668992901685617,1.2217762545567434,1.8736848599683893,2.321065387691725,3.840299057239876,9.824941490313345,2.9376617057373364,1.8736848599683893,1.8736848599683893,1.2217762545567434,0.0,4.9217892414845705,2.662056885591344,4.1953775943134595,1.8736848599683893,4.642820879216565,0.0,0.0,1.2217762545567434,0.0,0.0,0.0,6.2657220872716906,3.840299057239876,4.480096531816659,2.321065387691725,1.2217762545567434,3.1689664060391354,1.2217762545567434,5.929676559186621,3.840299057239876,0.0,1.2217762545567434,0.0,2.321065387691725,0.0,6.694740211831425,9.410434107626186,1.2217762545567434,1.2217762545567434,9.064115262392583,0.0,2.321065387691725,1.2217762545567434,1.8736848599683893,0.0,1.2217762545567434,2.662056885591344,1.8736848599683893,0.0,4.2966569406579795,1.8736848599683893,2.662056885591344,3.3682597478257352,0.0,2.9376617057373364,0.0,0.0,1.8736848599683893,1.2217762545567434,1.8736848599683893,3.5433345230192836,5.043348347326726,3.1689664060391354,5.155456269367805,4.642820879216565,2.321065387691725,0.0,3.840299057239876
GSM5016126,0.0,2.5616420473762505,7.47992002606576,1.5663363926547624,0.9860530119402444,0.0,6.937980577145618,0.0,0.0,1.5663363926547624,0.0,0.0,2.7833625992951765,0.0,0.0,2.2995477333774037,0.9860530119402444,11.324024130377971,0.9860530119402444,0.0,4.432687476295505,0.0,8.311907235562337,6.347350282134913,5.432044629102109,0.0,0.0,0.0,6.557227182651868,9.793775133683008,4.143466477044791,2.7833625992951765,7.665593562955838,0.9860530119402444,0.0,0.9860530119402444,0.0,2.5616420473762505,3.4339723119855097,0.0,1.5663363926547624,0.0,0.0,8.316352871814015,0.0,0.9860530119402444,0.9860530119402444,0.0,1.9790286286434544,1.9790286286434544,0.9860530119402444,0.0,0.0,0.9860530119402444,0.0,2.5616420473762505,4.673497807170043,0.0,0.0,1.9790286286434544,0.0,3.145036365790916,1.9790286286434544,4.972854111731333,2.7833625992951765,0.0,0.0,0.0,0.0,0.0,0.0,2.5616420473762505,3.559289134233731,2.2995477333774037,7.11172195409826,0.0,1.5663363926547624,0.9860530119402444,2.975503569758981,0.9860530119402444,10.217545897588307,4.295312487618019,4.143466477044791,1.9790286286434544,1.5663363926547624,0.9860530119402444,0.0,0.0,1.5663363926547624,0.0,0.0,0.0,1.5663363926547624,0.0,3.973737805143619,0.0,0.0,1.9790286286434544,0.0,8.20568358426146,0.0,1.5663363926547624,0.9860530119402444,3.973737805143619,0.0,0.9860530119402444,9.736874000624544,3.674585199289628,2.5616420473762505,0.0,2.2995477333774037,0.0,0.0,2.975503569758981,0.0,0.0,0.0,2.5616420473762505,3.4339723119855097,0.9860530119402444,0.0,0.0,3.559289134233731,0.0,2.7833625992951765,0.9860530119402444,0.9860530119402444,2.2995477333774037,0.9860530119402444,0.9860530119402444,0.0,0.0,2.5616420473762505,0.9860530119402444,3.674585199289628,1.5663363926547624,1.5663363926547624,5.220642045142186,3.2967256181207074,4.432687476295505,0.0,2.5616420473762505,4.432687476295505,3.4339723119855097,0.0,1.5663363926547624,0.0,1.9790286286434544,2.2995477333774037,1.5663363926547624,6.805108151905746,2.2995477333774037,2.7833625992951765,2.2995477333774037,0.0,8.583067061433276,2.975503569758981,0.0,0.9860530119402444,0.0,1.9790286286434544,4.673497807170043,2.7833625992951765,0.0,6.181805680742507,3.559289134233731,3.559289134233731,0.0,0.9860530119402444,4.432687476295505,0.9860530119402444,0.0,3.8807461856536736,0.9860530119402444,0.9860530119402444,0.0,0.0,1.5663363926547624,4.927078936807758,7.132039131327747,0.0,1.9790286286434544,1.9790286286434544,0.9860530119402444,0.0,0.9860530119402444,1.5663363926547624,0.0,0.0,1.5663363926547624,0.0,2.5616420473762505,0.0,0.0,1.9790286286434544,0.0,0.0,2.7833625992951765,0.9860530119402444,7.329694457543771,0.9860530119402444,1.9790286286434544,3.8807461856536736,6.181805680742507,2.7833625992951765,4.365634489042539,4.558111237070496,4.061096710553268,5.364961051510906,4.972854111731333,4.558111237070496,1.5663363926547624,0.9860530119402444,1.9790286286434544,2.2995477333774037,0.9860530119402444,1.9790286286434544,8.027358715020764,2.2995477333774037,0.0,0.9860530119402444,4.295312487618019,7.048995119213278,0.9860530119402444,0.9860530119402444,0.9860530119402444,3.559289134233731,4.432687476295505,7.257553521294401,0.0,5.10206135833417,0.9860530119402444,0.0,0.9860530119402444,0.0,0.0,0.9860530119402444,1.5663363926547624,0.0,0.0,0.0,1.5663363926547624,0.0,1.9790286286434544,5.753844120170265,2.5616420473762505,5.587257241818941,1.9790286286434544,0.0,0.0,1.9790286286434544,2.2995477333774037,0.9860530119402444,0.0,0.9860530119402444,8.238848311201016,0.9860530119402444,0.0,8.952165501158369,11.07985361565828,3.2967256181207074,0.0,11.379779144326786,0.0,0.0,1.5663363926547624,2.975503569758981,0.9860530119402444,0.0,0.0,0.0,0.9860530119402444,1.9790286286434544,5.10206135833417,6.38169376493166,4.221386315982379,0.0,0.0,0.0,0.0,0.0,0.0,0.9860530119402444,0.0,0.0,0.0,0.0,4.927078936807758,4.221386315982379,0.0,5.616392039323691
GSM5016026,1.4352040136672088,4.985303357916831,2.9665811114786673,6.4719435436392265,3.784664192147816,1.8303794923681311,6.512903415722789,0.8891635710532567,2.6117890260346885,0.0,1.4352040136672088,1.4352040136672088,7.421395035841818,1.4352040136672088,0.0,1.4352040136672088,0.8891635710532567,7.1629052467560745,1.4352040136672088,5.680156088351942,11.590941233275894,2.6117890260346885,8.017849063147303,3.488672363570189,1.4352040136672088,2.140257781284745,2.140257781284745,0.0,4.533230205380834,7.786872863368864,1.8303794923681311,3.488672363570189,6.910424271099312,0.8891635710532567,0.0,0.8891635710532567,0.0,3.692586581192193,2.6117890260346885,1.4352040136672088,8.316661919988311,0.0,1.8303794923681311,4.030145036749024,2.8000641433193243,0.0,0.0,0.8891635710532567,1.4352040136672088,7.836121319698874,0.8891635710532567,1.4352040136672088,0.8891635710532567,0.0,1.4352040136672088,5.234209554508577,5.942496760832877,1.8303794923681311,7.286165609958165,9.358137881832032,6.75975312343947,8.369656154796541,11.01356512914106,4.776902129982799,0.0,0.0,0.0,0.0,2.140257781284745,2.6117890260346885,6.05770706888204,1.4352040136672088,10.166958324587965,4.10349247178794,7.846840809631094,1.4352040136672088,8.570559319673508,3.5942291972675204,8.95935135297842,1.8303794923681311,9.42761943816994,3.692586581192193,4.731349482416511,1.8303794923681311,2.8000641433193243,0.8891635710532567,0.8891635710532567,0.8891635710532567,3.5942291972675204,0.8891635710532567,2.140257781284745,0.0,1.4352040136672088,1.8303794923681311,1.8303794923681311,0.0,1.8303794923681311,3.488672363570189,4.364456627734347,5.167365271010936,2.3952027043694897,2.140257781284745,1.8303794923681311,5.580917627006678,2.6117890260346885,1.4352040136672088,8.700348453874106,3.1158519699071716,1.8303794923681311,4.635688036452513,0.8891635710532567,2.8000641433193243,0.8891635710532567,4.776902129982799,0.0,0.0,0.8891635710532567,2.3952027043694897,7.924794540030074,1.4352040136672088,0.0,0.8891635710532567,1.4352040136672088,3.1158519699071716,2.140257781284745,4.821060382164687,0.8891635710532567,3.1158519699071716,0.8891635710532567,0.0,1.4352040136672088,1.4352040136672088,1.8303794923681311,0.0,1.8303794923681311,0.0,2.3952027043694897,5.528615298551335,3.5942291972675204,5.838919844592587,1.4352040136672088,3.1158519699071716,5.167365271010936,3.1158519699071716,3.1158519699071716,2.3952027043694897,0.8891635710532567,0.0,6.231372421735302,0.0,4.239867136621501,1.4352040136672088,1.8303794923681311,0.8891635710532567,3.9528678963391,5.359267968416832,1.8303794923681311,0.8891635710532567,3.871216014213219,0.0,9.222725882680686,0.8891635710532567,4.239867136621501,0.0,6.076045050680909,1.8303794923681311,2.6117890260346885,2.9665811114786673,0.0,5.727327558190675,0.8891635710532567,1.4352040136672088,3.871216014213219,3.3747782966139366,0.8891635710532567,0.0,0.0,3.5942291972675204,12.499180439343094,9.109334460515734,0.0,0.0,2.3952027043694897,1.4352040136672088,0.0,0.8891635710532567,0.8891635710532567,0.8891635710532567,6.725312383650234,6.88983951274446,4.684311497681164,0.0,3.251116173485554,2.140257781284745,0.8891635710532567,2.9665811114786673,3.251116173485554,13.090064090555131,0.8891635710532567,9.294958613315154,1.8303794923681311,0.0,2.3952027043694897,0.8891635710532567,0.8891635710532567,1.8303794923681311,2.140257781284745,1.4352040136672088,3.251116173485554,2.9665811114786673,2.8000641433193243,3.5942291972675204,2.140257781284745,6.539577882721057,7.747371337045133,2.9665811114786673,0.0,9.343073847173637,5.881247056146815,0.0,0.0,6.604182969795378,9.031600695483895,0.0,0.0,0.0,1.4352040136672088,12.800656895837882,6.485726450212955,0.8891635710532567,3.251116173485554,0.8891635710532567,0.8891635710532567,6.641601438043568,2.140257781284745,4.863907076188009,2.6117890260346885,4.42293591007754,0.0,0.0,5.06090672685148,2.140257781284745,3.488672363570189,0.0,7.325018265350516,5.167365271010936,5.680156088351942,0.8891635710532567,0.0,3.9528678963391,2.8000641433193243,4.90551788001961,2.3952027043694897,0.8891635710532567,0.0,4.303506390175022,0.8891635710532567,0.0,7.531802797050551,10.978047857381302,0.8891635710532567,0.0,10.830586444401948,0.8891635710532567,2.3952027043694897,1.4352040136672088,2.9665811114786673,1.4352040136672088,0.8891635710532567,1.4352040136672088,3.3747782966139366,0.0,5.388909226256879,7.101569438687925,8.328182847962657,3.5942291972675204,2.3952027043694897,0.0,0.0,0.0,0.8891635710532567,0.0,3.251116173485554,4.42293591007754,6.9307194476088485,2.6117890260346885,1.4352040136672088,5.555003465722571,3.251116173485554,0.8891635710532567,2.3952027043694897
GSM5016073,3.708749542784775,6.777102163557278,4.450022340920867,8.052863394838331,4.988075940835549,0.0,7.21039484514744,1.6760289781374853,1.0688330745588612,2.9234183980606625,1.0688330745588612,0.0,7.585007966911155,3.290112857667531,2.9234183980606625,0.0,0.0,7.242124402603479,1.0688330745588612,7.099287362559951,8.681082008765454,9.442667451306775,2.4305378428219124,1.6760289781374853,1.0688330745588612,5.037133630978727,5.2182110093313465,6.154921355598909,1.0688330745588612,4.588112215599415,1.0688330745588612,5.17502750007996,3.1183848905244247,0.0,1.0688330745588612,4.830021928374412,0.0,3.582237954718189,1.6760289781374853,3.1183848905244247,4.450022340920867,4.588112215599415,1.6760289781374853,4.032832847065318,2.4305378428219124,1.0688330745588612,0.0,1.0688330745588612,0.0,5.860025886098266,2.6979249353718813,1.0688330745588612,2.102055995333954,0.0,0.0,5.300883589298234,6.154921355598909,2.4305378428219124,6.966293864324654,10.101628968818089,2.102055995333954,1.6760289781374853,4.375682184195687,3.443556703121867,5.300883589298234,0.0,1.0688330745588612,4.450022340920867,3.443556703121867,10.487579655935953,9.663787765412064,3.932681727864432,12.519020974976314,4.830021928374412,9.082638226251191,3.1183848905244247,8.304009965266328,0.0,8.748913167171505,3.708749542784775,8.278735324274635,0.0,4.450022340920867,2.6979249353718813,5.913553420363004,0.0,0.0,1.0688330745588612,5.9651657967024185,1.0688330745588612,2.9234183980606625,1.0688330745588612,0.0,0.0,2.9234183980606625,4.520718834733869,2.102055995333954,4.520718834733869,2.4305378428219124,5.130511409144148,0.0,3.1183848905244247,3.443556703121867,7.352837225066472,4.126480551115208,0.0,2.4305378428219124,0.0,1.6760289781374853,1.6760289781374853,0.0,1.6760289781374853,2.102055995333954,2.102055995333954,0.0,2.9234183980606625,2.102055995333954,1.0688330745588612,0.0,0.0,4.297302272560057,0.0,0.0,9.812093833087577,1.0688330745588612,5.037133630978727,3.582237954718189,2.4305378428219124,0.0,0.0,0.0,1.0688330745588612,2.102055995333954,2.102055995333954,2.6979249353718813,1.0688330745588612,0.0,6.525318492893803,4.214418195913157,7.593232646256566,1.6760289781374853,5.130511409144148,7.703710438680131,6.132522622712012,3.932681727864432,1.0688330745588612,1.0688330745588612,0.0,6.672308013409478,1.0688330745588612,3.825056067958082,0.0,0.0,1.0688330745588612,0.0,4.884653305299331,1.0688330745588612,0.0,8.323915634219317,0.0,8.046887290569858,0.0,4.830021928374412,1.6760289781374853,4.032832847065318,1.0688330745588612,2.102055995333954,4.297302272560057,0.0,0.0,0.0,1.0688330745588612,1.6760289781374853,5.655297916029677,0.0,1.0688330745588612,2.4305378428219124,4.830021928374412,9.57728996723018,9.447212013651196,1.6760289781374853,7.534650218882348,0.0,1.0688330745588612,2.6979249353718813,0.0,0.0,2.4305378428219124,5.887037889389033,7.400483251182606,7.585007966911155,0.0,6.361636055573856,4.520718834733869,0.0,3.443556703121867,3.708749542784775,4.988075940835549,2.102055995333954,7.966857567537429,0.0,0.0,3.290112857667531,2.4305378428219124,0.0,1.6760289781374853,1.0688330745588612,0.0,2.6979249353718813,3.443556703121867,0.0,6.608820497273769,2.4305378428219124,5.557805507111907,6.490515738204969,2.9234183980606625,1.6760289781374853,10.740853854812658,9.723078845408208,1.6760289781374853,1.6760289781374853,4.884653305299331,7.941312411232698,2.6979249353718813,0.0,0.0,1.0688330745588612,8.028808996868618,0.0,1.0688330745588612,0.0,3.443556703121867,0.0,3.708749542784775,3.825056067958082,0.0,3.1183848905244247,5.655297916029677,0.0,0.0,9.442667451306775,0.0,2.102055995333954,0.0,4.714131541481155,0.0,1.6760289781374853,1.0688330745588612,2.9234183980606625,1.6760289781374853,1.0688330745588612,9.760077276586408,7.888823744468636,1.6760289781374853,0.0,5.4889467308506275,1.0688330745588612,1.0688330745588612,5.804435568596258,4.126480551115208,7.633667085653219,5.340508622552052,7.711287199556314,2.4305378428219124,4.032832847065318,0.0,1.0688330745588612,0.0,0.0,3.443556703121867,1.0688330745588612,0.0,7.23162523029456,6.014995338939672,7.303563754708605,1.6760289781374853,3.290112857667531,3.825056067958082,1.6760289781374853,2.102055995333954,2.4305378428219124,0.0,0.0,1.6760289781374853,5.746617086926853,1.0688330745588612,7.2935038483588865,2.9234183980606625,3.1183848905244247,3.1183848905244247,3.1183848905244247
GSM5016048,1.2720859820373944,6.326355533283236,3.921345983026148,5.0059529083571785,5.068129811929353,1.2720859820373944,8.247132362405388,0.0,1.2720859820373944,0.0,0.0,3.0135561566506306,1.2720859820373944,0.0,0.0,0.0,2.3910295089967315,6.193187468526736,1.2720859820373944,1.2720859820373944,9.649911080649764,0.0,8.113458272768096,3.0135561566506306,2.735613254504561,0.0,1.2720859820373944,1.2720859820373944,6.955523734878073,8.71865691354195,1.937423579709624,2.3910295089967315,5.618049903286859,0.0,1.2720859820373944,1.937423579709624,1.2720859820373944,0.0,4.050166996978346,0.0,2.735613254504561,0.0,0.0,2.735613254504561,0.0,0.0,0.0,0.0,1.2720859820373944,1.2720859820373944,0.0,0.0,0.0,0.0,0.0,1.937423579709624,1.2720859820373944,0.0,0.0,1.2720859820373944,0.0,0.0,0.0,11.763419111242856,12.122368947780258,0.0,8.185353923442769,0.0,2.735613254504561,9.951515637158458,3.4470152057697527,1.2720859820373944,4.2777145133939145,0.0,6.274553827545363,1.2720859820373944,0.0,2.735613254504561,1.937423579709624,0.0,9.741000882239252,2.3910295089967315,1.937423579709624,0.0,1.937423579709624,0.0,0.0,0.0,2.735613254504561,3.2465039628833745,2.735613254504561,1.2720859820373944,2.3910295089967315,0.0,4.168422323538789,0.0,0.0,8.10606765307084,0.0,3.921345983026148,0.0,0.0,0.0,4.7263894091967735,0.0,0.0,10.597237841285924,4.379307078301249,0.0,0.0,3.2465039628833745,0.0,0.0,4.563260765221038,0.0,0.0,2.3910295089967315,2.3910295089967315,1.2720859820373944,0.0,1.2720859820373944,1.2720859820373944,1.2720859820373944,0.0,0.0,0.0,0.0,4.168422323538789,0.0,0.0,0.0,3.6230288205064394,1.937423579709624,0.0,4.563260765221038,0.0,2.3910295089967315,8.045538811512381,6.077028039883989,3.2465039628833745,2.735613254504561,5.487623285465493,5.487623285465493,1.2720859820373944,1.937423579709624,2.3910295089967315,1.937423579709624,1.937423579709624,0.0,1.2720859820373944,1.937423579709624,2.735613254504561,5.5758710484241165,5.737656729487547,0.0,4.379307078301249,4.2777145133939145,0.0,1.2720859820373944,0.0,5.950690492039616,1.2720859820373944,0.0,0.0,3.6230288205064394,1.2720859820373944,5.127737382380422,1.2720859820373944,0.0,5.487623285465493,1.2720859820373944,2.3910295089967315,6.724074203871152,0.0,1.2720859820373944,0.0,0.0,1.2720859820373944,5.698879213665109,6.300687168267177,0.0,12.215458128457108,0.0,1.937423579709624,0.0,3.2465039628833745,0.0,0.0,1.2720859820373944,5.737656729487547,4.7263894091967735,1.2720859820373944,4.2777145133939145,2.3910295089967315,1.2720859820373944,0.0,0.0,0.0,2.3910295089967315,5.393623786576609,0.0,1.2720859820373944,5.883115141730356,4.2777145133939145,0.0,1.2720859820373944,1.2720859820373944,1.937423579709624,3.4470152057697527,1.937423579709624,3.921345983026148,1.2720859820373944,1.937423579709624,3.4470152057697527,4.379307078301249,0.0,1.937423579709624,8.142647866006644,2.3910295089967315,0.0,0.0,2.3910295089967315,3.6230288205064394,1.2720859820373944,0.0,0.0,1.2720859820373944,2.3910295089967315,3.2465039628833745,0.0,0.0,0.0,2.735613254504561,3.2465039628833745,1.2720859820373944,2.735613254504561,1.2720859820373944,1.2720859820373944,1.2720859820373944,0.0,0.0,0.0,2.3910295089967315,1.937423579709624,8.03779097640094,4.872932270045406,1.937423579709624,3.921345983026148,1.2720859820373944,0.0,2.3910295089967315,1.2720859820373944,1.2720859820373944,1.2720859820373944,0.0,2.3910295089967315,0.0,0.0,6.165012601089755,10.6362422818259,0.0,0.0,10.419335203731556,0.0,0.0,0.0,1.937423579709624,0.0,0.0,1.2720859820373944,1.2720859820373944,1.2720859820373944,0.0,0.0,0.0,6.326355533283236,0.0,0.0,2.3910295089967315,1.2720859820373944,1.937423579709624,0.0,0.0,0.0,5.127737382380422,0.0,1.937423579709624,4.563260765221038,0.0,0.0,4.8015206907805865
GSM5016041,0.0,3.877312822514019,7.200520541916977,3.5797212725547856,0.935867277269482,0.935867277269482,7.218321352441568,0.0,1.4988026276266415,1.4988026276266415,2.6956023380799565,2.4764339441876095,3.685886800116428,0.0,0.0,0.0,0.935867277269482,11.049961899855733,0.0,0.0,5.9792649294320706,2.4764339441876095,8.491150989893917,3.7847724389006903,2.217901106840162,0.0,0.0,0.0,6.279757029511332,8.739408759066093,2.6956023380799565,5.5718301740096825,6.925065655001809,0.0,2.4764339441876095,1.4988026276266415,0.0,1.4988026276266415,2.8858246584558644,2.8858246584558644,5.331301553540232,0.0,0.935867277269482,7.424070013197383,0.0,0.935867277269482,3.053862476010215,1.4988026276266415,1.9026991374687463,2.8858246584558644,0.0,0.0,0.935867277269482,0.0,2.4764339441876095,3.685886800116428,5.194109605730465,0.935867277269482,0.935867277269482,1.9026991374687463,1.9026991374687463,4.518092415902218,6.764722434286811,8.937784599455897,0.0,0.935867277269482,0.0,0.0,0.0,1.9026991374687463,6.296612072137886,0.935867277269482,4.5744653388668945,0.0,6.174269473311812,0.0,0.0,1.4988026276266415,0.935867277269482,0.0,10.169211990244824,4.046288956974176,6.6773317000144345,4.4594268480117485,2.6956023380799565,3.5797212725547856,3.053862476010215,0.935867277269482,1.9026991374687463,1.9026991374687463,0.0,2.217901106840162,3.3406196841443756,2.8858246584558644,3.053862476010215,0.0,0.935867277269482,1.9026991374687463,2.217901106840162,8.145318048062608,1.9026991374687463,2.217901106840162,0.0,3.3406196841443756,0.935867277269482,2.217901106840162,10.081970442136484,4.197532507243897,2.217901106840162,0.935867277269482,3.053862476010215,1.4988026276266415,0.935867277269482,3.053862476010215,2.4764339441876095,1.4988026276266415,0.0,3.204354042922434,2.8858246584558644,4.731461804096614,1.4988026276266415,2.217901106840162,1.9026991374687463,0.0,0.935867277269482,3.7847724389006903,0.935867277269482,3.465118185473844,0.935867277269482,1.4988026276266415,1.4988026276266415,0.935867277269482,3.964273400161195,2.8858246584558644,5.915224981539349,1.4988026276266415,1.9026991374687463,5.120289379606076,3.204354042922434,5.652606294603284,4.681004385223364,3.053862476010215,4.731461804096614,0.0,0.935867277269482,4.197532507243897,0.0,2.217901106840162,0.0,0.0,6.824054458822114,4.123891759256566,2.8858246584558644,3.204354042922434,0.0,9.960311793839129,0.935867277269482,1.4988026276266415,3.053862476010215,3.053862476010215,6.2454444331150905,3.877312822514019,2.8858246584558644,0.0,4.681004385223364,3.3406196841443756,4.046288956974176,0.935867277269482,2.217901106840162,6.935864705601856,3.053862476010215,4.4594268480117485,4.197532507243897,2.217901106840162,3.964273400161195,3.053862476010215,0.0,3.053862476010215,4.960248983952735,8.344869817374269,0.0,1.4988026276266415,3.465118185473844,2.217901106840162,0.935867277269482,1.4988026276266415,0.0,0.0,0.0,4.681004385223364,1.4988026276266415,1.9026991374687463,0.0,0.0,0.0,2.6956023380799565,2.6956023380799565,8.47643306017633,1.4988026276266415,6.2627027388832195,0.935867277269482,0.935867277269482,3.964273400161195,0.935867277269482,0.0,1.4988026276266415,1.9026991374687463,0.935867277269482,3.053862476010215,2.8858246584558644,3.685886800116428,3.3406196841443756,1.4988026276266415,2.217901106840162,6.824054458822114,0.0,3.465118185473844,7.534763099301885,6.5425222902167075,0.0,0.0,8.751684601209398,12.006092359856924,0.0,0.0,0.0,1.9026991374687463,7.823500725373527,7.200520541916977,1.4988026276266415,0.0,0.0,1.4988026276266415,0.935867277269482,0.935867277269482,1.9026991374687463,0.935867277269482,3.5797212725547856,0.935867277269482,1.9026991374687463,0.0,1.4988026276266415,0.0,2.217901106840162,6.37805426457915,1.4988026276266415,10.00072988868521,1.4988026276266415,0.935867277269482,2.8858246584558644,1.9026991374687463,3.3406196841443756,0.935867277269482,0.0,2.217901106840162,7.534763099301885,0.0,0.0,8.034136079248276,10.235176774111888,1.9026991374687463,0.0,9.874508674378472,0.0,0.935867277269482,0.935867277269482,3.053862476010215,3.053862476010215,2.217901106840162,0.935867277269482,1.4988026276266415,0.935867277269482,1.4988026276266415,8.121866339249905,9.124003906652444,4.197532507243897,2.217901106840162,1.9026991374687463,0.0,0.0,0.0,0.0,0.0,0.935867277269482,5.1576715979338505,2.6956023380799565,0.935867277269482,3.685886800116428,1.4988026276266415,0.0,3.5797212725547856
GSM5016148,0.0,2.12646815941129,2.12646815941129,3.611358199995185,3.854583066949571,0.0,6.117936060453293,0.0,0.0,0.0,1.0855316676487856,3.3186435600140176,3.1465088976429927,1.697913816834195,0.0,1.697913816834195,0.0,6.272521614983443,1.0855316676487856,2.456445987034827,5.747961946456735,0.0,6.070545758689724,1.697913816834195,0.0,0.0,0.0,0.0,6.53942106556833,8.06648459758557,2.456445987034827,0.0,6.4680664468020455,0.0,0.0,0.0,0.0,0.0,2.12646815941129,1.0855316676487856,1.0855316676487856,0.0,0.0,1.0855316676487856,1.0855316676487856,0.0,0.0,1.0855316676487856,1.697913816834195,0.0,1.0855316676487856,0.0,0.0,0.0,1.0855316676487856,0.0,3.854583066949571,0.0,1.697913816834195,2.12646815941129,0.0,0.0,0.0,1.0855316676487856,1.697913816834195,0.0,0.0,0.0,1.697913816834195,0.0,0.0,1.0855316676487856,5.249111341526853,0.0,6.141059951340056,1.0855316676487856,4.156425828335642,0.0,0.0,0.0,6.163819045861131,2.12646815941129,0.0,0.0,1.0855316676487856,0.0,1.0855316676487856,0.0,2.12646815941129,1.0855316676487856,0.0,1.697913816834195,1.697913816834195,0.0,3.3186435600140176,0.0,0.0,3.1465088976429927,0.0,3.4724119486917777,0.0,0.0,1.697913816834195,4.551094411538736,0.0,0.0,1.697913816834195,0.0,2.456445987034827,0.0,4.40591296026065,0.0,0.0,1.697913816834195,0.0,0.0,1.0855316676487856,1.0855316676487856,1.0855316676487856,0.0,0.0,1.697913816834195,2.456445987034827,0.0,1.697913816834195,0.0,1.0855316676487856,2.12646815941129,1.0855316676487856,1.0855316676487856,0.0,1.0855316676487856,2.456445987034827,0.0,0.0,0.0,2.456445987034827,6.5567216123599685,4.968010084233344,2.12646815941129,2.456445987034827,1.0855316676487856,4.156425828335642,2.12646815941129,2.456445987034827,3.1465088976429927,0.0,0.0,0.0,0.0,2.724822036548751,1.0855316676487856,1.697913816834195,2.456445987034827,1.0855316676487856,4.2444699009989115,3.4724119486917777,1.0855316676487856,3.4724119486917777,2.12646815941129,7.802110260102893,0.0,1.0855316676487856,1.0855316676487856,5.291063910640939,0.0,4.618550275390124,1.697913816834195,1.0855316676487856,1.697913816834195,0.0,2.724822036548751,2.951017845053157,1.0855316676487856,0.0,2.724822036548751,0.0,2.951017845053157,5.747961946456735,7.583208852070633,0.0,2.12646815941129,1.0855316676487856,2.456445987034827,0.0,0.0,0.0,0.0,0.0,2.12646815941129,0.0,0.0,0.0,0.0,1.0855316676487856,0.0,0.0,6.272521614983443,1.697913816834195,4.618550275390124,0.0,0.0,7.688983221950192,0.0,0.0,0.0,0.0,0.0,0.0,1.697913816834195,1.697913816834195,2.724822036548751,0.0,3.854583066949571,5.249111341526853,0.0,1.697913816834195,7.97935807433466,5.4842715251126,0.0,0.0,2.12646815941129,2.456445987034827,1.0855316676487856,1.0855316676487856,0.0,0.0,4.551094411538736,3.854583066949571,1.0855316676487856,0.0,0.0,0.0,1.697913816834195,0.0,0.0,1.0855316676487856,1.697913816834195,0.0,0.0,1.0855316676487856,1.0855316676487856,2.951017845053157,0.0,6.251426474106106,3.1465088976429927,0.0,0.0,0.0,2.12646815941129,1.0855316676487856,5.806986802823932,4.2444699009989115,1.0855316676487856,0.0,3.611358199995185,1.0855316676487856,1.697913816834195,6.313808493105548,10.062442654350988,2.456445987034827,0.0,9.859572326203784,0.0,0.0,2.12646815941129,1.697913816834195,1.0855316676487856,1.697913816834195,0.0,0.0,1.697913816834195,1.0855316676487856,1.0855316676487856,0.0,2.12646815941129,0.0,1.0855316676487856,0.0,0.0,0.0,0.0,0.0,0.0,2.12646815941129,2.12646815941129,0.0,3.4724119486917777,1.0855316676487856,0.0,4.40591296026065
GSM5016209,0.0,0.0,1.0218382344124173,1.6140072997594312,0.0,0.0,7.182599265518782,0.0,0.0,0.0,0.0,1.0218382344124173,1.6140072997594312,0.0,0.0,0.0,2.6211780449335222,5.565984090471291,0.0,1.0218382344124173,5.501811525669717,0.0,5.925269861705004,1.0218382344124173,0.0,0.0,0.0,0.0,6.518604332864094,7.612981646722758,0.0,2.0326346267883975,4.040679228033961,0.0,2.0326346267883975,0.0,0.0,1.0218382344124173,0.0,1.0218382344124173,0.0,0.0,0.0,2.6211780449335222,0.0,2.8445919551263184,2.6211780449335222,0.0,0.0,1.6140072997594312,0.0,0.0,0.0,0.0,0.0,1.0218382344124173,3.038002675353357,0.0,0.0,0.0,0.0,0.0,0.0,6.686779890946447,2.0326346267883975,0.0,0.0,0.0,2.3567123385380353,0.0,0.0,2.3567123385380353,3.3610019872658854,3.20852289555886,4.996168864045805,0.0,0.0,1.0218382344124173,0.0,0.0,7.817942866168492,2.6211780449335222,1.0218382344124173,0.0,0.0,1.0218382344124173,0.0,0.0,0.0,1.0218382344124173,1.0218382344124173,0.0,1.0218382344124173,0.0,0.0,0.0,0.0,3.20852289555886,0.0,1.6140072997594312,0.0,0.0,2.3567123385380353,4.040679228033961,0.0,0.0,5.996858163930605,0.0,1.0218382344124173,0.0,2.0326346267883975,0.0,0.0,1.0218382344124173,0.0,0.0,0.0,1.6140072997594312,0.0,0.0,1.0218382344124173,0.0,2.3567123385380353,0.0,0.0,3.4988948473595336,1.0218382344124173,2.6211780449335222,0.0,0.0,0.0,2.6211780449335222,4.742147068741442,1.0218382344124173,0.0,0.0,0.0,3.9473915412015614,2.0326346267883975,1.0218382344124173,1.6140072997594312,2.3567123385380353,3.3610019872658854,0.0,2.8445919551263184,1.6140072997594312,2.0326346267883975,2.0326346267883975,2.0326346267883975,0.0,0.0,0.0,1.0218382344124173,1.6140072997594312,0.0,5.2120890603292525,1.6140072997594312,1.0218382344124173,1.6140072997594312,1.6140072997594312,5.39986084326618,3.038002675353357,1.0218382344124173,1.6140072997594312,4.128299359026496,1.6140072997594312,2.3567123385380353,0.0,0.0,2.8445919551263184,1.0218382344124173,1.0218382344124173,1.0218382344124173,0.0,0.0,0.0,0.0,0.0,8.342423261707191,4.289028901503109,0.0,0.0,0.0,0.0,0.0,0.0,0.0,0.0,1.0218382344124173,3.20852289555886,0.0,1.0218382344124173,0.0,0.0,0.0,0.0,0.0,0.0,1.0218382344124173,5.949529477794634,0.0,0.0,2.0326346267883975,0.0,0.0,0.0,0.0,1.0218382344124173,2.0326346267883975,0.0,1.0218382344124173,2.0326346267883975,0.0,1.0218382344124173,3.4988948473595336,0.0,2.3567123385380353,8.95015244630956,0.0,0.0,0.0,2.0326346267883975,3.20852289555886,1.0218382344124173,0.0,0.0,0.0,2.0326346267883975,4.040679228033961,1.0218382344124173,0.0,0.0,2.6211780449335222,1.6140072997594312,0.0,0.0,0.0,2.3567123385380353,1.6140072997594312,1.0218382344124173,0.0,0.0,2.6211780449335222,0.0,4.849179725741063,2.0326346267883975,0.0,0.0,0.0,3.7405017207641937,0.0,1.0218382344124173,0.0,0.0,0.0,1.0218382344124173,1.6140072997594312,1.0218382344124173,5.996858163930605,9.783081484635265,0.0,1.0218382344124173,9.396432348595924,0.0,0.0,0.0,0.0,0.0,0.0,0.0,0.0,0.0,0.0,0.0,0.0,1.6140072997594312,0.0,0.0,0.0,0.0,0.0,0.0,0.0,0.0,2.8445919551263184,1.6140072997594312,0.0,3.038002675353357,0.0,0.0,4.685497762471558
GSM5016037,0.0,2.3038152484857175,0.0,3.1497855071202965,2.9189007788931582,0.0,5.741509439934916,0.0,1.85801232302846,0.0,0.0,0.0,4.768225999358023,0.0,0.0,1.2094779199872878,0.0,5.668927396077255,1.2094779199872878,0.0,6.38698299054346,1.2094779199872878,5.776475505341288,5.843963560256416,4.90090862205633,0.0,0.0,0.0,5.238446855484696,8.223743193429101,3.523601456341906,3.3487671698564516,4.962937880354316,0.0,1.2094779199872878,0.0,1.2094779199872878,0.0,1.85801232302846,2.3038152484857175,1.2094779199872878,1.2094779199872878,0.0,1.2094779199872878,0.0,0.0,1.2094779199872878,1.2094779199872878,1.85801232302846,1.2094779199872878,0.0,0.0,0.0,0.0,0.0,1.85801232302846,3.9484076913772066,1.85801232302846,1.2094779199872878,5.843963560256416,0.0,0.0,1.85801232302846,5.631219444996269,0.0,0.0,0.0,0.0,1.85801232302846,0.0,0.0,0.0,8.530693324928107,0.0,4.276165434580674,0.0,0.0,0.0,0.0,0.0,7.675559094630738,2.9189007788931582,3.1497855071202965,1.2094779199872878,1.2094779199872878,0.0,0.0,0.0,1.2094779199872878,0.0,0.0,0.0,0.0,0.0,4.370728577775186,0.0,0.0,3.9484076913772066,0.0,2.643892530076625,0.0,1.2094779199872878,0.0,3.9484076913772066,0.0,0.0,6.409433689339034,1.2094779199872878,0.0,0.0,1.85801232302846,0.0,0.0,0.0,0.0,0.0,1.2094779199872878,1.2094779199872878,0.0,0.0,2.3038152484857175,1.2094779199872878,1.2094779199872878,0.0,0.0,2.643892530076625,1.2094779199872878,2.3038152484857175,0.0,0.0,0.0,3.1497855071202965,3.3487671698564516,1.2094779199872878,1.2094779199872878,0.0,1.2094779199872878,3.9484076913772066,2.643892530076625,5.238446855484696,1.85801232302846,0.0,4.066129869839023,1.2094779199872878,0.0,1.85801232302846,0.0,1.2094779199872878,2.3038152484857175,0.0,2.3038152484857175,1.2094779199872878,1.2094779199872878,2.3038152484857175,0.0,1.85801232302846,1.85801232302846,0.0,1.2094779199872878,0.0,6.029329826751263,1.2094779199872878,1.85801232302846,0.0,1.85801232302846,0.0,2.643892530076625,0.0,0.0,5.592499402816543,1.2094779199872878,2.643892530076625,1.2094779199872878,0.0,1.85801232302846,0.0,0.0,2.643892530076625,4.962937880354316,7.455883924870175,0.0,1.2094779199872878,0.0,0.0,0.0,0.0,0.0,0.0,1.2094779199872878,3.820219161810426,1.85801232302846,0.0,0.0,0.0,0.0,0.0,0.0,3.9484076913772066,2.643892530076625,3.820219161810426,0.0,1.2094779199872878,3.679519985153645,1.2094779199872878,1.85801232302846,3.1497855071202965,3.3487671698564516,4.768225999358023,6.516727738989242,3.3487671698564516,5.0224097440647855,1.85801232302846,0.0,1.2094779199872878,3.1497855071202965,0.0,1.85801232302846,7.320279436700329,5.511794967729934,0.0,0.0,2.3038152484857175,4.697009120480001,0.0,0.0,0.0,3.3487671698564516,3.820219161810426,4.370728577775186,0.0,0.0,0.0,2.3038152484857175,2.3038152484857175,1.2094779199872878,0.0,0.0,1.85801232302846,2.9189007788931582,0.0,0.0,1.2094779199872878,1.2094779199872878,0.0,5.238446855484696,0.0,1.85801232302846,0.0,1.2094779199872878,0.0,0.0,3.1497855071202965,1.85801232302846,0.0,0.0,1.2094779199872878,0.0,0.0,5.381585175587192,9.383207458008505,0.0,0.0,9.243365959385065,0.0,1.2094779199872878,0.0,0.0,0.0,0.0,0.0,1.2094779199872878,1.2094779199872878,1.2094779199872878,1.2094779199872878,1.2094779199872878,4.276165434580674,0.0,0.0,1.85801232302846,1.2094779199872878,0.0,0.0,0.0,0.0,4.174966549558078,2.9189007788931582,2.3038152484857175,2.643892530076625,0.0,0.0,4.066129869839023
GSM5016092,5.198920271018781,11.049252721144573,1.280501402445584,6.910984799401028,7.917825022248071,3.363173922849401,12.092765119518154,3.793178520117784,3.259333259939611,1.280501402445584,0.0,0.0,5.478701151470975,2.193167649506705,2.193167649506705,0.0,0.7778863070531712,5.455393533628715,1.280501402445584,1.948028060019276,12.488472893849243,5.546446446322262,7.561816856348837,7.625852448954187,6.813527813326313,1.280501402445584,1.6525327695472478,6.5309286028008,5.789491596327814,6.029354047942455,1.948028060019276,6.0134825419944455,5.0198418019876545,0.0,0.7778863070531712,0.7778863070531712,0.0,3.1474347453543987,1.948028060019276,4.392954437132016,3.793178520117784,5.082037433682576,0.0,2.193167649506705,0.7778863070531712,0.0,0.0,0.0,1.948028060019276,1.6525327695472478,0.0,0.0,0.0,2.7478031898569224,0.7778863070531712,4.181961764305253,3.793178520117784,1.280501402445584,3.636203626813822,5.170575283937447,1.948028060019276,0.0,0.0,15.943150625397642,15.723083789295336,3.1474347453543987,7.63625406874705,5.407617295676948,5.5899048267798035,15.403471554835622,2.402640784397672,0.7778863070531712,7.567263063552688,3.1474347453543987,9.214639842222224,3.793178520117784,1.280501402445584,2.402640784397672,8.878061134144842,0.7778863070531712,9.846606154388732,1.280501402445584,2.5855199036605274,0.7778863070531712,4.9548435968606395,0.0,0.0,3.0261218260785308,4.0006270631667675,6.785764909520362,2.193167649506705,0.0,0.0,1.6525327695472478,5.112157830136995,2.8936636332972294,1.6525327695472478,11.708274299024604,4.740183363651046,2.7478031898569224,1.6525327695472478,4.392954437132016,6.135818926876714,8.77357097441732,8.120348700179624,0.7778863070531712,5.89720628380755,0.7778863070531712,1.948028060019276,0.7778863070531712,4.343028090543315,2.5855199036605274,0.7778863070531712,6.617473410868893,1.280501402445584,0.0,5.93139523287122,0.0,1.6525327695472478,0.0,3.7168250112403056,0.7778863070531712,1.948028060019276,3.793178520117784,0.0,6.060582651925575,4.487904869446168,4.063638646808018,0.7778863070531712,0.0,1.6525327695472478,1.280501402445584,5.862187418822916,6.248587572386235,2.5855199036605274,3.793178520117784,0.7778863070531712,11.886038221334692,9.79415529648983,4.181961764305253,1.280501402445584,8.217066040648973,8.829030584899657,6.747896562669494,6.6486344879450145,2.193167649506705,2.193167649506705,0.0,2.193167649506705,1.280501402445584,0.7778863070531712,1.280501402445584,1.280501402445584,1.948028060019276,0.0,4.181961764305253,0.7778863070531712,5.652732256142795,3.0261218260785308,0.0,9.992392487873342,1.280501402445584,5.455393533628715,1.280501402445584,4.343028090543315,1.280501402445584,2.7478031898569224,5.948190602294078,0.0,4.291311850897595,1.280501402445584,1.948028060019276,9.991379998746302,1.6525327695472478,0.0,1.280501402445584,1.948028060019276,4.343028090543315,8.64555350549761,8.858204163303148,1.280501402445584,15.745757882465009,1.280501402445584,4.815341993883435,1.280501402445584,0.0,0.0,4.815341993883435,5.712937433871236,9.865517542432668,8.000666245566615,0.0,6.060582651925575,4.77825205636163,0.0,0.7778863070531712,0.7778863070531712,3.259333259939611,5.546446446322262,7.465939936513112,0.7778863070531712,1.280501402445584,3.363173922849401,6.553056371249963,5.5899048267798035,5.082037433682576,4.701082856267301,7.252654009458609,8.45892708084765,8.278120168314826,8.38375395145211,5.431703175142315,5.280759567519079,2.402640784397672,8.03251516863924,3.5508088547459473,0.7778863070531712,10.92431434573658,9.2094246437405,0.7778863070531712,3.793178520117784,6.0134825419944455,9.329663237342906,0.0,1.6525327695472478,3.4600396838938003,5.25399233568163,7.3187232154918656,4.851502245332194,0.0,1.280501402445584,5.141662216003674,0.7778863070531712,4.392954437132016,5.879803101316584,7.874549496663971,2.402640784397672,5.332848688932122,1.280501402445584,0.7778863070531712,6.757457242091542,0.0,4.77825205636163,1.280501402445584,6.314839049143019,3.5508088547459473,1.6525327695472478,7.337968043369964,0.7778863070531712,1.6525327695472478,1.948028060019276,5.0198418019876545,2.193167649506705,0.7778863070531712,0.0,2.8936636332972294,1.948028060019276,1.6525327695472478,5.712937433871236,9.50307355837533,3.363173922849401,0.7778863070531712,9.69937271976254,2.402640784397672,4.9548435968606395,0.0,1.948028060019276,1.280501402445584,0.0,4.533135043666795,2.7478031898569224,0.0,8.999862250827404,2.8936636332972294,4.124012904498096,1.280501402445584,0.7778863070531712,2.402640784397672,1.280501402445584,3.793178520117784,2.5855199036605274,2.7478031898569224,0.7778863070531712,4.487904869446168,7.026198817200524,2.5855199036605274,5.789491596327814,3.363173922849401,2.193167649506705,0.0,2.402640784397672
GSM5016064,2.890436973639426,6.117406928611833,3.547398424782728,6.146730122156538,3.713379956204826,0.7763333077971004,7.568979400771916,0.7763333077971004,0.0,0.7763333077971004,0.7763333077971004,1.649990939669745,5.138038980606459,1.9452664309610048,2.399617744566149,0.0,0.0,6.924319723600015,1.2783086212444534,1.9452664309610048,7.835256752839211,7.848702159734596,7.396617396861652,3.022851105903347,1.9452664309610048,3.359807735258202,3.359807735258202,1.2783086212444534,1.9452664309610048,5.7092796163475725,2.5824128324841946,6.6551816699825626,4.7365940626042,0.7763333077971004,0.7763333077971004,5.607500149395009,0.0,2.5824128324841946,2.5824128324841946,3.713379956204826,6.175469166609977,1.649990939669745,0.7763333077971004,3.144127070531225,3.547398424782728,1.9452664309610048,0.0,0.0,0.0,5.451749627871331,0.7763333077971004,0.7763333077971004,1.2783086212444534,0.0,0.7763333077971004,3.144127070531225,5.689490057596061,2.890436973639426,2.7446299641363576,7.922612855660392,1.2783086212444534,0.7763333077971004,1.649990939669745,5.2503611779590935,3.255994145609443,0.0,0.0,1.649990939669745,1.9452664309610048,6.34949376022964,6.560304733683452,3.255994145609443,7.030386242958074,5.3034045130706495,10.01076395422629,4.120498030072486,3.862220494248838,3.022851105903347,11.418930628547423,1.2783086212444534,7.80798407813715,2.399617744566149,3.359807735258202,1.2783086212444534,4.234141497646436,0.0,1.2783086212444534,1.9452664309610048,6.863803449719301,2.1902548960505253,1.2783086212444534,0.7763333077971004,1.649990939669745,3.359807735258202,2.890436973639426,0.7763333077971004,0.7763333077971004,4.178438460095316,1.9452664309610048,3.022851105903347,2.399617744566149,2.1902548960505253,3.359807735258202,6.828047754194934,2.5824128324841946,0.7763333077971004,7.513782208194496,1.9452664309610048,1.649990939669745,0.0,0.7763333077971004,0.0,1.2783086212444534,3.022851105903347,0.0,0.0,0.7763333077971004,0.0,1.2783086212444534,0.0,2.1902548960505253,0.0,1.9452664309610048,6.04138039057171,0.7763333077971004,6.258403144791402,1.649990939669745,2.1902548960505253,0.0,0.0,2.1902548960505253,1.2783086212444534,4.178438460095316,0.7763333077971004,4.657311630935862,0.0,0.7763333077971004,5.195292920331546,3.359807735258202,1.9452664309610048,0.7763333077971004,3.144127070531225,7.432776611105507,4.7365940626042,2.5824128324841946,0.0,2.399617744566149,1.2783086212444534,5.277126611250049,0.0,2.5824128324841946,0.0,0.0,0.0,0.7763333077971004,5.195292920331546,1.2783086212444534,0.0,4.060132922625352,0.0,9.07261568077062,1.9452664309610048,4.339483058715395,0.0,4.529567300441741,0.7763333077971004,0.7763333077971004,5.728801389297239,1.2783086212444534,4.38940314810533,0.0,0.0,4.339483058715395,3.144127070531225,0.0,0.7763333077971004,1.649990939669745,5.3292123269008975,9.970332779848055,8.885254696461516,0.7763333077971004,4.697497393001655,0.0,0.0,0.7763333077971004,0.0,1.649990939669745,2.399617744566149,7.61166533052292,8.213349587737296,7.530564232381924,0.0,6.481940767821958,4.774659117411974,0.7763333077971004,2.5824128324841946,3.144127070531225,2.1902548960505253,1.649990939669745,8.254337710686388,1.2783086212444534,1.9452664309610048,3.255994145609443,1.649990939669745,0.7763333077971004,0.7763333077971004,1.2783086212444534,1.2783086212444534,1.9452664309610048,2.1902548960505253,2.1902548960505253,5.993763927838778,1.649990939669745,5.354566576480171,7.084425222954392,4.060132922625352,0.7763333077971004,9.44727179454545,7.947820530473141,1.649990939669745,1.649990939669745,6.665348483148222,9.94968419534224,1.2783086212444534,0.7763333077971004,0.7763333077971004,0.7763333077971004,6.791383321149041,2.890436973639426,0.7763333077971004,0.7763333077971004,2.890436973639426,0.0,3.144127070531225,3.022851105903347,0.7763333077971004,1.649990939669745,5.910734937241847,1.2783086212444534,0.0,4.287773532978911,0.0,0.0,0.0,5.354566576480171,3.022851105903347,1.9452664309610048,0.7763333077971004,0.7763333077971004,4.984097391410847,2.1902548960505253,8.112923462355127,5.910734937241847,0.0,1.2783086212444534,3.144127070531225,0.7763333077971004,1.649990939669745,5.497991609297532,8.990086447044545,1.9452664309610048,2.5824128324841946,9.371673478926274,0.7763333077971004,3.547398424782728,0.0,0.0,0.0,0.0,0.7763333077971004,0.7763333077971004,0.0,8.351985619521967,3.862220494248838,5.078418660848728,1.649990939669745,1.9452664309610048,3.789718829582174,0.0,1.9452664309610048,2.7446299641363576,1.2783086212444534,0.7763333077971004,0.0,6.374497122234399,2.5824128324841946,7.658224110922306,3.144127070531225,1.649990939669745,1.9452664309610048,3.144127070531225
GSM5016058,3.550536766864729,8.26138014987453,2.759308427047469,5.7035452940759725,3.331743641122798,0.8674125970053074,9.07941584525737,0.8674125970053074,0.0,0.0,0.0,0.0,4.730967496560323,2.1035151150756453,0.0,0.8674125970053074,0.0,7.1661040820684425,1.7962505526553911,1.4053258591898676,10.915052011975073,5.834367006618897,7.777832762355241,4.487620654436025,3.908293774341437,0.8674125970053074,0.8674125970053074,2.1035151150756453,1.4053258591898676,8.539060325562541,1.4053258591898676,4.589935089888198,5.427733164359447,0.0,0.8674125970053074,0.8674125970053074,0.0,1.7962505526553911,0.8674125970053074,1.7962505526553911,5.371385055669846,2.1035151150756453,0.8674125970053074,2.759308427047469,0.0,0.8674125970053074,0.0,0.8674125970053074,0.8674125970053074,2.1035151150756453,0.0,1.4053258591898676,0.0,3.2084985533242656,0.8674125970053074,2.759308427047469,4.487620654436025,3.2084985533242656,0.8674125970053074,1.7962505526553911,0.8674125970053074,0.0,1.4053258591898676,14.39460583596698,11.548028534944525,0.0,4.775072484593829,3.648630204100202,2.571999064995193,12.431171346362472,6.479125730065804,1.4053258591898676,6.852871957156733,2.3566903725562813,9.76471399131554,2.759308427047469,0.0,2.1035151150756453,6.942625061630698,2.9250697409887443,6.666406350866916,1.7962505526553911,4.730967496560323,2.3566903725562813,2.571999064995193,1.7962505526553911,0.0,2.571999064995193,3.908293774341437,2.1035151150756453,1.4053258591898676,0.0,2.1035151150756453,1.4053258591898676,3.445283892187902,0.8674125970053074,1.4053258591898676,9.000339694041235,1.4053258591898676,4.319106623353723,2.3566903725562813,3.073733210780093,3.073733210780093,7.7282153030030045,4.3774925220326395,0.8674125970053074,7.892387139950376,2.1035151150756453,2.759308427047469,0.0,0.0,3.073733210780093,0.8674125970053074,5.633399032007085,1.7962505526553911,0.0,2.1035151150756453,1.4053258591898676,0.8674125970053074,0.0,3.445283892187902,0.0,2.9250697409887443,0.0,0.8674125970053074,5.154789622884728,1.4053258591898676,2.571999064995193,0.8674125970053074,0.0,0.8674125970053074,0.0,4.319106623353723,2.3566903725562813,0.0,2.571999064995193,3.2084985533242656,7.089579019389398,5.187794844882079,4.194729146041655,1.7962505526553911,5.584665419147013,6.9231569079801,4.730967496560323,4.058608491917034,2.3566903725562813,2.571999064995193,1.4053258591898676,0.0,0.0,2.759308427047469,0.8674125970053074,2.1035151150756453,2.3566903725562813,0.0,5.633399032007085,0.0,1.7962505526553911,1.7962505526553911,0.0,8.658660429726961,1.4053258591898676,2.759308427047469,0.0,5.220061847799753,0.8674125970053074,1.7962505526553911,4.058608491917034,0.0,2.1035151150756453,0.0,1.4053258591898676,5.427733164359447,0.0,0.0,1.7962505526553911,0.0,4.3774925220326395,7.60534011837178,7.975068136069488,1.4053258591898676,11.764495541830236,0.0,1.4053258591898676,1.4053258591898676,0.8674125970053074,0.0,3.445283892187902,2.571999064995193,8.736010220160628,7.124092213049884,0.0,5.050986253006433,3.550536766864729,0.0,1.4053258591898676,1.4053258591898676,0.8674125970053074,2.9250697409887443,6.3826465285319705,0.8674125970053074,0.0,3.073733210780093,5.992167690178544,0.0,0.8674125970053074,1.7962505526553911,3.740476467922498,4.638493977190977,5.399834194792333,2.3566903725562813,5.534227880422509,0.8674125970053074,3.073733210780093,6.294482414728158,2.571999064995193,2.3566903725562813,9.432568557030114,8.558118115012496,1.4053258591898676,0.8674125970053074,4.3774925220326395,7.1325930293469115,0.0,0.0,0.8674125970053074,1.7962505526553911,4.730967496560323,3.648630204100202,0.0,0.0,3.073733210780093,3.826823854212913,4.685471528246178,2.9250697409887443,5.187794844882079,2.1035151150756453,5.813370687677487,1.4053258591898676,0.8674125970053074,2.759308427047469,0.0,1.4053258591898676,0.8674125970053074,5.220061847799753,3.2084985533242656,1.4053258591898676,3.908293774341437,3.740476467922498,3.740476467922498,2.759308427047469,3.2084985533242656,1.4053258591898676,0.8674125970053074,2.1035151150756453,4.685471528246178,0.8674125970053074,0.0,6.746125346399673,9.810465853393977,0.0,0.0,10.252984531576349,0.8674125970053074,3.550536766864729,0.0,2.3566903725562813,0.0,0.8674125970053074,2.1035151150756453,0.8674125970053074,2.3566903725562813,9.143908125753388,3.073733210780093,4.638493977190977,2.571999064995193,1.4053258591898676,1.4053258591898676,0.0,0.0,2.9250697409887443,2.1035151150756453,0.0,2.3566903725562813,5.187794844882079,0.0,5.992167690178544,2.9250697409887443,5.312746361255634,0.8674125970053074,4.487620654436025
GSM5016042,1.5191387517509194,5.7348063511830425,4.711147173107643,7.293035780404117,5.150749768677111,0.0,6.471046800976684,0.0,0.0,0.9509158770682689,0.9509158770682689,0.9509158770682689,9.233418501148725,1.5191387517509194,0.9509158770682689,0.0,0.0,5.0728981877548875,2.242571377692661,3.232337687962737,8.866093936163473,4.5480905425080795,5.709303623095158,3.4936593989523024,3.232337687962737,4.5480905425080795,4.5480905425080795,1.925733033703407,4.990604696555835,6.843458004210757,1.5191387517509194,6.241229230924208,4.364228450371543,1.5191387517509194,0.0,5.032338130659888,0.0,3.3689072665866497,3.714827220799415,2.7221592739857754,6.733899863752926,4.81043717605963,2.242571377692661,2.242571377692661,1.925733033703407,0.9509158770682689,1.925733033703407,0.9509158770682689,0.0,8.050214080739249,1.5191387517509194,1.5191387517509194,2.242571377692661,0.0,0.0,5.879023640152742,7.54447607458464,2.91297482906869,6.807855105870473,5.032338130659888,4.2271934916597615,5.989085965246784,8.576312705333688,2.242571377692661,3.081475262553018,0.0,0.0,0.0,3.081475262553018,0.9509158770682689,3.8138727633535816,1.925733033703407,10.409948739290458,7.675362089839035,8.443411896966525,2.502202613047968,6.998889692674503,6.051306036538141,11.045443794011051,5.112349048765137,9.25340776968727,1.5191387517509194,8.359828236204365,6.2589156731675395,4.81043717605963,0.9509158770682689,0.9509158770682689,0.9509158770682689,4.761646180401237,1.925733033703407,1.925733033703407,0.9509158770682689,0.0,0.0,1.925733033703407,0.0,0.9509158770682689,2.91297482906869,3.232337687962737,1.925733033703407,0.9509158770682689,3.4936593989523024,3.8138727633535816,5.546026241239399,1.925733033703407,0.9509158770682689,6.2589156731675395,0.9509158770682689,1.5191387517509194,0.0,1.5191387517509194,0.0,0.9509158770682689,1.5191387517509194,0.0,2.502202613047968,2.242571377692661,0.0,2.7221592739857754,1.5191387517509194,0.9509158770682689,1.5191387517509194,0.0,3.4936593989523024,0.0,6.544992981896563,1.5191387517509194,6.327569802270055,2.7221592739857754,0.0,0.9509158770682689,1.5191387517509194,3.081475262553018,0.9509158770682689,0.0,2.242571377692661,1.925733033703407,5.150749768677111,3.081475262553018,9.694635137042484,0.0,3.714827220799415,6.11095327914991,3.4936593989523024,0.9509158770682689,0.9509158770682689,0.9509158770682689,0.9509158770682689,4.81043717605963,0.0,0.9509158770682689,0.9509158770682689,0.0,0.9509158770682689,1.925733033703407,2.242571377692661,2.242571377692661,0.0,5.112349048765137,0.0,8.204210835720321,3.232337687962737,5.425911629282089,1.925733033703407,3.3689072665866497,0.0,0.9509158770682689,1.925733033703407,1.5191387517509194,5.456890755340848,0.0,0.0,1.5191387517509194,3.3689072665866497,0.0,0.9509158770682689,0.0,4.075762882226099,12.698589112774842,9.798056668742094,1.925733033703407,0.9509158770682689,0.0,2.91297482906869,2.7221592739857754,0.0,0.0,0.0,10.393029192054655,6.186830518040757,4.364228450371543,0.0,3.081475262553018,1.925733033703407,0.9509158770682689,4.153464115170824,4.5480905425080795,5.487218623736635,1.5191387517509194,13.972241401784638,6.642536156320525,0.0,2.242571377692661,4.5480905425080795,0.0,2.242571377692661,1.925733033703407,2.7221592739857754,4.658816218805223,4.5480905425080795,2.91297482906869,4.990604696555835,2.91297482906869,7.777059829331166,7.030124456138442,1.925733033703407,0.9509158770682689,9.355577351236567,6.94528031288248,1.5191387517509194,1.5191387517509194,9.334880487630477,12.6822966704036,3.081475262553018,0.9509158770682689,0.0,0.9509158770682689,12.909244128661705,3.232337687962737,0.0,0.0,2.242571377692661,0.0,4.604515383293205,2.242571377692661,0.0,3.608477345815421,5.224614498647952,0.0,0.0,0.0,0.0,0.0,0.0,4.903331584354547,1.925733033703407,4.81043717605963,1.5191387517509194,0.0,1.925733033703407,0.0,2.242571377692661,1.5191387517509194,0.9509158770682689,0.0,1.925733033703407,2.242571377692661,0.0,4.2271934916597615,8.836951811812975,6.424788626200174,1.925733033703407,9.024409463210183,1.5191387517509194,2.502202613047968,0.0,1.5191387517509194,0.0,2.502202613047968,2.91297482906869,5.574554887400065,0.0,8.105024527950265,8.985101659265956,10.139786874814408,0.9509158770682689,3.4936593989523024,3.3689072665866497,0.0,0.9509158770682689,3.714827220799415,0.9509158770682689,0.0,0.0,6.13029998462978,1.925733033703407,3.3689072665866497,0.0,3.4936593989523024,0.9509158770682689,2.502202613047968
GSM5016194,0.0,1.6677726068670111,4.285883967841469,0.0,0.0,0.0,6.67583723874099,0.0,0.0,0.0,0.0,2.420744736493051,1.0625489208457717,1.0625489208457717,0.0,2.092834982886578,1.6677726068670111,7.942157524062151,0.0,0.0,2.420744736493051,0.0,9.014034745386198,1.6677726068670111,0.0,0.0,0.0,0.0,1.6677726068670111,9.292219404272302,2.9129775137436313,0.0,6.387758824914558,0.0,2.092834982886578,1.6677726068670111,0.0,0.0,5.901721135473665,0.0,1.6677726068670111,0.0,1.0625489208457717,5.118823576826423,0.0,0.0,1.6677726068670111,1.0625489208457717,0.0,1.0625489208457717,0.0,0.0,0.0,0.0,0.0,0.0,3.5712136988995513,0.0,0.0,0.0,0.0,0.0,1.0625489208457717,7.822373292824827,3.921440047550085,1.0625489208457717,0.0,1.0625489208457717,0.0,0.0,0.0,0.0,3.1077428833768463,0.0,5.072901191478345,0.0,1.0625489208457717,1.6677726068670111,0.0,0.0,8.718384566288766,4.2030362157835075,1.0625489208457717,1.0625489208457717,0.0,0.0,0.0,0.0,1.0625489208457717,0.0,0.0,1.6677726068670111,1.6677726068670111,0.0,3.1077428833768463,1.0625489208457717,0.0,2.9129775137436313,0.0,5.072901191478345,0.0,1.0625489208457717,0.0,2.420744736493051,0.0,1.6677726068670111,10.891442326894373,4.364231395756424,2.420744736493051,0.0,1.0625489208457717,0.0,0.0,1.6677726068670111,0.0,0.0,0.0,1.0625489208457717,2.420744736493051,3.8138756389264334,0.0,0.0,3.2793148489052144,0.0,1.6677726068670111,1.0625489208457717,1.0625489208457717,2.9129775137436313,0.0,1.0625489208457717,0.0,1.0625489208457717,1.6677726068670111,0.0,8.034900252778503,0.0,2.092834982886578,4.976423892449009,3.2793148489052144,0.0,0.0,3.1077428833768463,2.420744736493051,2.092834982886578,1.0625489208457717,1.6677726068670111,0.0,0.0,1.6677726068670111,0.0,4.021538128969783,2.092834982886578,1.0625489208457717,1.0625489208457717,0.0,6.27059036986316,2.9129775137436313,0.0,1.6677726068670111,0.0,2.420744736493051,1.6677726068670111,0.0,0.0,6.330363749909474,4.115139460461885,4.2030362157835075,1.0625489208457717,1.6677726068670111,7.2090973492851775,0.0,0.0,1.6677726068670111,0.0,0.0,1.0625489208457717,0.0,1.0625489208457717,6.186833571243015,5.118823576826423,1.0625489208457717,3.5712136988995513,2.092834982886578,2.092834982886578,0.0,1.0625489208457717,0.0,0.0,0.0,1.6677726068670111,0.0,1.6677726068670111,0.0,0.0,2.092834982886578,0.0,0.0,1.0625489208457717,2.092834982886578,6.442957634186263,1.0625489208457717,1.0625489208457717,4.2030362157835075,0.0,0.0,1.0625489208457717,0.0,0.0,4.115139460461885,1.6677726068670111,1.0625489208457717,1.6677726068670111,0.0,0.0,0.0,0.0,3.1077428833768463,8.087812750205725,0.0,1.0625489208457717,0.0,3.2793148489052144,3.432634161245222,0.0,0.0,0.0,0.0,1.0625489208457717,7.883508233694254,0.0,1.0625489208457717,0.0,0.0,1.0625489208457717,1.0625489208457717,0.0,1.0625489208457717,0.0,0.0,1.0625489208457717,0.0,1.0625489208457717,1.0625489208457717,1.6677726068670111,6.736009269614849,4.2030362157835075,1.0625489208457717,1.0625489208457717,0.0,0.0,1.0625489208457717,2.420744736493051,0.0,0.0,0.0,4.925652772189254,1.0625489208457717,0.0,7.564766694274821,10.978082094616711,1.0625489208457717,0.0,10.885643101532771,0.0,0.0,2.092834982886578,3.2793148489052144,1.0625489208457717,0.0,0.0,0.0,0.0,0.0,0.0,0.0,5.512016785258319,0.0,0.0,1.6677726068670111,0.0,0.0,0.0,0.0,0.0,0.0,3.432634161245222,0.0,4.925652772189254,0.0,0.0,6.165111909064395
GSM5016210,0.0,3.714104604028931,0.0,2.951475698210191,1.8852461875943785,0.0,7.828513563322915,0.0,0.0,0.0,0.0,1.2308668865661438,2.675436389771023,0.0,0.0,0.0,0.0,7.284608292804653,2.951475698210191,0.0,2.3337784569141498,0.0,8.628242757185024,2.951475698210191,0.0,0.0,0.0,0.0,5.813275102800878,4.406414001988923,0.0,2.951475698210191,5.913404320577291,0.0,0.0,1.2308668865661438,0.0,3.183086081804511,0.0,0.0,1.2308668865661438,0.0,0.0,3.9834841370589382,0.0,2.675436389771023,0.0,2.675436389771023,3.382606184732986,0.0,0.0,0.0,0.0,0.0,2.3337784569141498,0.0,6.728903105149038,0.0,0.0,0.0,0.0,0.0,1.2308668865661438,10.492882946644544,0.0,4.101394376501515,0.0,0.0,0.0,5.913404320577291,0.0,3.183086081804511,0.0,0.0,4.8722710501101485,0.0,0.0,0.0,4.311729574748158,0.0,2.951475698210191,3.382606184732986,1.8852461875943785,0.0,0.0,1.8852461875943785,0.0,0.0,0.0,0.0,0.0,2.951475698210191,3.183086081804511,0.0,2.675436389771023,0.0,0.0,1.8852461875943785,0.0,4.578960226443786,0.0,3.183086081804511,3.382606184732986,4.658064988093147,0.0,0.0,10.094713371717544,2.951475698210191,2.951475698210191,3.183086081804511,1.8852461875943785,0.0,0.0,0.0,0.0,0.0,0.0,0.0,1.8852461875943785,0.0,0.0,2.951475698210191,0.0,0.0,0.0,4.8722710501101485,0.0,1.2308668865661438,0.0,0.0,0.0,0.0,2.3337784569141498,0.0,4.658064988093147,0.0,0.0,3.8550725652752273,1.2308668865661438,0.0,0.0,2.951475698210191,4.101394376501515,0.0,0.0,1.8852461875943785,0.0,0.0,0.0,0.0,1.8852461875943785,0.0,3.9834841370589382,2.675436389771023,0.0,4.7330568747017265,0.0,0.0,0.0,1.2308668865661438,4.578960226443786,2.675436389771023,0.0,0.0,0.0,0.0,1.8852461875943785,0.0,0.0,4.210391767067308,2.675436389771023,0.0,1.2308668865661438,0.0,0.0,0.0,0.0,0.0,5.629207165779611,5.945293775740903,0.0,0.0,0.0,0.0,0.0,2.951475698210191,0.0,0.0,0.0,4.8722710501101485,2.675436389771023,1.8852461875943785,1.2308668865661438,0.0,0.0,0.0,0.0,0.0,3.382606184732986,7.297019466370417,0.0,0.0,1.2308668865661438,0.0,0.0,0.0,0.0,0.0,3.714104604028931,2.675436389771023,0.0,3.8550725652752273,0.0,0.0,2.3337784569141498,0.0,0.0,6.30616429643404,4.210391767067308,0.0,2.675436389771023,0.0,0.0,0.0,0.0,0.0,1.2308668865661438,3.5578558689219437,5.058745729373212,0.0,0.0,0.0,0.0,1.8852461875943785,0.0,0.0,0.0,3.183086081804511,1.2308668865661438,0.0,0.0,0.0,0.0,0.0,3.5578558689219437,0.0,0.0,0.0,0.0,2.3337784569141498,0.0,1.8852461875943785,0.0,0.0,0.0,5.058745729373212,0.0,0.0,5.58939775168033,8.732439258580872,0.0,0.0,8.991094019625324,0.0,0.0,0.0,0.0,0.0,0.0,0.0,2.675436389771023,0.0,0.0,0.0,0.0,2.675436389771023,0.0,0.0,0.0,0.0,0.0,0.0,0.0,0.0,2.951475698210191,0.0,5.058745729373212,3.382606184732986,1.2308668865661438,0.0,5.742440456434322
GSM5016163,2.909971306599145,6.421365080403363,6.577164002905097,6.641350839272421,2.090181456913057,0.0,7.422088745996727,1.060742904956336,0.0,2.090181456913057,1.060742904956336,1.060742904956336,6.609614358113804,0.0,0.0,0.0,1.6653976994432782,9.700082719205003,1.6653976994432782,2.909971306599145,8.467408942327587,5.871801449842129,6.457470080204924,7.544631639562707,6.384333269983247,1.060742904956336,2.090181456913057,1.6653976994432782,6.326939877360394,6.687683742144278,0.0,3.276205319566069,5.871801449842129,0.0,1.060742904956336,2.090181456913057,0.0,2.090181456913057,2.684824815657022,1.060742904956336,4.111872745047066,2.684824815657022,0.0,5.817272167078066,1.6653976994432782,2.684824815657022,0.0,1.060742904956336,0.0,0.0,1.060742904956336,1.060742904956336,1.060742904956336,1.060742904956336,1.060742904956336,3.1046784920225106,4.360932920867529,1.6653976994432782,1.060742904956336,3.1046784920225106,1.6653976994432782,2.4179258584422803,1.6653976994432782,6.307289897631205,5.4015009718737215,0.0,0.0,1.6653976994432782,2.684824815657022,7.825843663072773,9.506878048707216,1.060742904956336,6.161693271504199,3.1046784920225106,8.846682264909152,1.060742904956336,2.4179258584422803,1.6653976994432782,2.090181456913057,0.0,6.183414210859779,0.0,5.999736554292846,4.922299969928583,2.4179258584422803,2.4179258584422803,1.6653976994432782,0.0,4.282594897896137,2.090181456913057,3.429488594596199,2.090181456913057,1.6653976994432782,2.090181456913057,2.4179258584422803,0.0,0.0,5.473793947112919,2.090181456913057,6.976027018013948,1.6653976994432782,1.060742904956336,1.060742904956336,6.024016418471762,2.909971306599145,0.0,7.431195503311433,2.090181456913057,3.918202110519636,0.0,0.0,3.429488594596199,1.060742904956336,4.4352353954867265,1.060742904956336,1.060742904956336,1.6653976994432782,2.090181456913057,1.6653976994432782,1.060742904956336,0.0,1.060742904956336,2.090181456913057,1.060742904956336,2.090181456913057,4.573260222335236,1.060742904956336,2.4179258584422803,0.0,1.060742904956336,0.0,0.0,5.575863916052957,1.060742904956336,2.090181456913057,1.060742904956336,0.0,6.071383639572727,4.111872745047066,5.817272167078066,3.56803869536158,3.694441145372029,5.508625841274557,1.6653976994432782,4.360932920867529,2.684824815657022,1.6653976994432782,0.0,3.1046784920225106,1.060742904956336,5.608343200267912,1.6653976994432782,1.6653976994432782,1.6653976994432782,1.060742904956336,4.282594897896137,2.090181456913057,0.0,5.4015009718737215,2.4179258584422803,8.263285765391391,2.684824815657022,4.018284838304724,0.0,4.869680984847495,0.0,2.909971306599145,2.4179258584422803,0.0,1.060742904956336,1.060742904956336,3.1046784920225106,1.060742904956336,0.0,1.060742904956336,1.6653976994432782,0.0,3.56803869536158,6.071383639572727,8.71492579863564,1.060742904956336,7.012888633398004,2.090181456913057,2.4179258584422803,1.060742904956336,0.0,1.6653976994432782,1.6653976994432782,2.909971306599145,8.399434650326457,6.4926935302835,1.060742904956336,4.4352353954867265,3.1046784920225106,0.0,2.4179258584422803,2.684824815657022,6.776111119860236,0.0,5.789214642651871,1.060742904956336,1.6653976994432782,3.694441145372029,6.307289897631205,2.4179258584422803,5.28577910620455,5.363949013595052,6.183414210859779,6.790336078129897,6.11724498898191,6.872860514740712,3.810655432309307,2.090181456913057,1.060742904956336,6.747233386149174,3.1046784920225106,1.6653976994432782,8.417876564825672,8.957985605999463,0.0,1.060742904956336,5.949915478977179,8.8803192528099,0.0,0.0,2.909971306599145,4.199757662496867,6.365454698712648,3.429488594596199,0.0,0.0,1.6653976994432782,1.060742904956336,3.918202110519636,2.909971306599145,2.684824815657022,2.684824815657022,5.203129834060469,0.0,0.0,0.0,1.060742904956336,1.060742904956336,0.0,5.4015009718737215,1.6653976994432782,5.640107351023495,3.694441145372029,3.1046784920225106,0.0,2.090181456913057,4.360932920867529,2.4179258584422803,1.060742904956336,0.0,6.886167049947809,2.090181456913057,1.6653976994432782,6.976027018013948,9.02267460219777,2.684824815657022,1.060742904956336,9.135619005408042,0.0,3.1046784920225106,0.0,1.060742904956336,1.060742904956336,0.0,1.6653976994432782,1.6653976994432782,0.0,8.007292387939131,3.1046784920225106,4.111872745047066,1.060742904956336,1.060742904956336,4.4352353954867265,0.0,0.0,1.060742904956336,0.0,1.060742904956336,1.060742904956336,5.871801449842129,2.684824815657022,6.246681205046139,3.694441145372029,2.684824815657022,1.6653976994432782,3.1046784920225106
GSM5016154,1.8289464682257843,6.456056390744724,0.8882465299023876,4.774980916105349,0.8882465299023876,0.0,6.627262297546102,0.0,0.0,1.4339477079793774,0.8882465299023876,0.0,5.199234757278195,1.4339477079793774,1.4339477079793774,0.0,0.8882465299023876,4.477232273507484,1.8289464682257843,3.114088131598599,7.62617409921145,4.861981602876145,6.563795164362334,5.815322644733412,4.81913697437238,0.8882465299023876,0.0,0.0,1.8289464682257843,4.903590458632735,1.8289464682257843,5.264562897257968,4.903590458632735,0.0,0.8882465299023876,2.964842360133563,0.0,1.8289464682257843,4.171407198729343,3.5924004087219545,2.964842360133563,2.964842360133563,0.8882465299023876,2.798356616886693,2.798356616886693,1.4339477079793774,1.4339477079793774,0.0,1.4339477079793774,3.4868561150529,0.0,0.0,0.0,0.8882465299023876,0.0,2.798356616886693,4.944032834763002,0.0,3.24933173829953,7.353382380489506,2.1387163438611716,4.633774306720243,7.0815757743573355,5.629436234882728,0.8882465299023876,0.0,0.0,0.0,2.610121429075196,3.372976648193424,5.701978892616727,2.393587970804909,3.782814975357388,4.531322383118052,7.5298195840250735,0.8882465299023876,3.5924004087219545,0.0,8.698359255099831,2.1387163438611716,7.613692621161039,3.4868561150529,8.744885404743478,6.469972026730606,6.33961774742636,2.1387163438611716,2.610121429075196,0.0,4.171407198729343,1.4339477079793774,0.8882465299023876,0.8882465299023876,0.0,0.0,0.0,0.0,0.0,2.393587970804909,0.0,2.1387163438611716,0.8882465299023876,2.610121429075196,1.8289464682257843,5.654024649941011,0.0,0.0,9.744634728064556,3.951002747357035,2.393587970804909,0.0,1.8289464682257843,0.0,0.0,1.8289464682257843,0.8882465299023876,0.8882465299023876,0.0,0.0,0.8882465299023876,0.0,2.393587970804909,0.8882465299023876,1.8289464682257843,3.4868561150529,0.8882465299023876,3.6907469054078983,2.1387163438611716,2.610121429075196,0.0,0.8882465299023876,0.8882465299023876,0.8882465299023876,4.583457597353579,1.4339477079793774,0.8882465299023876,3.372976648193424,0.0,4.101614549510163,2.1387163438611716,3.372976648193424,0.8882465299023876,3.114088131598599,6.73490893709941,3.114088131598599,0.0,1.4339477079793774,1.8289464682257843,1.4339477079793774,2.393587970804909,0.0,0.8882465299023876,0.0,0.8882465299023876,1.4339477079793774,0.0,0.8882465299023876,2.610121429075196,0.0,2.1387163438611716,0.0,7.299851103584245,0.8882465299023876,2.1387163438611716,0.0,4.477232273507484,0.8882465299023876,1.8289464682257843,3.372976648193424,0.0,1.4339477079793774,0.0,1.4339477079793774,2.964842360133563,4.171407198729343,1.4339477079793774,0.0,0.0,4.028273168036736,8.619400095558348,7.74538662746955,0.0,1.4339477079793774,0.0,0.0,1.4339477079793774,0.8882465299023876,0.8882465299023876,0.8882465299023876,6.145185462636271,6.968494779335134,4.7294306032050635,1.8289464682257843,2.964842360133563,1.4339477079793774,0.0,1.4339477079793774,1.8289464682257843,5.9799689263456886,1.4339477079793774,6.627262297546102,0.0,0.0,0.8882465299023876,4.774980916105349,2.610121429075196,3.372976648193424,2.798356616886693,2.610121429075196,5.416006398194706,5.2961501249026846,5.89999327572856,3.782814975357388,0.0,2.964842360133563,5.357322581768677,1.4339477079793774,0.8882465299023876,8.622518256265655,6.162427278111905,0.0,2.964842360133563,8.499017693905216,11.996275948878353,2.798356616886693,0.0,0.0,2.964842360133563,5.940535210334551,6.229404983786374,0.0,0.0,1.8289464682257843,0.0,2.798356616886693,1.4339477079793774,0.0,0.8882465299023876,4.101614549510163,1.8289464682257843,0.0,2.393587970804909,0.0,0.0,0.0,5.815322644733412,1.8289464682257843,0.8882465299023876,1.8289464682257843,0.8882465299023876,0.0,2.393587970804909,5.7483903124794615,3.4868561150529,0.0,0.0,2.1387163438611716,1.4339477079793774,0.8882465299023876,6.639627427214857,9.81582960520959,0.0,1.8289464682257843,9.0871716877809,0.0,3.114088131598599,0.8882465299023876,1.4339477079793774,0.0,0.0,0.0,0.0,0.8882465299023876,7.0815757743573355,6.627262297546102,7.839505724567992,3.4868561150529,0.0,1.4339477079793774,0.0,1.4339477079793774,0.8882465299023876,0.0,0.0,0.0,4.2379787452018585,1.4339477079793774,4.682395107880639,1.4339477079793774,1.8289464682257843,0.8882465299023876,3.372976648193424
GSM5016047,0.0,2.5868553360598048,6.046630839921582,1.5864769676139818,2.001703663519838,0.0,7.5179585421640684,0.0,1.0011359991881614,0.0,0.0,2.5868553360598048,3.1719439375477125,0.0,1.0011359991881614,1.5864769676139818,0.0,8.17218822642237,0.0,0.0,6.306023126925538,0.0,6.860232536487114,3.1719439375477125,2.3237452644750545,0.0,0.0,0.0,2.3237452644750545,9.250194885585652,3.809463923391562,1.0011359991881614,5.394534494965636,0.0,1.0011359991881614,0.0,1.5864769676139818,1.0011359991881614,3.0019874119470114,1.0011359991881614,2.001703663519838,0.0,0.0,5.002200186649736,0.0,0.0,1.0011359991881614,1.0011359991881614,0.0,0.0,0.0,0.0,0.0,1.0011359991881614,0.0,0.0,2.8093018019316434,0.0,0.0,0.0,0.0,2.5868553360598048,0.0,6.68874959937987,3.1719439375477125,0.0,0.0,1.0011359991881614,0.0,0.0,3.1719439375477125,2.3237452644750545,3.587044483076918,0.0,6.445188516076606,0.0,0.0,1.5864769676139818,1.5864769676139818,0.0,6.342093090919682,3.587044483076918,1.0011359991881614,1.0011359991881614,0.0,1.0011359991881614,1.5864769676139818,0.0,2.001703663519838,1.5864769676139818,0.0,1.0011359991881614,2.3237452644750545,0.0,2.3237452644750545,0.0,1.5864769676139818,1.5864769676139818,0.0,5.556811672087385,1.0011359991881614,2.5868553360598048,0.0,5.21166313598618,1.0011359991881614,1.0011359991881614,9.233488509380567,3.0019874119470114,2.3237452644750545,0.0,1.5864769676139818,0.0,1.0011359991881614,2.3237452644750545,1.0011359991881614,0.0,0.0,2.3237452644750545,1.5864769676139818,1.0011359991881614,1.5864769676139818,1.0011359991881614,3.809463923391562,0.0,3.3239722498235253,3.1719439375477125,0.0,1.0011359991881614,0.0,1.5864769676139818,0.0,2.001703663519838,2.5868553360598048,1.0011359991881614,4.0896004503626235,0.0,1.5864769676139818,5.461651146885838,4.002129265235538,2.8093018019316434,2.3237452644750545,2.3237452644750545,3.587044483076918,2.5868553360598048,2.001703663519838,3.0019874119470114,0.0,2.001703663519838,1.0011359991881614,0.0,4.250079175291837,1.5864769676139818,2.5868553360598048,2.3237452644750545,1.0011359991881614,8.136689348911528,2.3237452644750545,0.0,1.5864769676139818,2.001703663519838,5.757116581723185,2.8093018019316434,1.5864769676139818,1.0011359991881614,5.909123877725119,2.001703663519838,4.0896004503626235,1.5864769676139818,1.0011359991881614,2.8093018019316434,1.0011359991881614,2.001703663519838,2.3237452644750545,1.0011359991881614,0.0,3.1719439375477125,0.0,1.0011359991881614,6.5258083939247165,6.68874959937987,0.0,3.809463923391562,2.3237452644750545,0.0,0.0,2.001703663519838,0.0,0.0,1.5864769676139818,3.1719439375477125,3.1719439375477125,0.0,2.3237452644750545,1.0011359991881614,0.0,0.0,0.0,3.702536249240299,3.0019874119470114,6.306023126925538,0.0,1.5864769676139818,1.0011359991881614,3.3239722498235253,1.0011359991881614,2.001703663519838,1.5864769676139818,2.8093018019316434,3.1719439375477125,2.5868553360598048,1.0011359991881614,2.5868553360598048,0.0,2.3237452644750545,3.0019874119470114,0.0,3.1719439375477125,8.988108565601854,3.909010404392072,0.0,0.0,4.394480460551112,7.909152244663889,2.001703663519838,0.0,0.0,1.5864769676139818,3.587044483076918,6.494098986043477,0.0,0.0,1.0011359991881614,0.0,2.001703663519838,0.0,2.001703663519838,0.0,2.3237452644750545,1.0011359991881614,1.0011359991881614,0.0,1.0011359991881614,1.5864769676139818,0.0,7.420110348537524,4.702623538620071,1.0011359991881614,1.0011359991881614,0.0,1.0011359991881614,0.0,2.8093018019316434,0.0,0.0,1.5864769676139818,4.702623538620071,1.0011359991881614,1.0011359991881614,6.8848949223035625,11.10293241019548,1.0011359991881614,0.0,10.970216677430424,0.0,1.0011359991881614,1.0011359991881614,3.3239722498235253,0.0,0.0,0.0,0.0,1.5864769676139818,2.3237452644750545,1.0011359991881614,1.5864769676139818,3.1719439375477125,0.0,0.0,2.3237452644750545,0.0,1.0011359991881614,0.0,0.0,0.0,3.909010404392072,1.5864769676139818,0.0,4.394480460551112,0.0,0.0,5.287615134627549
GSM5016100,2.088113895361537,7.419401756154637,2.682542719225243,7.170770410592865,1.0593364378134689,0.0,6.541293146013316,1.0593364378134689,0.0,0.0,0.0,1.0593364378134689,7.265288384171561,3.273781769537499,2.4157292345183876,0.0,1.0593364378134689,6.091833366416754,0.0,2.088113895361537,5.698960778600888,9.190262633714244,5.869144883646267,5.99707606783932,4.867070750692589,0.0,0.0,1.0593364378134689,2.4157292345183876,5.668537508664799,1.663547548655986,4.2800311307857575,3.8081454495476015,0.0,0.0,0.0,0.0,1.0593364378134689,0.0,2.088113895361537,1.663547548655986,4.43265767405252,1.0593364378134689,2.682542719225243,2.4157292345183876,0.0,0.0,0.0,1.663547548655986,1.663547548655986,0.0,0.0,0.0,1.0593364378134689,1.0593364378134689,0.0,4.015749016468468,0.0,1.0593364378134689,4.358361807855993,0.0,0.0,1.0593364378134689,4.635023067488725,4.197202109511833,0.0,0.0,0.0,1.663547548655986,3.427036902750742,3.427036902750742,2.682542719225243,5.921686324594981,0.0,7.234465341168914,2.4157292345183876,2.088113895361537,2.088113895361537,3.427036902750742,0.0,5.283145689190519,0.0,3.273781769537499,2.088113895361537,1.663547548655986,1.0593364378134689,0.0,0.0,3.8081454495476015,1.663547548655986,1.663547548655986,1.0593364378134689,1.0593364378134689,1.663547548655986,5.43545986898306,2.088113895361537,0.0,4.197202109511833,0.0,3.427036902750742,1.0593364378134689,2.682542719225243,0.0,6.815693218492082,0.0,0.0,7.745120591139783,1.663547548655986,1.0593364378134689,0.0,0.0,1.0593364378134689,1.0593364378134689,2.9076284347401486,2.088113895361537,0.0,2.088113895361537,1.663547548655986,0.0,2.088113895361537,4.109326438004498,1.663547548655986,0.0,0.0,0.0,4.015749016468468,0.0,1.663547548655986,0.0,1.0593364378134689,0.0,0.0,2.682542719225243,1.663547548655986,2.4157292345183876,0.0,0.0,5.3988622097543715,3.273781769537499,4.109326438004498,2.088113895361537,2.088113895361537,5.3988622097543715,3.427036902750742,2.4157292345183876,1.0593364378134689,0.0,0.0,2.9076284347401486,2.4157292345183876,1.663547548655986,1.0593364378134689,1.0593364378134689,0.0,0.0,8.229667172957694,2.088113895361537,0.0,4.812463294400906,0.0,8.512601641430418,0.0,3.273781769537499,0.0,4.755707300132238,1.0593364378134689,2.088113895361537,0.0,1.663547548655986,2.088113895361537,0.0,0.0,1.0593364378134689,1.0593364378134689,1.0593364378134689,1.0593364378134689,1.0593364378134689,3.8081454495476015,6.669727939293769,8.363888364743563,1.0593364378134689,6.63867517518849,1.0593364378134689,2.9076284347401486,1.0593364378134689,0.0,0.0,2.4157292345183876,2.088113895361537,7.903725296460824,6.472516944217687,0.0,5.242414810557557,2.9076284347401486,0.0,0.0,0.0,3.8081454495476015,1.663547548655986,5.698960778600888,1.0593364378134689,0.0,4.015749016468468,4.43265767405252,2.088113895361537,3.273781769537499,3.102290188833015,3.102290188833015,4.635023067488725,6.091833366416754,5.471152056983255,5.0669151045709775,1.0593364378134689,1.0593364378134689,6.2440140675637394,2.682542719225243,1.0593364378134689,8.469133541531793,8.052510231634049,0.0,1.663547548655986,4.867070750692589,7.967593678249306,0.0,2.088113895361537,1.663547548655986,3.102290188833015,4.755707300132238,4.755707300132238,5.157331943115265,0.0,2.088113895361537,1.0593364378134689,4.43265767405252,2.088113895361537,3.915678280204246,1.663547548655986,5.157331943115265,1.663547548655986,0.0,0.0,1.0593364378134689,2.9076284347401486,1.0593364378134689,3.915678280204246,0.0,1.0593364378134689,1.0593364378134689,2.088113895361537,1.0593364378134689,2.088113895361537,3.565564015090525,1.663547548655986,1.0593364378134689,0.0,3.102290188833015,1.663547548655986,1.0593364378134689,5.283145689190519,8.929861346297688,2.4157292345183876,1.0593364378134689,8.697237282026373,0.0,3.8081454495476015,0.0,2.088113895361537,1.0593364378134689,0.0,2.088113895361537,0.0,1.0593364378134689,5.895654778927997,1.663547548655986,2.9076284347401486,1.0593364378134689,0.0,1.663547548655986,1.663547548655986,1.0593364378134689,2.682542719225243,1.0593364378134689,0.0,0.0,5.322758137383404,1.0593364378134689,4.919686421871999,3.102290188833015,3.102290188833015,2.4157292345183876,2.088113895361537
GSM5016127,0.0,3.082070247475676,7.401190721116173,2.8527125956560235,2.579870024879679,0.0,7.05462868771822,1.1665320156196295,0.0,0.0,1.802991044237143,1.1665320156196295,3.6090967157416594,0.0,0.0,1.1665320156196295,2.2431035112636843,11.626316072030429,0.0,1.802991044237143,6.481795157966561,1.1665320156196295,8.297687002803528,3.749228084470238,2.579870024879679,0.0,0.0,0.0,2.579870024879679,9.032817504185568,3.6090967157416594,3.749228084470238,7.24422552282476,1.802991044237143,1.802991044237143,1.1665320156196295,1.802991044237143,0.0,2.2431035112636843,0.0,1.1665320156196295,2.2431035112636843,0.0,8.069388727961682,0.0,0.0,0.0,0.0,2.579870024879679,2.2431035112636843,0.0,0.0,0.0,0.0,0.0,0.0,5.00530406791504,1.1665320156196295,0.0,2.8527125956560235,0.0,1.802991044237143,3.082070247475676,6.241894986150439,0.0,0.0,0.0,0.0,0.0,0.0,0.0,0.0,4.888910536352534,2.579870024879679,6.897819870612721,0.0,2.2431035112636843,2.2431035112636843,6.820489329103592,1.1665320156196295,8.25129473085282,4.386495980769636,1.1665320156196295,0.0,0.0,1.802991044237143,1.802991044237143,0.0,2.579870024879679,0.0,0.0,0.0,2.2431035112636843,1.1665320156196295,2.8527125956560235,0.0,0.0,3.876945186867355,0.0,8.16007127757213,0.0,0.0,0.0,3.749228084470238,0.0,2.2431035112636843,9.906034082816037,2.8527125956560235,0.0,1.802991044237143,1.1665320156196295,0.0,0.0,4.94828078139176,1.1665320156196295,0.0,0.0,2.8527125956560235,2.2431035112636843,3.4538752978535467,0.0,1.1665320156196295,2.579870024879679,1.1665320156196295,1.1665320156196295,1.802991044237143,0.0,1.802991044237143,0.0,0.0,0.0,0.0,1.1665320156196295,1.1665320156196295,2.8527125956560235,1.802991044237143,1.802991044237143,5.768785815887301,3.6090967157416594,5.26083251980055,3.082070247475676,3.6090967157416594,4.623490986462458,2.8527125956560235,1.1665320156196295,2.8527125956560235,0.0,1.802991044237143,2.2431035112636843,0.0,7.220339969426556,2.2431035112636843,2.8527125956560235,2.579870024879679,0.0,9.237070960875382,3.082070247475676,0.0,2.2431035112636843,2.2431035112636843,5.00530406791504,1.802991044237143,2.8527125956560235,0.0,6.5017488267846275,3.2799172685463907,3.994269698907567,1.802991044237143,1.802991044237143,5.630634621367675,0.0,1.802991044237143,3.082070247475676,0.0,3.082070247475676,1.802991044237143,0.0,1.1665320156196295,6.578913181226995,7.347071161881886,0.0,1.1665320156196295,2.579870024879679,0.0,0.0,0.0,1.1665320156196295,0.0,5.060158915931069,2.2431035112636843,1.802991044237143,1.1665320156196295,0.0,0.0,1.1665320156196295,0.0,0.0,1.802991044237143,1.802991044237143,8.600307798999888,1.1665320156196295,1.1665320156196295,3.749228084470238,2.579870024879679,1.802991044237143,2.2431035112636843,1.1665320156196295,0.0,2.8527125956560235,3.082070247475676,2.579870024879679,2.8527125956560235,1.1665320156196295,1.1665320156196295,3.082070247475676,1.1665320156196295,1.802991044237143,7.979752971241369,3.876945186867355,0.0,0.0,4.297977765552795,6.867383228129461,0.0,0.0,0.0,1.1665320156196295,4.297977765552795,7.617799415587566,0.0,1.1665320156196295,0.0,1.1665320156196295,1.1665320156196295,0.0,1.1665320156196295,0.0,1.1665320156196295,3.2799172685463907,2.2431035112636843,1.802991044237143,1.802991044237143,1.802991044237143,3.4538752978535467,7.256021622633864,3.749228084470238,1.1665320156196295,2.8527125956560235,0.0,0.0,0.0,1.1665320156196295,0.0,1.1665320156196295,1.802991044237143,8.27467733643122,0.0,0.0,9.219104541025224,11.464802052850574,2.579870024879679,0.0,11.335963896180008,0.0,0.0,1.1665320156196295,3.082070247475676,0.0,0.0,1.1665320156196295,1.802991044237143,3.082070247475676,4.694562186552033,2.8527125956560235,3.082070247475676,1.802991044237143,0.0,1.802991044237143,1.802991044237143,0.0,1.1665320156196295,0.0,0.0,0.0,3.082070247475676,3.082070247475676,0.0,3.876945186867355,0.0,0.0,5.163982029253752
GSM5016131,0.8701538236304334,5.615173530670926,4.780911043345309,6.123339165271933,2.9303328050644444,0.0,7.260456966009743,0.8701538236304334,0.0,0.8701538236304334,1.409100636072726,0.0,5.639336629235572,0.0,0.8701538236304334,0.0,1.8005679376538994,8.432077644366563,0.0,2.1081668324121208,9.124504651670044,4.905688922972241,5.840320444970969,5.540156808869966,4.264001226613411,0.8701538236304334,1.409100636072726,0.0,1.409100636072726,6.752128432488217,2.577041241583093,4.383260996415872,4.264001226613411,0.0,0.8701538236304334,0.0,0.0,2.3615687550420934,0.8701538236304334,3.0790742684809316,5.377298391213129,1.409100636072726,0.0,5.193688355156941,2.9303328050644444,1.409100636072726,0.0,0.0,0.8701538236304334,0.8701538236304334,1.8005679376538994,0.8701538236304334,2.1081668324121208,0.0,0.0,2.1081668324121208,5.540156808869966,1.409100636072726,0.0,3.556080029890195,0.8701538236304334,0.0,1.409100636072726,6.430776204443188,8.676429220915852,0.0,5.639336629235572,1.409100636072726,3.991085518396299,7.9183064056068755,6.190291420857231,0.8701538236304334,5.514258635974129,1.409100636072726,8.309438482748565,2.7644744989397356,1.8005679376538994,2.3615687550420934,4.064304988310162,0.0,7.629576299593384,0.8701538236304334,2.7644744989397356,0.0,2.3615687550420934,0.0,0.0,0.8701538236304334,5.092305183264569,1.8005679376538994,2.7644744989397356,0.0,0.0,0.0,3.45078808370816,0.8701538236304334,0.0,5.318653636673739,0.8701538236304334,4.944993345751353,3.6542074011849857,2.1081668324121208,1.409100636072726,7.74542093469592,2.577041241583093,2.1081668324121208,5.663101687581429,0.0,2.3615687550420934,0.0,1.8005679376538994,0.0,0.0,2.1081668324121208,0.8701538236304334,0.0,1.8005679376538994,0.8701538236304334,2.1081668324121208,0.0,1.8005679376538994,0.0,2.3615687550420934,1.409100636072726,0.8701538236304334,3.0790742684809316,1.409100636072726,2.1081668324121208,0.0,0.0,1.8005679376538994,0.8701538236304334,4.43938673673185,1.8005679376538994,0.8701538236304334,1.409100636072726,0.0,6.330457059073467,4.264001226613411,4.5957434050327235,0.8701538236304334,4.200458322497394,6.0710036832729575,3.337202361469692,4.545484100508035,2.1081668324121208,3.0790742684809316,0.0,0.8701538236304334,0.0,4.43938673673185,0.0,2.1081668324121208,1.409100636072726,0.8701538236304334,6.624791335106807,1.409100636072726,0.0,6.053127950688548,0.0,8.719565946959188,1.8005679376538994,5.433652095743703,1.409100636072726,5.590598830906301,0.8701538236304334,2.1081668324121208,3.832457089161,0.8701538236304334,2.577041241583093,0.8701538236304334,1.8005679376538994,4.324863080546763,1.8005679376538994,0.0,0.0,0.8701538236304334,3.0790742684809316,7.42933610611418,8.94712662163807,0.0,8.33555416357256,1.409100636072726,1.409100636072726,0.8701538236304334,0.8701538236304334,0.0,0.8701538236304334,3.556080029890195,8.050320108642229,6.562973955589486,0.0,3.991085518396299,2.577041241583093,0.8701538236304334,1.8005679376538994,1.8005679376538994,4.133987231645777,1.8005679376538994,6.74100573467291,0.8701538236304334,0.0,3.2139036902350524,5.732134590071302,2.577041241583093,3.6542074011849857,3.0790742684809316,3.6542074011849857,4.644310604059675,5.34827397802952,5.565598263911661,4.264001226613411,0.8701538236304334,2.9303328050644444,7.408397572455987,3.2139036902350524,0.8701538236304334,8.722396382585295,4.324863080546763,0.0,0.0,6.600381308240584,10.097278928672864,0.0,2.3615687550420934,0.8701538236304334,2.9303328050644444,6.206555019909358,3.556080029890195,1.8005679376538994,2.3615687550420934,2.1081668324121208,1.8005679376538994,3.991085518396299,3.2139036902350524,3.6542074011849857,2.577041241583093,3.913950412373522,0.8701538236304334,0.0,0.0,0.0,0.8701538236304334,0.0,5.615173530670926,2.1081668324121208,1.8005679376538994,2.3615687550420934,2.1081668324121208,0.0,1.409100636072726,4.324863080546763,1.8005679376538994,1.409100636072726,1.409100636072726,4.780911043345309,1.8005679376538994,0.8701538236304334,6.016697972721929,9.107283582308195,3.556080029890195,0.0,8.900402178342391,0.0,2.3615687550420934,0.0,1.409100636072726,0.0,1.409100636072726,2.1081668324121208,2.3615687550420934,0.0,4.383260996415872,1.409100636072726,2.577041241583093,3.746083412384612,1.409100636072726,4.264001226613411,1.409100636072726,0.8701538236304334,0.0,0.0,2.1081668324121208,0.8701538236304334,5.881421000764158,2.1081668324121208,4.865283638742927,3.337202361469692,0.0,1.8005679376538994,4.200458322497394
GSM5016178,3.2496484279170152,5.216190590046771,1.0453851995964152,3.890536730681094,3.2496484279170152,0.0,6.830042809274047,0.0,0.0,0.0,0.0,1.0453851995964152,6.410230352779935,1.6451642719500583,1.0453851995964152,0.0,0.0,4.406973988474485,2.0675533823168397,2.393874529049311,8.612712492871038,3.667107664905533,2.393874529049311,7.054476812807088,5.672541757027066,1.0453851995964152,1.0453851995964152,0.0,2.8843056613525575,3.4026207043219516,0.0,4.5448726147362555,5.895192434811851,0.0,0.0,0.0,0.0,0.0,1.6451642719500583,3.78314316804208,3.78314316804208,1.0453851995964152,1.0453851995964152,1.0453851995964152,0.0,2.0675533823168397,0.0,0.0,0.0,2.393874529049311,1.6451642719500583,2.0675533823168397,3.2496484279170152,0.0,0.0,2.0675533823168397,6.531332988054994,2.0675533823168397,1.6451642719500583,2.6598302220138392,1.6451642719500583,1.6451642719500583,3.667107664905533,3.5409167119565423,1.0453851995964152,0.0,0.0,1.0453851995964152,2.6598302220138392,2.0675533823168397,1.6451642719500583,2.393874529049311,5.920754709119178,2.6598302220138392,9.562969922428074,3.2496484279170152,1.6451642719500583,2.393874529049311,5.216190590046771,1.6451642719500583,5.579311817136792,1.0453851995964152,6.547832439588224,3.990486853531713,3.0785110314698096,0.0,0.0,1.0453851995964152,4.8936422022100725,1.0453851995964152,1.6451642719500583,0.0,1.6451642719500583,1.6451642719500583,2.8843056613525575,0.0,0.0,4.4775702883192885,0.0,1.6451642719500583,2.0675533823168397,2.393874529049311,1.0453851995964152,7.207703470250413,2.8843056613525575,0.0,3.990486853531713,0.0,3.4026207043219516,1.0453851995964152,0.0,1.6451642719500583,0.0,3.4026207043219516,1.0453851995964152,0.0,2.393874529049311,0.0,0.0,1.6451642719500583,1.0453851995964152,1.6451642719500583,0.0,2.0675533823168397,0.0,4.841059883978267,1.6451642719500583,1.6451642719500583,0.0,1.0453851995964152,1.0453851995964152,0.0,4.786488353050106,2.0675533823168397,1.6451642719500583,3.0785110314698096,0.0,3.990486853531713,2.6598302220138392,3.78314316804208,0.0,4.171741462112196,6.70321123267472,2.0675533823168397,5.174297452551966,2.0675533823168397,2.393874529049311,0.0,2.393874529049311,2.6598302220138392,2.6598302220138392,1.0453851995964152,0.0,0.0,0.0,0.0,0.0,1.6451642719500583,5.131151342900266,0.0,9.608904245830876,2.0675533823168397,4.406973988474485,0.0,4.841059883978267,1.6451642719500583,0.0,2.8843056613525575,0.0,0.0,0.0,1.6451642719500583,2.0675533823168397,2.6598302220138392,1.0453851995964152,0.0,1.6451642719500583,5.040783765591689,6.869957640393492,9.114359274511452,1.0453851995964152,4.406973988474485,0.0,2.0675533823168397,1.0453851995964152,0.0,1.6451642719500583,1.6451642719500583,2.8843056613525575,8.442267826490795,6.746739157134533,0.0,5.216190590046771,3.0785110314698096,2.393874529049311,1.0453851995964152,1.0453851995964152,3.78314316804208,0.0,7.111087022463159,2.0675533823168397,0.0,0.0,5.7601109447667955,3.2496484279170152,4.332744614005161,4.332744614005161,5.174297452551966,6.258106784229425,6.018701844728154,7.30797278440583,6.018701844728154,1.6451642719500583,1.6451642719500583,6.627612620167352,1.0453851995964152,0.0,8.643744400478134,8.09467334086834,1.0453851995964152,1.0453851995964152,4.6707326662772655,7.054476812807088,1.0453851995964152,2.393874529049311,3.0785110314698096,4.6707326662772655,6.70321123267472,0.0,0.0,0.0,2.6598302220138392,1.0453851995964152,5.040783765591689,2.0675533823168397,2.393874529049311,1.6451642719500583,5.479638376397638,1.6451642719500583,0.0,0.0,0.0,0.0,0.0,3.0785110314698096,2.0675533823168397,2.8843056613525575,1.0453851995964152,1.6451642719500583,3.0785110314698096,3.990486853531713,4.786488353050106,2.8843056613525575,1.0453851995964152,1.0453851995964152,2.0675533823168397,2.393874529049311,1.6451642719500583,3.990486853531713,6.497756970895751,0.0,0.0,6.531332988054994,1.0453851995964152,3.5409167119565423,0.0,0.0,0.0,1.6451642719500583,1.6451642719500583,0.0,0.0,5.579311817136792,1.0453851995964152,1.6451642719500583,1.6451642719500583,1.0453851995964152,3.0785110314698096,1.0453851995964152,1.6451642719500583,2.8843056613525575,1.0453851995964152,1.0453851995964152,1.0453851995964152,5.920754709119178,3.0785110314698096,5.086674994498312,2.393874529049311,3.0785110314698096,2.0675533823168397,2.0675533823168397
GSM5016206,0.0,3.578209108419822,0.0,1.4977365238424856,0.9350798907617452,0.0,6.582670961728107,0.0,0.0,0.0,1.4977365238424856,2.694206941402898,0.0,0.0,0.0,0.0,2.2166057370283387,5.776309166677901,0.0,0.0,5.040887079162246,0.0,7.861999479123292,3.052411040291255,2.2166057370283387,0.0,0.0,0.0,5.597644945885581,8.671542637462604,3.4636174379992055,1.9014904131969737,7.198881509384601,1.9014904131969737,2.475080356463057,0.0,0.0,0.0,3.2028829137182617,0.0,0.0,0.0,0.0,0.0,0.0,0.0,0.0,0.0,3.783241979107907,2.2166057370283387,0.0,0.0,0.0,0.0,0.0,0.0,2.694206941402898,0.9350798907617452,0.0,0.0,0.0,0.0,0.9350798907617452,8.057401448938114,0.0,0.0,0.0,0.0,0.0,0.0,0.0,0.0,5.3620436271446605,2.884397781292478,5.800117932740003,0.0,3.962728925430855,0.0,3.052411040291255,0.0,11.115678033020844,1.9014904131969737,4.122336205289124,1.4977365238424856,0.0,2.884397781292478,0.0,0.0,0.0,0.0,0.0,0.0,2.2166057370283387,0.0,3.052411040291255,0.0,0.0,3.6843648391802097,0.0,3.875774919894234,0.0,0.0,0.0,0.0,0.0,0.0,11.260006020773089,5.393685376332711,3.2028829137182617,0.0,0.0,0.0,0.0,0.9350798907617452,0.0,0.0,0.0,1.4977365238424856,2.884397781292478,0.0,1.9014904131969737,0.0,0.0,0.0,0.9350798907617452,2.694206941402898,0.0,0.0,0.0,0.0,0.0,1.9014904131969737,3.4636174379992055,1.9014904131969737,6.278128023058948,0.0,2.694206941402898,5.000355281975786,2.694206941402898,2.694206941402898,0.0,1.9014904131969737,3.4636174379992055,0.0,0.0,0.9350798907617452,0.0,1.9014904131969737,0.0,0.0,0.0,0.0,0.0,0.9350798907617452,2.694206941402898,9.14809477900078,1.4977365238424856,1.4977365238424856,3.2028829137182617,0.0,5.776309166677901,0.0,0.0,0.0,4.457851642420108,0.0,2.2166057370283387,0.0,0.0,7.675076487293351,3.2028829137182617,2.694206941402898,0.0,0.0,1.4977365238424856,0.0,0.0,1.4977365238424856,4.871444085086011,6.407755164428889,0.0,3.052411040291255,0.0,0.0,0.0,0.0,0.0,0.9350798907617452,0.0,3.3391324111518896,0.0,0.0,0.0,0.0,0.0,0.0,0.0,0.0,0.0,5.752100882590863,0.0,0.0,4.044738636499138,0.0,0.0,0.0,0.0,0.9350798907617452,0.0,1.4977365238424856,0.0,0.9350798907617452,0.0,0.0,0.0,0.0,3.052411040291255,8.01225028973111,2.2166057370283387,1.9014904131969737,0.0,4.915706763860145,7.719451781647637,0.0,0.0,0.9350798907617452,0.0,3.2028829137182617,7.251637875673811,0.0,2.475080356463057,0.0,3.052411040291255,0.0,0.0,0.0,0.0,1.4977365238424856,0.0,0.0,0.0,0.0,0.0,1.9014904131969737,5.752100882590863,1.4977365238424856,0.9350798907617452,0.0,0.0,0.0,0.0,2.475080356463057,0.9350798907617452,0.0,0.0,0.0,0.0,0.0,6.4535121230527155,10.104425504925311,2.884397781292478,0.0,10.108006590392064,0.0,0.0,0.0,2.694206941402898,0.0,0.0,2.2166057370283387,0.0,0.0,0.0,1.9014904131969737,1.9014904131969737,3.783241979107907,0.0,0.0,4.266031661715318,0.0,0.0,0.0,0.0,0.0,2.694206941402898,3.3391324111518896,2.2166057370283387,2.884397781292478,0.9350798907617452,0.0,5.15606759660133
GSM5016197,0.0,1.4523834945528715,4.198963934146782,4.710430127251444,1.4523834945528715,0.0,6.225070760168243,0.0,0.0,0.0,0.0,0.0,5.607520990987441,0.0,0.0,0.0,1.8499580081535536,5.799678860246638,2.8233606809689933,1.4523834945528715,6.57961143459268,0.0,5.01161921594508,6.322202300999618,5.8439696111530575,0.9017253406015906,0.9017253406015906,0.0,0.0,6.75222372415563,2.4172435512451464,6.120924586442203,5.355500963904364,1.8499580081535536,0.0,0.9017253406015906,0.0,1.4523834945528715,0.0,3.896541526057147,4.890148304689959,3.7176693654357456,0.0,0.9017253406015906,0.9017253406015906,0.0,0.9017253406015906,0.9017253406015906,0.0,0.0,0.9017253406015906,0.0,1.4523834945528715,0.0,0.0,2.6345453742995124,6.643655396933053,2.990299926802646,2.8233606809689933,4.710430127251444,1.8499580081535536,0.9017253406015906,3.978294725784509,6.337773622450104,1.4523834945528715,0.0,0.0,0.0,3.275452566231799,0.0,2.1613059404762405,0.9017253406015906,6.442306553902224,4.390315250269748,7.976927242047755,2.1613059404762405,3.3993473130031995,0.9017253406015906,4.265607805389349,1.8499580081535536,8.816276077156143,1.8499580081535536,6.916778270552731,4.931785399970922,0.9017253406015906,1.4523834945528715,0.0,1.4523834945528715,2.990299926802646,1.8499580081535536,0.0,0.0,1.4523834945528715,0.0,3.275452566231799,0.0,2.1613059404762405,1.8499580081535536,3.3993473130031995,3.275452566231799,3.1399099587238672,1.8499580081535536,0.0,4.890148304689959,0.0,0.0,8.645361318935311,1.8499580081535536,4.198963934146782,0.0,2.1613059404762405,2.990299926802646,0.0,2.1613059404762405,1.4523834945528715,0.0,2.8233606809689933,0.0,2.4172435512451464,0.0,1.8499580081535536,0.0,0.0,0.0,0.9017253406015906,4.505095345853842,1.4523834945528715,5.0499383551861685,1.4523834945528715,0.0,0.0,1.4523834945528715,4.757501712344587,1.4523834945528715,1.8499580081535536,4.05566260928971,0.0,4.559233189790016,2.4172435512451464,8.626467370928781,1.4523834945528715,2.1613059404762405,4.710430127251444,2.1613059404762405,0.0,1.4523834945528715,0.0,1.4523834945528715,0.0,0.9017253406015906,0.0,1.4523834945528715,0.0,0.0,0.0,2.6345453742995124,0.0,2.1613059404762405,3.978294725784509,0.0,7.585156157090875,0.0,4.390315250269748,0.0,3.896541526057147,2.1613059404762405,2.990299926802646,0.0,0.0,5.9286694729858285,0.0,0.9017253406015906,4.448846478008438,3.275452566231799,0.0,1.4523834945528715,0.0,4.329308582036447,6.35317867224968,9.366407290278458,0.0,1.8499580081535536,0.0,0.0,0.0,0.9017253406015906,1.4523834945528715,0.0,2.4172435512451464,4.505095345853842,0.0,0.0,0.0,0.0,0.0,2.4172435512451464,2.1613059404762405,6.716934350005733,0.0,6.7287936453293415,0.0,0.0,1.8499580081535536,4.661770761320652,2.4172435512451464,3.7176693654357456,4.329308582036447,4.803085870864328,5.607520990987441,5.292971453686584,6.413204797823653,2.4172435512451464,0.0,0.0,5.087265985791832,2.1613059404762405,0.0,7.47681092233865,5.632987712853428,0.0,0.0,8.541607610684245,11.626442908810056,0.0,0.0,1.8499580081535536,4.265607805389349,7.774411795116762,4.710430127251444,0.0,4.05566260928971,0.0,0.0,3.896541526057147,0.0,0.0,1.4523834945528715,3.896541526057147,0.0,0.0,0.0,0.0,0.0,0.0,5.385777925392499,0.0,4.972254453853124,0.0,2.990299926802646,2.4172435512451464,1.8499580081535536,3.5134386574829546,2.1613059404762405,0.9017253406015906,0.0,1.8499580081535536,0.0,0.0,6.566454271118413,9.50733132095498,4.803085870864328,0.0,9.660684699676588,0.0,0.0,0.0,2.4172435512451464,0.0,2.1613059404762405,0.0,2.1613059404762405,1.4523834945528715,3.978294725784509,9.752134041709958,11.14507584131423,3.1399099587238672,0.9017253406015906,0.0,0.0,0.0,1.8499580081535536,0.0,0.0,0.0,6.413204797823653,1.8499580081535536,0.0,2.990299926802646,3.809875849112484,0.0,1.8499580081535536
GSM5016107,5.742128531024212,5.992334566306085,2.487336002836794,6.801908458162714,4.53079458813062,1.5073969688699849,7.437272220958016,0.9422203037678002,0.9422203037678002,0.0,0.9422203037678002,0.9422203037678002,5.2070276678277345,2.7068396638738883,2.2283361684284357,0.0,0.0,5.376611888696338,0.0,1.912438853824556,7.497366536611712,7.7954289660529055,5.408261474019074,3.4771999338151383,2.7068396638738883,0.0,0.0,0.0,0.9422203037678002,4.587189626845745,1.912438853824556,4.410926414172835,3.352593460917999,0.0,1.5073969688699849,0.0,1.5073969688699849,0.0,1.5073969688699849,3.352593460917999,4.136412580583655,1.912438853824556,0.9422203037678002,2.487336002836794,2.7068396638738883,3.4771999338151383,0.9422203037678002,0.0,0.9422203037678002,1.912438853824556,0.0,0.0,0.9422203037678002,0.9422203037678002,0.0,1.912438853824556,3.5918944959422303,0.0,1.5073969688699849,4.21009107607419,0.0,0.0,0.0,5.311150358546442,1.5073969688699849,0.0,0.0,3.216198446901427,5.09480156549257,5.344252377095889,12.388358355855685,1.5073969688699849,5.311150358546442,1.5073969688699849,8.810060004554769,3.797092241129208,3.065549043028339,3.976705474166948,7.921415965782739,0.0,4.53079458813062,0.9422203037678002,2.8973143693200885,0.9422203037678002,3.065549043028339,0.0,0.9422203037678002,0.0,5.2425767789619275,1.5073969688699849,3.216198446901427,1.912438853824556,2.487336002836794,2.487336002836794,5.344252377095889,0.0,0.0,5.055365274479251,0.0,1.912438853824556,0.0,3.5918944959422303,2.2283361684284357,7.910406553552252,1.5073969688699849,0.0,6.860284857417291,2.2283361684284357,3.698138514362467,0.9422203037678002,0.9422203037678002,1.5073969688699849,0.9422203037678002,3.976705474166948,0.9422203037678002,0.0,0.9422203037678002,2.487336002836794,1.5073969688699849,0.0,1.5073969688699849,0.9422203037678002,1.5073969688699849,2.2283361684284357,0.9422203037678002,1.912438853824556,2.8973143693200885,1.912438853824556,0.9422203037678002,0.0,2.487336002836794,1.5073969688699849,5.2772709567583895,0.0,3.797092241129208,1.5073969688699849,0.0,6.013067706744752,3.976705474166948,3.065549043028339,2.7068396638738883,2.2283361684284357,5.469550872610154,4.136412580583655,3.797092241129208,1.5073969688699849,0.0,0.9422203037678002,3.216198446901427,0.0,3.216198446901427,1.5073969688699849,0.9422203037678002,0.9422203037678002,0.0,0.0,1.5073969688699849,0.0,0.9422203037678002,0.0,9.652008293579016,1.912438853824556,4.641462861452867,0.0,4.347038100118193,0.9422203037678002,3.4771999338151383,3.216198446901427,0.9422203037678002,2.2283361684284357,1.5073969688699849,2.7068396638738883,2.2283361684284357,1.5073969688699849,1.912438853824556,0.9422203037678002,1.912438853824556,4.410926414172835,7.1774331622733705,8.8850842671193,0.9422203037678002,3.889692249450976,0.0,0.9422203037678002,1.5073969688699849,0.0,0.0,1.912438853824556,6.4531786514636735,7.032642194782521,5.814780787602336,0.0,4.973103488530974,2.7068396638738883,0.0,1.5073969688699849,1.912438853824556,2.7068396638738883,2.7068396638738883,7.0018548206084175,0.9422203037678002,1.912438853824556,3.065549043028339,2.487336002836794,1.5073969688699849,2.487336002836794,2.2283361684284357,1.5073969688699849,3.352593460917999,3.065549043028339,3.4771999338151383,3.797092241129208,0.9422203037678002,1.912438853824556,6.9914446092214355,2.2283361684284357,0.9422203037678002,8.683205142540173,8.253088388186113,0.9422203037678002,0.0,5.665622681316984,9.283090916740669,1.5073969688699849,0.9422203037678002,0.0,0.9422203037678002,7.915921761441963,1.912438853824556,0.9422203037678002,0.9422203037678002,2.487336002836794,0.0,5.2070276678277345,2.7068396638738883,5.2070276678277345,2.7068396638738883,4.693768180835302,1.5073969688699849,0.0,3.352593460917999,0.0,0.9422203037678002,0.0,4.693768180835302,0.0,1.912438853824556,0.9422203037678002,2.2283361684284357,3.797092241129208,2.8973143693200885,6.150411769255726,4.21009107607419,1.5073969688699849,0.0,2.487336002836794,2.2283361684284357,1.5073969688699849,4.930144049952347,8.463551152623436,0.0,2.2283361684284357,8.455999442647382,2.487336002836794,2.8973143693200885,0.0,1.5073969688699849,0.9422203037678002,1.5073969688699849,0.9422203037678002,0.9422203037678002,0.9422203037678002,9.026905059477055,0.9422203037678002,1.912438853824556,4.058767857549025,0.9422203037678002,1.912438853824556,0.0,1.5073969688699849,1.5073969688699849,0.9422203037678002,0.0,1.5073969688699849,5.311150358546442,2.487336002836794,7.414075428273906,2.487336002836794,5.2425767789619275,1.5073969688699849,3.352593460917999
GSM5016103,1.9033057726924716,5.194915035676855,2.477113232356668,5.158476449480393,1.9033057726924716,0.0,6.678151654257787,0.9362625379158172,0.0,0.0,0.9362625379158172,1.499337724110895,5.487071350237881,0.0,0.9362625379158172,0.9362625379158172,0.9362625379158172,5.679368847282618,1.499337724110895,1.499337724110895,7.591324466715866,2.477113232356668,8.670784428955454,5.653417880969475,3.8780845337623826,1.499337724110895,1.9033057726924716,0.0,3.6866505182484577,7.137251132854574,3.0545908314010664,2.477113232356668,5.427068664108757,0.0,1.499337724110895,0.9362625379158172,0.9362625379158172,0.0,2.218551198465605,1.499337724110895,2.886540699091113,0.0,0.0,3.2050922732781304,1.9033057726924716,1.499337724110895,1.9033057726924716,0.9362625379158172,1.9033057726924716,0.0,0.9362625379158172,1.499337724110895,0.0,0.9362625379158172,0.0,0.9362625379158172,4.732258684872321,1.499337724110895,0.0,2.886540699091113,0.0,0.0,0.9362625379158172,4.399063005285824,0.9362625379158172,0.0,0.0,0.0,0.9362625379158172,1.499337724110895,1.499337724110895,0.9362625379158172,5.002756219535973,0.0,7.604928826656613,1.9033057726924716,2.218551198465605,1.499337724110895,2.218551198465605,0.0,8.712226206175089,2.477113232356668,4.781011892425373,3.2050922732781304,3.0545908314010664,0.0,0.9362625379158172,0.9362625379158172,4.399063005285824,1.499337724110895,1.499337724110895,0.0,2.218551198465605,0.0,3.2050922732781304,0.9362625379158172,0.0,3.6866505182484577,0.0,2.886540699091113,1.499337724110895,1.9033057726924716,0.0,6.100216032933263,1.499337724110895,0.9362625379158172,10.557036968875906,3.7855404183525514,1.499337724110895,0.0,5.08271631295878,0.9362625379158172,0.9362625379158172,2.696302592534326,0.0,0.9362625379158172,0.9362625379158172,2.696302592534326,2.886540699091113,1.499337724110895,0.0,1.9033057726924716,3.465871267028891,1.499337724110895,0.9362625379158172,2.886540699091113,1.499337724110895,2.477113232356668,0.9362625379158172,0.0,0.9362625379158172,0.0,4.124672320687435,0.9362625379158172,3.965048406609126,0.0,0.9362625379158172,5.544677812121174,3.465871267028891,4.732258684872321,1.9033057726924716,3.6866505182484577,5.194915035676855,2.218551198465605,2.886540699091113,2.218551198465605,0.0,0.9362625379158172,1.9033057726924716,0.0,3.0545908314010664,2.218551198465605,2.218551198465605,0.9362625379158172,0.0,5.12109362238653,2.218551198465605,0.0,1.9033057726924716,0.0,7.201342956336862,0.9362625379158172,4.460217262349508,0.0,5.679368847282618,0.9362625379158172,3.3413660093785293,2.477113232356668,0.0,4.460217262349508,0.9362625379158172,0.9362625379158172,0.0,0.9362625379158172,1.9033057726924716,0.9362625379158172,0.0,2.886540699091113,6.500313244290868,8.369801416464655,0.0,3.465871267028891,0.9362625379158172,0.9362625379158172,0.0,0.9362625379158172,0.0,1.499337724110895,2.218551198465605,6.061271700047864,4.828171288792426,2.218551198465605,3.7855404183525514,2.696302592534326,0.0,0.0,0.0,3.0545908314010664,0.9362625379158172,6.100216032933263,0.9362625379158172,0.9362625379158172,3.6866505182484577,4.961050434568159,1.9033057726924716,2.696302592534326,3.3413660093785293,3.7855404183525514,4.828171288792426,4.732258684872321,4.918103026264028,3.465871267028891,0.0,0.9362625379158172,4.961050434568159,2.886540699091113,1.9033057726924716,8.300426656199292,1.499337724110895,0.9362625379158172,0.0,3.8780845337623826,7.36218973266426,0.0,0.9362625379158172,1.9033057726924716,3.0545908314010664,5.802551793310511,4.198315431510631,1.499337724110895,1.499337724110895,0.9362625379158172,2.218551198465605,3.2050922732781304,0.9362625379158172,1.499337724110895,1.499337724110895,3.0545908314010664,1.499337724110895,1.499337724110895,0.0,0.0,0.9362625379158172,2.218551198465605,7.631758631401738,3.7855404183525514,0.9362625379158172,1.499337724110895,0.0,3.465871267028891,0.0,3.5804800785318003,1.499337724110895,0.0,0.9362625379158172,3.8780845337623826,0.0,0.0,6.362947459449543,9.953183638152192,4.047066894409159,0.0,9.89068981903281,0.0,1.499337724110895,0.0,0.9362625379158172,0.0,0.0,2.477113232356668,0.0,0.9362625379158172,6.193211827537007,3.0545908314010664,3.7855404183525514,3.7855404183525514,0.0,1.9033057726924716,0.9362625379158172,0.0,1.9033057726924716,0.0,0.9362625379158172,0.9362625379158172,4.961050434568159,3.2050922732781304,1.9033057726924716,3.465871267028891,2.218551198465605,1.499337724110895,6.228794170475823
GSM5016044,1.5609232614802544,6.719016233567036,1.972927494774705,6.008738846983015,3.2893795877424283,0.0,7.997352196247384,0.0,0.982008227187974,0.0,0.982008227187974,0.0,7.276902803018221,1.5609232614802544,2.5548503386312653,0.0,1.5609232614802544,5.134732469246159,2.29303256417229,1.5609232614802544,9.388008906820886,4.213645415362898,3.4265505636142355,5.771798820787532,5.094119566317046,2.29303256417229,2.29303256417229,3.966079238524554,2.5548503386312653,5.094119566317046,0.0,6.3904803190383355,5.2501313872223525,0.0,0.982008227187974,1.972927494774705,0.0,0.982008227187974,2.7763731089703305,2.29303256417229,6.286175628214327,2.9683656044709257,2.9683656044709257,0.0,1.972927494774705,1.5609232614802544,1.972927494774705,1.5609232614802544,0.0,0.0,2.5548503386312653,0.0,0.982008227187974,1.972927494774705,0.0,4.213645415362898,6.771471530265843,2.7763731089703305,3.5518042638993177,4.871901622080436,0.0,0.982008227187974,1.5609232614802544,5.692401400372154,4.550278811352801,0.0,0.0,0.982008227187974,2.7763731089703305,6.692055590632606,5.390906514012207,0.0,5.356979473947483,3.873122371309296,7.941214671552401,3.873122371309296,4.871901622080436,1.5609232614802544,6.268034081709161,1.5609232614802544,7.541410043062335,1.972927494774705,0.0,0.0,6.593516210066145,0.982008227187974,0.0,0.0,5.8470536677011475,0.0,1.972927494774705,0.0,0.0,1.972927494774705,3.4265505636142355,0.0,0.982008227187974,6.212199163259692,1.5609232614802544,2.7763731089703305,2.7763731089703305,1.5609232614802544,1.972927494774705,7.803153149340836,3.2893795877424283,0.0,7.455846042126228,1.5609232614802544,0.982008227187974,0.0,0.982008227187974,0.982008227187974,0.0,4.0534074747541275,0.0,0.0,3.1377828376337353,0.982008227187974,0.0,0.0,2.9683656044709257,2.29303256417229,0.0,2.29303256417229,0.0,5.390906514012207,4.609111448742223,3.1377828376337353,0.0,0.982008227187974,1.5609232614802544,0.0,3.6670469012718674,2.9683656044709257,2.7763731089703305,3.5518042638993177,0.0,4.609111448742223,2.5548503386312653,6.373611515264429,0.982008227187974,4.357851753980116,6.809598120145193,3.2893795877424283,2.29303256417229,2.29303256417229,2.5548503386312653,0.0,0.982008227187974,0.0,1.972927494774705,0.0,1.972927494774705,0.982008227187974,0.0,2.5548503386312653,0.0,0.0,5.549515479793882,0.0,8.67812206562677,0.982008227187974,6.456049715744526,0.0,0.0,0.982008227187974,0.982008227187974,4.772453179167217,0.0,3.5518042638993177,0.0,3.6670469012718674,4.287549625092182,3.2893795877424283,1.5609232614802544,1.5609232614802544,1.5609232614802544,4.871901622080436,8.715418378925321,9.713701259057869,1.972927494774705,9.25616935831684,1.972927494774705,0.982008227187974,2.29303256417229,0.0,0.982008227187974,1.972927494774705,4.964934695337133,8.187913551257077,4.550278811352801,0.0,3.2893795877424283,1.5609232614802544,0.0,1.5609232614802544,1.5609232614802544,5.212681408402914,0.982008227187974,6.784292673915659,0.982008227187974,0.982008227187974,0.982008227187974,6.678383947552604,1.5609232614802544,2.29303256417229,2.5548503386312653,3.1377828376337353,5.322235337185552,6.193096771307673,4.0534074747541275,7.952618289176205,0.0,1.972927494774705,6.456049715744526,3.2893795877424283,0.0,9.546919818496798,8.364777163837934,2.7763731089703305,3.1377828376337353,2.5548503386312653,3.77376100621366,4.919167940648363,0.0,1.5609232614802544,2.5548503386312653,7.221416732981873,0.982008227187974,0.0,0.982008227187974,2.9683656044709257,0.0,5.424054008179755,3.873122371309296,3.1377828376337353,2.9683656044709257,5.052330182232189,0.0,0.0,1.5609232614802544,0.0,1.5609232614802544,0.0,3.6670469012718674,0.0,0.0,0.0,3.2893795877424283,4.550278811352801,3.4265505636142355,3.2893795877424283,2.29303256417229,0.982008227187974,0.0,1.972927494774705,0.982008227187974,0.0,3.77376100621366,6.4071541606601805,7.510879780979704,1.5609232614802544,7.133968868339171,0.0,3.1377828376337353,0.0,0.0,0.0,0.982008227187974,1.972927494774705,0.0,0.982008227187974,7.390267174327818,2.9683656044709257,3.2893795877424283,2.5548503386312653,1.5609232614802544,2.29303256417229,0.982008227187974,2.7763731089703305,1.972927494774705,0.0,0.982008227187974,0.0,6.870985381808444,2.29303256417229,6.664581505179545,0.982008227187974,2.9683656044709257,0.0,3.6670469012718674
GSM5016071,1.6848202907617795,5.000452955772789,3.720554175019123,4.30943301883209,2.440954037280103,0.0,5.872584760786005,0.0,1.07553381588056,0.0,0.0,1.07553381588056,4.462218106752125,0.0,0.0,0.0,2.111867696741542,7.179662566925395,0.0,1.6848202907617795,7.685714675875563,0.0,5.272585328915087,2.934518461127535,1.6848202907617795,1.07553381588056,1.07553381588056,0.0,2.111867696741542,6.537958294195818,2.934518461127535,4.726424710115798,5.1874532465912795,0.0,1.07553381588056,1.07553381588056,1.6848202907617795,1.07553381588056,0.0,0.0,3.3015896723900804,1.07553381588056,0.0,2.934518461127535,1.07553381588056,1.6848202907617795,0.0,0.0,2.111867696741542,2.440954037280103,1.07553381588056,0.0,0.0,0.0,0.0,2.440954037280103,4.387847159709325,2.440954037280103,0.0,2.111867696741542,1.6848202907617795,2.934518461127535,5.759158046605753,6.449315979871783,1.6848202907617795,0.0,0.0,0.0,0.0,1.6848202907617795,3.3015896723900804,0.0,8.095109118314644,2.440954037280103,6.145119200078491,0.0,1.07553381588056,0.0,2.440954037280103,1.07553381588056,6.099244817901137,1.07553381588056,5.667823390659814,3.4551648501199046,3.4551648501199046,0.0,0.0,0.0,1.6848202907617795,0.0,0.0,1.6848202907617795,1.07553381588056,0.0,2.934518461127535,0.0,1.07553381588056,2.7087409509446245,1.07553381588056,3.836936107989211,2.440954037280103,2.440954037280103,1.6848202907617795,5.788361662906879,0.0,0.0,5.465731845954661,0.0,1.6848202907617795,0.0,1.6848202907617795,0.0,1.6848202907617795,2.440954037280103,0.0,0.0,1.07553381588056,2.440954037280103,1.07553381588056,1.6848202907617795,1.07553381588056,0.0,2.111867696741542,0.0,0.0,4.462218106752125,1.6848202907617795,2.111867696741542,0.0,0.0,0.0,1.6848202907617795,1.6848202907617795,2.440954037280103,1.6848202907617795,0.0,0.0,5.1874532465912795,3.4551648501199046,3.836936107989211,1.07553381588056,2.440954037280103,5.50144134982306,3.1296971535091465,1.6848202907617795,1.6848202907617795,1.07553381588056,0.0,2.111867696741542,2.440954037280103,4.387847159709325,2.111867696741542,2.440954037280103,1.6848202907617795,1.6848202907617795,8.276091748098032,1.07553381588056,0.0,3.944626331070593,0.0,6.873907690277667,0.0,3.4551648501199046,0.0,4.726424710115798,0.0,2.934518461127535,2.440954037280103,1.07553381588056,3.1296971535091465,2.111867696741542,1.6848202907617795,1.07553381588056,0.0,1.6848202907617795,1.07553381588056,0.0,2.934518461127535,6.873907690277667,7.477355768414276,0.0,2.440954037280103,1.07553381588056,1.07553381588056,1.6848202907617795,2.440954037280103,0.0,0.0,1.07553381588056,5.84505311822616,3.944626331070593,0.0,1.07553381588056,0.0,1.07553381588056,1.07553381588056,1.07553381588056,4.726424710115798,1.07553381588056,5.536288281489098,1.07553381588056,1.07553381588056,3.720554175019123,0.0,0.0,1.07553381588056,0.0,1.07553381588056,3.1296971535091465,2.111867696741542,2.7087409509446245,3.944626331070593,0.0,0.0,4.7855527244286415,1.07553381588056,1.6848202907617795,7.6059446824839,6.253802446364217,0.0,0.0,4.897000521105065,7.69345435291176,1.07553381588056,0.0,0.0,0.0,5.1429261182390835,4.842352519258877,0.0,0.0,1.6848202907617795,2.440954037280103,3.836936107989211,3.4551648501199046,1.07553381588056,1.6848202907617795,4.044833351287965,1.6848202907617795,1.07553381588056,0.0,1.6848202907617795,4.387847159709325,0.0,5.698915194174184,3.1296971535091465,1.07553381588056,1.07553381588056,0.0,2.111867696741542,4.53294244542016,3.1296971535091465,1.07553381588056,0.0,0.0,3.4551648501199046,1.07553381588056,0.0,5.872584760786005,9.567064681686428,0.0,1.07553381588056,9.539417971209824,0.0,0.0,0.0,1.07553381588056,1.07553381588056,0.0,1.6848202907617795,1.6848202907617795,1.07553381588056,2.440954037280103,3.836936107989211,4.842352519258877,6.051863693902685,1.07553381588056,0.0,0.0,0.0,1.6848202907617795,0.0,0.0,1.07553381588056,3.944626331070593,1.07553381588056,3.4551648501199046,2.7087409509446245,2.111867696741542,1.07553381588056,2.7087409509446245
GSM5016141,2.2176764282075605,6.702561830458722,0.0,7.320462124929523,2.2176764282075605,0.0,6.0991180343387,0.0,0.9357306871891194,1.4986177024657823,0.0,2.2176764282075605,5.728817764912473,1.4986177024657823,1.9024894820837248,0.9357306871891194,0.0,4.046020077426882,0.9357306871891194,4.334142273135743,7.769907185774879,3.204098892111176,7.656989850283309,5.5715499876047625,4.872761561354046,2.695360316973657,2.476199171719607,0.0,6.3935223849732274,6.210013494966926,2.476199171719607,4.123621972443898,4.197261903461905,0.0,0.0,1.4986177024657823,0.0,1.9024894820837248,2.885577179526444,1.4986177024657823,4.046020077426882,0.9357306871891194,0.0,0.9357306871891194,2.476199171719607,1.9024894820837248,2.2176764282075605,0.9357306871891194,0.0,2.885577179526444,2.695360316973657,1.4986177024657823,2.2176764282075605,0.0,0.9357306871891194,4.123621972443898,5.363374530696972,0.0,6.4397688136779285,8.843152622879305,0.0,0.0,2.2176764282075605,4.459153654466123,0.9357306871891194,0.0,0.0,1.9024894820837248,2.2176764282075605,0.9357306871891194,2.476199171719607,4.267324850882829,7.623989211769386,3.4648578999149353,8.088094853885456,1.9024894820837248,2.695360316973657,0.9357306871891194,2.695360316973657,0.0,7.597034188722323,2.2176764282075605,4.517818703911871,2.885577179526444,4.82709628132029,0.0,2.885577179526444,1.9024894820837248,5.229371352872982,0.9357306871891194,1.9024894820837248,0.9357306871891194,0.9357306871891194,0.0,3.053610739392423,0.9357306871891194,1.4986177024657823,4.046020077426882,1.9024894820837248,0.0,3.4648578999149353,2.695360316973657,0.0,4.917025647495378,0.9357306871891194,1.4986177024657823,6.800330001112286,1.4986177024657823,1.9024894820837248,0.9357306871891194,1.4986177024657823,0.0,1.4986177024657823,3.3403617345674297,0.0,1.4986177024657823,1.9024894820837248,0.9357306871891194,1.4986177024657823,1.4986177024657823,2.695360316973657,1.4986177024657823,2.695360316973657,6.956939386849428,1.9024894820837248,3.053610739392423,0.9357306871891194,3.6856228369563624,1.4986177024657823,0.0,0.0,0.0,4.123621972443898,0.9357306871891194,0.0,0.9357306871891194,0.0,5.847928541711384,3.7845070023771874,6.060174146023836,1.9024894820837248,2.885577179526444,5.229371352872982,2.2176764282075605,2.885577179526444,2.2176764282075605,3.053610739392423,0.0,0.9357306871891194,1.9024894820837248,0.0,0.0,0.9357306871891194,0.9357306871891194,0.9357306871891194,1.9024894820837248,0.9357306871891194,0.0,4.82709628132029,0.9357306871891194,8.269751094751161,0.9357306871891194,3.8770460957064623,2.2176764282075605,5.193831220340165,0.0,3.4648578999149353,3.3403617345674297,0.0,1.9024894820837248,1.4986177024657823,1.4986177024657823,3.053610739392423,2.2176764282075605,2.2176764282075605,1.4986177024657823,1.4986177024657823,3.053610739392423,8.60010730298272,8.82293820675371,1.4986177024657823,3.7845070023771874,0.9357306871891194,0.0,0.9357306871891194,0.9357306871891194,0.0,0.0,3.6856228369563624,8.248256141685356,6.5563012455695935,0.9357306871891194,4.731186374703719,3.579459007779006,2.2176764282075605,4.267324850882829,4.123621972443898,6.0991180343387,0.9357306871891194,7.088556774538563,2.2176764282075605,0.9357306871891194,5.1573934125342715,4.574191148166469,0.9357306871891194,3.3403617345674297,3.579459007779006,3.579459007779006,5.193831220340165,5.363374530696972,4.779938188791907,5.936607492301448,0.9357306871891194,1.9024894820837248,7.218037070494446,3.053610739392423,0.0,8.91311919109207,7.787896474580551,1.4986177024657823,2.2176764282075605,8.013609063394165,11.574137884680146,1.9024894820837248,0.0,1.4986177024657823,2.885577179526444,7.098200786602975,4.779938188791907,1.4986177024657823,0.9357306871891194,2.476199171719607,0.0,3.964005534021043,2.476199171719607,6.702561830458722,2.695360316973657,4.574191148166469,1.4986177024657823,0.0,0.9357306871891194,0.9357306871891194,0.9357306871891194,0.0,3.6856228369563624,1.9024894820837248,0.9357306871891194,0.0,0.9357306871891194,3.6856228369563624,3.053610739392423,3.964005534021043,1.9024894820837248,0.9357306871891194,0.0,0.0,0.9357306871891194,0.9357306871891194,5.485981956315478,9.710964620587264,3.204098892111176,3.6856228369563624,9.237179059997157,0.0,3.3403617345674297,0.0,1.4986177024657823,0.0,0.0,2.476199171719607,0.0,0.0,4.046020077426882,7.039345327850571,8.083247009760628,4.459153654466123,3.4648578999149353,0.0,0.0,1.9024894820837248,0.9357306871891194,1.4986177024657823,0.0,1.9024894820837248,5.728817764912473,1.4986177024657823,3.964005534021043,2.885577179526444,3.053610739392423,1.9024894820837248,3.3403617345674297
GSM5016052,1.7433008016549527,4.2180078689451905,2.176962406697146,4.38943087304869,3.798467006427122,1.7433008016549527,6.7837465452908665,0.0,0.0,1.120352921177396,1.120352921177396,3.671295046174789,4.2180078689451905,0.0,0.0,1.7433008016549527,3.0079146721096115,7.010848762273258,1.120352921177396,1.120352921177396,9.321154251243374,1.120352921177396,8.100884871985373,3.915331371891963,2.5099506436956616,0.0,0.0,0.0,2.7803116509249213,9.278153873807067,2.5099506436956616,3.798467006427122,6.752670119946422,1.7433008016549527,0.0,1.120352921177396,1.120352921177396,1.120352921177396,2.5099506436956616,1.7433008016549527,5.0311322503934495,2.176962406697146,0.0,3.2044553868974255,0.0,0.0,1.120352921177396,0.0,0.0,3.2044553868974255,0.0,0.0,0.0,0.0,0.0,2.7803116509249213,4.807459719418014,1.120352921177396,0.0,2.5099506436956616,1.7433008016549527,0.0,3.0079146721096115,7.613857558410731,1.120352921177396,1.120352921177396,0.0,0.0,3.2044553868974255,0.0,2.5099506436956616,0.0,7.379674746738579,2.5099506436956616,8.592727927463622,1.120352921177396,2.176962406697146,2.176962406697146,2.176962406697146,0.0,8.962250049927,4.61353339498092,6.085723860481245,4.542631249719507,2.5099506436956616,1.120352921177396,0.0,1.120352921177396,2.176962406697146,1.7433008016549527,0.0,3.0079146721096115,1.7433008016549527,1.120352921177396,3.671295046174789,0.0,0.0,4.2180078689451905,1.7433008016549527,3.671295046174789,0.0,1.7433008016549527,0.0,6.495441139077202,1.120352921177396,0.0,8.874755752485566,3.2044553868974255,0.0,1.120352921177396,2.5099506436956616,0.0,0.0,3.915331371891963,0.0,1.120352921177396,0.0,3.377403072267839,1.120352921177396,2.7803116509249213,1.120352921177396,2.5099506436956616,4.02343449922162,1.7433008016549527,2.7803116509249213,3.915331371891963,2.176962406697146,2.5099506436956616,0.0,0.0,1.7433008016549527,0.0,2.5099506436956616,2.176962406697146,4.542631249719507,0.0,2.5099506436956616,5.982356557399244,3.671295046174789,4.923626367781082,2.5099506436956616,3.671295046174789,5.7503403027605575,1.7433008016549527,4.02343449922162,2.5099506436956616,0.0,3.671295046174789,1.7433008016549527,1.120352921177396,2.176962406697146,1.7433008016549527,1.7433008016549527,1.7433008016549527,0.0,1.7433008016549527,2.5099506436956616,0.0,3.377403072267839,1.7433008016549527,8.082257318938822,2.176962406697146,4.38943087304869,0.0,5.899660812210835,3.671295046174789,3.671295046174789,1.120352921177396,1.120352921177396,6.378166574292821,1.120352921177396,1.7433008016549527,6.2725849255693324,0.0,0.0,2.7803116509249213,1.7433008016549527,2.5099506436956616,5.9553145904293565,8.605829460522294,0.0,4.123998915781367,1.7433008016549527,2.176962406697146,1.120352921177396,2.176962406697146,0.0,0.0,2.176962406697146,5.781466416221161,3.2044553868974255,0.0,2.5099506436956616,1.120352921177396,3.671295046174789,1.120352921177396,1.120352921177396,5.224736665716288,2.176962406697146,6.915857284282571,0.0,1.120352921177396,3.915331371891963,3.2044553868974255,1.120352921177396,1.120352921177396,1.7433008016549527,0.0,2.176962406697146,3.671295046174789,2.7803116509249213,3.671295046174789,1.120352921177396,2.5099506436956616,7.172209265782292,1.120352921177396,2.7803116509249213,7.859710515277494,3.0079146721096115,0.0,0.0,3.531819761343819,4.866711953678764,0.0,0.0,0.0,2.176962406697146,6.060568034449923,7.183905107159412,0.0,0.0,0.0,1.120352921177396,1.7433008016549527,2.7803116509249213,2.176962406697146,2.176962406697146,5.178716407286778,2.176962406697146,0.0,0.0,1.7433008016549527,0.0,1.120352921177396,7.274207546283952,3.671295046174789,5.473723757768444,2.176962406697146,1.7433008016549527,0.0,1.7433008016549527,5.224736665716288,3.531819761343819,1.120352921177396,1.120352921177396,1.120352921177396,0.0,0.0,8.125353283055555,11.135957300499008,1.7433008016549527,1.120352921177396,11.178232174337658,0.0,1.120352921177396,0.0,3.798467006427122,2.5099506436956616,0.0,0.0,2.176962406697146,0.0,0.0,4.306263964180027,4.978380459834129,4.866711953678764,0.0,2.7803116509249213,1.7433008016549527,0.0,0.0,0.0,1.7433008016549527,1.7433008016549527,4.807459719418014,2.176962406697146,1.7433008016549527,5.178716407286778,0.0,0.0,4.807459719418014
GSM5016080,1.6050183238082016,6.521503524420677,2.345961841282292,5.455554712542831,2.345961841282292,0.0,5.960230990393647,0.0,0.0,1.0150679450253106,0.0,2.022543310203359,5.421590943658654,0.0,1.6050183238082016,0.0,1.0150679450253106,4.276345188577371,0.0,2.6099890165099073,8.209786914483152,5.238631370733185,7.481021695675566,3.196604616262159,1.6050183238082016,1.6050183238082016,2.022543310203359,1.0150679450253106,6.315001915179157,4.4880624569871665,2.6099890165099073,5.729849154415159,4.729278223693364,1.6050183238082016,0.0,0.0,0.0,2.345961841282292,3.835214163267064,1.0150679450253106,4.11569658555308,3.3489381023322875,0.0,2.345961841282292,0.0,2.022543310203359,1.0150679450253106,0.0,2.8330901408137787,1.6050183238082016,1.0150679450253106,0.0,1.0150679450253106,1.0150679450253106,1.0150679450253106,1.0150679450253106,5.421590943658654,1.6050183238082016,1.0150679450253106,3.0262665176083323,0.0,1.0150679450253106,1.0150679450253106,5.351166275667293,0.0,0.0,0.0,0.0,1.0150679450253106,4.028124524275748,2.345961841282292,0.0,7.029748319518901,2.022543310203359,8.219703084172076,1.0150679450253106,2.022543310203359,1.0150679450253106,3.728135683983688,2.345961841282292,8.007142318633178,1.0150679450253106,3.486711891053646,2.022543310203359,4.198255823272467,1.0150679450253106,1.6050183238082016,2.022543310203359,3.835214163267064,1.6050183238082016,0.0,0.0,1.0150679450253106,1.0150679450253106,2.6099890165099073,0.0,1.0150679450253106,4.198255823272467,0.0,3.196604616262159,2.345961841282292,2.022543310203359,2.022543310203359,5.521173735996268,3.486711891053646,0.0,12.292949805578823,6.179309301742741,1.6050183238082016,0.0,0.0,1.6050183238082016,1.0150679450253106,2.022543310203359,1.0150679450253106,0.0,1.6050183238082016,1.6050183238082016,1.6050183238082016,0.0,1.6050183238082016,0.0,1.6050183238082016,1.0150679450253106,1.0150679450253106,4.11569658555308,1.6050183238082016,1.0150679450253106,0.0,1.0150679450253106,0.0,0.0,3.728135683983688,1.0150679450253106,4.11569658555308,1.0150679450253106,0.0,5.936376138910687,3.934891327190413,5.158415172230588,1.6050183238082016,3.612467955278032,5.862349521303846,1.6050183238082016,2.6099890165099073,2.6099890165099073,3.0262665176083323,1.6050183238082016,2.6099890165099073,0.0,3.196604616262159,1.6050183238082016,0.0,0.0,3.0262665176083323,5.836805130453169,1.0150679450253106,0.0,5.421590943658654,0.0,6.960474255057072,2.345961841282292,2.8330901408137787,0.0,3.934891327190413,1.0150679450253106,2.345961841282292,4.4880624569871665,0.0,3.3489381023322875,2.022543310203359,1.6050183238082016,5.673242793157432,1.0150679450253106,1.0150679450253106,1.0150679450253106,1.6050183238082016,3.835214163267064,7.948720766663392,8.517737524176994,0.0,4.4880624569871665,1.0150679450253106,0.0,1.0150679450253106,1.0150679450253106,1.0150679450253106,1.0150679450253106,3.728135683983688,6.387170261547093,5.158415172230588,1.0150679450253106,2.8330901408137787,2.022543310203359,0.0,0.0,0.0,4.276345188577371,0.0,6.296381295509898,0.0,0.0,3.0262665176083323,0.0,0.0,1.0150679450253106,0.0,1.0150679450253106,3.0262665176083323,2.8330901408137787,3.612467955278032,5.583937561379304,2.345961841282292,0.0,6.095626416094526,3.0262665176083323,0.0,8.315287258205776,7.744084362443673,0.0,1.6050183238082016,3.835214163267064,7.750938703168408,1.0150679450253106,1.6050183238082016,0.0,1.0150679450253106,6.489074552373975,5.158415172230588,0.0,1.0150679450253106,2.022543310203359,2.345961841282292,3.728135683983688,2.6099890165099073,0.0,2.345961841282292,3.934891327190413,6.3694637915399515,0.0,1.0150679450253106,1.0150679450253106,0.0,0.0,6.095626416094526,2.022543310203359,2.022543310203359,1.0150679450253106,1.0150679450253106,1.0150679450253106,1.6050183238082016,3.486711891053646,1.6050183238082016,0.0,0.0,2.6099890165099073,0.0,0.0,4.935881371446497,8.814547704444253,0.0,1.0150679450253106,9.36308948950689,0.0,2.345961841282292,0.0,1.0150679450253106,0.0,0.0,2.345961841282292,0.0,1.0150679450253106,6.6146335380858154,2.345961841282292,2.6099890165099073,3.486711891053646,0.0,0.0,1.0150679450253106,1.0150679450253106,0.0,1.0150679450253106,0.0,0.0,5.421590943658654,2.8330901408137787,3.728135683983688,3.0262665176083323,3.196604616262159,0.0,3.728135683983688
GSM5016096,1.0784576736163856,5.102377533134048,1.6886523831600633,5.2360581964947315,2.1161424052030418,0.0,6.081225325976251,0.0,1.0784576736163856,0.0,1.6886523831600633,1.6886523831600633,7.105893875892781,1.0784576736163856,1.0784576736163856,0.0,0.0,7.75203275869668,1.0784576736163856,4.231773083950733,9.43572329100088,4.050055988795351,4.9023731238596655,3.949824784541331,2.445490746276756,3.599052631333101,3.842106628308056,1.0784576736163856,1.6886523831600633,6.2592885640675595,1.0784576736163856,4.143773707607242,3.599052631333101,0.0,1.0784576736163856,2.713450864740196,0.0,3.306585697412415,2.1161424052030418,1.0784576736163856,4.467525208288444,1.0784576736163856,0.0,2.939351384136063,2.445490746276756,1.6886523831600633,0.0,0.0,1.0784576736163856,3.949824784541331,0.0,1.0784576736163856,0.0,0.0,0.0,2.1161424052030418,5.76461442808119,2.445490746276756,5.148327908269371,6.5086498253150395,0.0,1.6886523831600633,3.725692068010758,2.939351384136063,1.0784576736163856,0.0,0.0,0.0,3.1346219488735527,3.1346219488735527,5.673273076683392,2.1161424052030418,5.9315878509137265,5.76461442808119,9.80911289318924,3.306585697412415,6.360359709485185,4.605691217722265,10.709277516155904,3.4602177167093435,7.270764965826867,1.6886523831600633,5.102377533134048,2.713450864740196,4.955033109758048,0.0,1.0784576736163856,0.0,4.790910370327425,1.6886523831600633,1.0784576736163856,0.0,1.0784576736163856,0.0,2.445490746276756,1.0784576736163856,2.1161424052030418,3.4602177167093435,3.1346219488735527,3.725692068010758,2.1161424052030418,1.0784576736163856,1.6886523831600633,6.280077198277534,3.306585697412415,1.0784576736163856,8.27128700257571,2.713450864740196,1.0784576736163856,0.0,0.0,0.0,0.0,2.1161424052030418,0.0,0.0,1.6886523831600633,0.0,1.0784576736163856,1.0784576736163856,2.445490746276756,1.0784576736163856,2.713450864740196,2.713450864740196,1.6886523831600633,5.575755385473966,1.6886523831600633,4.231773083950733,0.0,0.0,1.0784576736163856,1.0784576736163856,3.842106628308056,1.6886523831600633,1.6886523831600633,2.1161424052030418,0.0,5.005838445315879,3.306585697412415,6.490925958684459,1.6886523831600633,4.605691217722265,6.932908274810058,3.949824784541331,2.939351384136063,1.6886523831600633,3.1346219488735527,0.0,1.6886523831600633,0.0,1.0784576736163856,0.0,1.6886523831600633,0.0,0.0,2.445490746276756,0.0,0.0,5.396973193660222,0.0,7.151734149010516,1.6886523831600633,5.396973193660222,0.0,5.05491533735817,0.0,2.713450864740196,2.445490746276756,0.0,2.1161424052030418,0.0,1.6886523831600633,2.445490746276756,3.306585697412415,0.0,1.0784576736163856,1.6886523831600633,2.445490746276756,10.585304719575504,8.920719386463388,0.0,2.939351384136063,2.1161424052030418,0.0,1.0784576736163856,0.0,1.6886523831600633,1.0784576736163856,8.718539054124514,7.117491215633518,6.8096424315362825,1.0784576736163856,5.575755385473966,4.050055988795351,0.0,2.713450864740196,2.713450864740196,4.955033109758048,0.0,11.709325675103322,4.731773938918876,0.0,1.0784576736163856,3.725692068010758,1.0784576736163856,2.445490746276756,2.939351384136063,2.713450864740196,2.445490746276756,1.6886523831600633,2.445490746276756,3.949824784541331,2.1161424052030418,5.9315878509137265,5.05491533735817,1.6886523831600633,1.0784576736163856,9.118361938289873,6.837959389187338,0.0,1.0784576736163856,8.250370393196825,11.38282782608202,3.949824784541331,1.0784576736163856,0.0,1.0784576736163856,8.920719386463388,4.670109497535987,0.0,0.0,2.445490746276756,1.0784576736163856,2.445490746276756,2.1161424052030418,2.445490746276756,1.6886523831600633,4.538261590430629,0.0,0.0,3.842106628308056,0.0,1.6886523831600633,0.0,4.9023731238596655,3.306585697412415,2.445490746276756,4.050055988795351,0.0,0.0,0.0,5.541727548856917,2.939351384136063,1.0784576736163856,1.0784576736163856,1.0784576736163856,1.0784576736163856,0.0,4.731773938918876,8.587076732100037,3.725692068010758,1.0784576736163856,8.900723268183054,0.0,1.0784576736163856,0.0,1.0784576736163856,1.6886523831600633,2.1161424052030418,2.1161424052030418,2.713450864740196,0.0,7.361340759779145,4.605691217722265,5.641493990511486,3.4602177167093435,1.6886523831600633,1.0784576736163856,0.0,0.0,2.713450864740196,1.0784576736163856,0.0,0.0,3.4602177167093435,2.445490746276756,5.278000617152649,3.1346219488735527,1.0784576736163856,1.6886523831600633,3.306585697412415
GSM5016069,0.0,3.2471324528259244,6.504649190707512,3.049844724106708,1.1463541450906956,0.0,6.362944042811863,0.0,0.0,0.0,0.0,2.5494602119693615,3.2471324528259244,0.0,0.0,0.0,3.049844724106708,8.554524558869453,0.0,2.21431570761566,5.481795178310766,0.0,8.545181373681503,2.21431570761566,1.776978191810864,0.0,0.0,0.0,7.406687875323016,10.463876525820403,3.4206581040518538,2.5494602119693615,7.769661359702673,2.5494602119693615,1.1463541450906956,0.0,0.0,1.1463541450906956,6.425386464734767,0.0,3.4206581040518538,0.0,0.0,5.888738971614377,0.0,0.0,1.776978191810864,0.0,3.049844724106708,3.842870055231668,0.0,0.0,0.0,0.0,1.1463541450906956,0.0,3.959997860918653,2.21431570761566,2.21431570761566,3.842870055231668,0.0,3.2471324528259244,4.351671300664145,7.761616153911222,0.0,0.0,0.0,0.0,0.0,2.21431570761566,6.132816718066725,0.0,9.84493838326662,0.0,5.888738971614377,0.0,2.5494602119693615,1.776978191810864,3.049844724106708,0.0,7.135010168118721,2.5494602119693615,3.2471324528259244,2.21431570761566,0.0,2.8212387695610377,1.776978191810864,0.0,0.0,1.776978191810864,0.0,1.776978191810864,2.5494602119693615,0.0,5.401230838721601,0.0,0.0,2.21431570761566,0.0,6.229315246601786,0.0,0.0,0.0,3.959997860918653,1.1463541450906956,1.776978191810864,8.67507058031565,3.4206581040518538,0.0,0.0,0.0,1.1463541450906956,1.776978191810864,3.049844724106708,0.0,0.0,0.0,0.0,2.8212387695610377,2.8212387695610377,1.1463541450906956,2.8212387695610377,3.959997860918653,3.049844724106708,1.1463541450906956,3.715386040113846,0.0,2.5494602119693615,0.0,2.21431570761566,0.0,0.0,3.842870055231668,1.1463541450906956,5.630566236130155,2.5494602119693615,3.575535261056637,5.177622934317506,3.4206581040518538,5.077479134996321,2.8212387695610377,3.4206581040518538,5.12841978788244,1.776978191810864,1.776978191810864,2.5494602119693615,0.0,0.0,1.1463541450906956,0.0,6.615931797960915,2.21431570761566,1.776978191810864,2.21431570761566,0.0,6.132816718066725,2.8212387695610377,0.0,4.351671300664145,1.776978191810864,4.659397155849291,0.0,2.5494602119693615,0.0,6.6856205312782455,2.21431570761566,4.912885129938447,1.776978191810864,2.8212387695610377,6.815645828270086,1.776978191810864,3.4206581040518538,2.8212387695610377,0.0,3.049844724106708,2.5494602119693615,1.1463541450906956,1.776978191810864,5.5580975215398825,6.597970628026271,0.0,0.0,1.1463541450906956,1.776978191810864,0.0,1.1463541450906956,1.776978191810864,0.0,0.0,3.715386040113846,1.1463541450906956,2.5494602119693615,0.0,0.0,3.2471324528259244,2.21431570761566,2.21431570761566,3.049844724106708,3.049844724106708,6.651196909070619,0.0,0.0,4.588398160262411,1.776978191810864,0.0,1.1463541450906956,1.1463541450906956,0.0,2.21431570761566,5.12841978788244,1.1463541450906956,3.842870055231668,1.776978191810864,1.1463541450906956,4.068326353289168,0.0,3.575535261056637,7.147412625644844,6.157553181173289,1.1463541450906956,0.0,6.384059902807293,9.232903695847002,1.1463541450906956,1.1463541450906956,0.0,1.1463541450906956,4.727065371584923,7.652728629075385,0.0,0.0,1.776978191810864,0.0,2.21431570761566,2.21431570761566,0.0,0.0,1.776978191810864,1.776978191810864,0.0,2.21431570761566,0.0,2.5494602119693615,2.8212387695610377,6.920534634784654,4.169085757940631,3.575535261056637,1.776978191810864,0.0,0.0,1.776978191810864,2.21431570761566,1.1463541450906956,0.0,2.21431570761566,5.3159000657689335,0.0,1.1463541450906956,8.463221996982016,11.37910885869746,1.776978191810864,0.0,11.737022881992385,0.0,0.0,1.1463541450906956,4.588398160262411,3.049844724106708,0.0,0.0,0.0,1.1463541450906956,1.1463541450906956,6.561363204563107,7.599559882454561,5.2712642385622726,2.21431570761566,0.0,1.1463541450906956,0.0,0.0,0.0,0.0,0.0,3.575535261056637,4.912885129938447,0.0,5.5947868574001065,1.776978191810864,0.0,5.630566236130155
GSM5016164,0.0,2.703897792782258,2.1074734025313866,5.839433308486081,3.1246322684047487,0.0,5.530692262336063,0.0,0.0,1.6808822218204338,0.0,1.6808822218204338,3.2964512736905367,0.0,0.0,3.1246322684047487,0.0,4.133135772854456,1.6808822218204338,2.1074734025313866,7.489489984238925,1.0725310179482357,6.59948771603824,1.0725310179482357,0.0,0.0,0.0,0.0,6.754922480717896,5.972111498448234,2.929548383321817,4.83683276998136,2.929548383321817,0.0,1.6808822218204338,0.0,1.0725310179482357,1.6808822218204338,2.1074734025313866,1.0725310179482357,1.6808822218204338,0.0,0.0,1.6808822218204338,2.4362895527815227,1.6808822218204338,0.0,0.0,1.6808822218204338,2.1074734025313866,0.0,1.6808822218204338,0.0,1.0725310179482357,1.6808822218204338,0.0,5.181891002510754,1.0725310179482357,0.0,3.1246322684047487,0.0,0.0,0.0,5.723739558475357,2.4362895527815227,0.0,1.6808822218204338,0.0,2.1074734025313866,1.0725310179482357,3.1246322684047487,1.6808822218204338,6.647901313660625,2.1074734025313866,6.868237047438748,1.0725310179482357,3.831617587733749,0.0,2.929548383321817,0.0,7.6165650225256,2.1074734025313866,2.929548383321817,2.4362895527815227,7.280184007432253,0.0,0.0,0.0,2.929548383321817,1.0725310179482357,0.0,0.0,2.1074734025313866,2.1074734025313866,2.703897792782258,0.0,0.0,2.929548383321817,0.0,2.703897792782258,1.0725310179482357,2.4362895527815227,1.6808822218204338,4.780040995888372,1.6808822218204338,0.0,7.848303158364461,2.4362895527815227,1.0725310179482357,0.0,3.5887083744481743,0.0,1.0725310179482357,0.0,0.0,0.0,0.0,2.929548383321817,1.6808822218204338,0.0,1.0725310179482357,1.0725310179482357,0.0,0.0,1.0725310179482357,2.4362895527815227,0.0,4.221097262802747,2.4362895527815227,0.0,1.0725310179482357,0.0,0.0,0.0,1.6808822218204338,1.0725310179482357,0.0,6.070114217396784,4.45675857059065,3.5887083744481743,2.1074734025313866,2.4362895527815227,4.720921673371471,0.0,2.703897792782258,1.6808822218204338,1.0725310179482357,1.6808822218204338,1.6808822218204338,2.1074734025313866,1.6808822218204338,1.0725310179482357,2.1074734025313866,1.0725310179482357,0.0,1.0725310179482357,0.0,1.0725310179482357,4.527470473440203,1.6808822218204338,5.564714434042974,1.0725310179482357,2.929548383321817,0.0,3.2964512736905367,0.0,3.831617587733749,1.0725310179482357,0.0,3.831617587733749,1.0725310179482357,2.4362895527815227,0.0,0.0,0.0,0.0,0.0,0.0,8.124049869266443,7.524485951258003,1.0725310179482357,1.0725310179482357,1.0725310179482357,2.1074734025313866,0.0,1.6808822218204338,0.0,0.0,3.1246322684047487,3.831617587733749,3.2964512736905367,0.0,2.1074734025313866,1.6808822218204338,1.6808822218204338,1.6808822218204338,1.6808822218204338,1.6808822218204338,2.1074734025313866,6.754922480717896,0.0,0.0,5.460142015762296,2.4362895527815227,0.0,0.0,0.0,1.0725310179482357,0.0,1.0725310179482357,1.0725310179482357,3.1246322684047487,0.0,2.1074734025313866,5.597952732331965,0.0,2.1074734025313866,8.668700926178943,2.1074734025313866,0.0,0.0,3.7152693374605894,6.139480669881931,1.6808822218204338,0.0,0.0,0.0,4.83683276998136,2.929548383321817,1.0725310179482357,1.0725310179482357,0.0,0.0,1.6808822218204338,1.6808822218204338,0.0,2.4362895527815227,1.6808822218204338,1.0725310179482357,0.0,1.0725310179482357,1.0725310179482357,1.6808822218204338,0.0,4.944119766518645,2.929548383321817,1.0725310179482357,1.0725310179482357,1.0725310179482357,2.929548383321817,0.0,7.010801030594899,5.225080259861416,1.0725310179482357,0.0,1.0725310179482357,0.0,0.0,4.83683276998136,8.365140005456498,3.831617587733749,0.0,8.770605465609554,0.0,2.1074734025313866,0.0,1.0725310179482357,1.0725310179482357,0.0,1.0725310179482357,1.6808822218204338,1.0725310179482357,3.5887083744481743,1.0725310179482357,2.1074734025313866,2.4362895527815227,1.0725310179482357,1.0725310179482357,1.0725310179482357,0.0,0.0,0.0,0.0,0.0,2.1074734025313866,1.0725310179482357,0.0,2.4362895527815227,2.929548383321817,1.0725310179482357,2.1074734025313866
GSM5016091,1.0922996564216614,4.168485135129721,2.1363255582224947,5.303511674860557,2.7356697791690276,0.0,6.443645727656121,1.0922996564216614,0.0,0.0,0.0,1.0922996564216614,4.630805113756695,0.0,0.0,0.0,1.7067615276175547,4.074668806774111,1.0922996564216614,1.0922996564216614,7.966188081215583,5.03121061012573,6.65288788347731,2.9621450676430636,1.7067615276175547,1.0922996564216614,1.0922996564216614,0.0,6.792038264103125,6.8498212208265725,1.7067615276175547,4.074668806774111,5.218330199977365,0.0,1.0922996564216614,1.7067615276175547,0.0,1.0922996564216614,2.9621450676430636,1.0922996564216614,2.4668998777073687,1.7067615276175547,0.0,1.7067615276175547,1.7067615276175547,1.0922996564216614,0.0,2.1363255582224947,1.0922996564216614,0.0,0.0,1.0922996564216614,0.0,1.0922996564216614,1.0922996564216614,0.0,3.866476331587197,2.4668998777073687,1.0922996564216614,1.7067615276175547,0.0,0.0,0.0,6.443645727656121,0.0,0.0,0.0,1.0922996564216614,1.0922996564216614,3.3301410579478397,6.405619473334426,1.7067615276175547,4.168485135129721,1.0922996564216614,8.421665793901365,1.7067615276175547,4.816152740127,2.9621450676430636,7.878677594425388,3.3301410579478397,5.848167569855963,2.4668998777073687,1.0922996564216614,0.0,4.630805113756695,0.0,1.0922996564216614,0.0,4.563324462397646,1.0922996564216614,0.0,1.7067615276175547,1.7067615276175547,0.0,2.4668998777073687,0.0,0.0,2.9621450676430636,0.0,2.1363255582224947,0.0,1.7067615276175547,0.0,6.42475788287661,0.0,0.0,7.836425299799263,1.0922996564216614,1.7067615276175547,1.0922996564216614,1.0922996564216614,1.7067615276175547,1.0922996564216614,2.9621450676430636,0.0,0.0,1.0922996564216614,1.0922996564216614,1.0922996564216614,1.0922996564216614,1.7067615276175547,1.0922996564216614,2.7356697791690276,0.0,1.0922996564216614,4.816152740127,1.0922996564216614,2.1363255582224947,0.0,1.7067615276175547,0.0,2.7356697791690276,2.7356697791690276,0.0,2.9621450676430636,0.0,1.0922996564216614,5.819532232178658,3.484038409407177,3.749909546985755,2.4668998777073687,2.4668998777073687,5.848167569855963,1.7067615276175547,2.9621450676430636,2.1363255582224947,2.4668998777073687,1.7067615276175547,1.7067615276175547,0.0,2.4668998777073687,1.7067615276175547,4.492531925916281,3.6230899328015456,0.0,1.0922996564216614,1.0922996564216614,0.0,4.339587573957968,0.0,7.425866942393683,0.0,3.157844731052203,0.0,5.127801990471708,1.7067615276175547,3.749909546985755,3.866476331587197,0.0,3.866476331587197,0.0,1.7067615276175547,2.1363255582224947,1.0922996564216614,0.0,1.0922996564216614,0.0,1.0922996564216614,8.943532088272889,7.878677594425388,0.0,3.3301410579478397,1.0922996564216614,2.1363255582224947,0.0,2.9621450676430636,2.7356697791690276,1.0922996564216614,6.462289483887021,6.932375194963925,5.422537202820572,0.0,3.749909546985755,1.7067615276175547,2.1363255582224947,2.1363255582224947,2.1363255582224947,3.6230899328015456,1.0922996564216614,9.212149260924331,3.3301410579478397,0.0,4.168485135129721,3.866476331587197,0.0,0.0,1.0922996564216614,1.0922996564216614,3.157844731052203,3.484038409407177,2.9621450676430636,4.339587573957968,1.7067615276175547,3.974324795737155,5.383942920813264,2.7356697791690276,2.7356697791690276,8.717753734493183,7.1084041259979855,0.0,0.0,5.34428773745847,8.53167943778612,1.7067615276175547,0.0,0.0,1.0922996564216614,7.693827056287328,4.418085561726472,1.7067615276175547,0.0,2.9621450676430636,2.1363255582224947,2.1363255582224947,0.0,1.0922996564216614,2.7356697791690276,3.3301410579478397,1.0922996564216614,0.0,1.0922996564216614,1.0922996564216614,2.1363255582224947,0.0,6.346632089395221,3.3301410579478397,0.0,0.0,0.0,3.749909546985755,0.0,3.749909546985755,1.7067615276175547,1.0922996564216614,0.0,1.0922996564216614,0.0,1.0922996564216614,6.242621458251599,9.727644717237611,1.7067615276175547,0.0,9.477988355765412,0.0,0.0,1.0922996564216614,3.157844731052203,1.7067615276175547,0.0,0.0,0.0,0.0,7.435334517594072,1.7067615276175547,2.4668998777073687,1.7067615276175547,2.1363255582224947,2.4668998777073687,2.1363255582224947,1.0922996564216614,2.1363255582224947,1.0922996564216614,0.0,1.0922996564216614,3.484038409407177,1.0922996564216614,3.974324795737155,2.9621450676430636,1.0922996564216614,0.0,4.492531925916281
GSM5016102,0.0,2.2290938381208507,2.898148288536053,3.797986132655893,3.478076630245634,0.0,6.392126196099804,0.0,0.0,0.9426822845245804,1.5080214140212358,3.478076630245634,4.8867966271923144,0.0,0.0,0.0,1.5080214140212358,6.054609631958199,0.0,5.095736548392044,7.645105599930923,0.0,7.905829321679368,3.592777800153482,3.353462357348851,0.9426822845245804,0.9426822845245804,0.0,2.4881274430734126,6.814728836573443,3.890590447310152,3.353462357348851,5.815726840475432,2.898148288536053,0.9426822845245804,0.0,0.0,0.9426822845245804,1.9131462184188832,0.9426822845245804,5.243514504996262,1.5080214140212358,2.4881274430734126,1.5080214140212358,0.0,1.5080214140212358,2.7076553414766185,1.5080214140212358,0.0,4.8867966271923144,0.9426822845245804,0.0,0.9426822845245804,0.0,1.5080214140212358,0.0,5.171516846694396,2.2290938381208507,0.0,7.938733373550791,1.5080214140212358,0.9426822845245804,0.9426822845245804,9.36697879904336,4.9740359915613785,0.0,0.0,0.9426822845245804,3.699027488072117,1.9131462184188832,5.529284595785658,0.0,9.60935485598188,3.797986132655893,7.131721956396994,0.0,1.9131462184188832,0.0,4.4118443099119995,0.0,8.21428815117024,3.066397188023833,5.243514504996262,2.4881274430734126,2.898148288536053,0.0,0.0,0.0,1.9131462184188832,0.0,2.2290938381208507,2.898148288536053,2.898148288536053,0.0,3.478076630245634,0.0,2.2290938381208507,1.9131462184188832,0.0,0.0,0.0,0.9426822845245804,0.9426822845245804,4.9740359915613785,0.0,0.0,10.692024916777324,4.531716092620648,1.5080214140212358,0.0,0.9426822845245804,0.0,0.0,2.2290938381208507,0.0,0.0,0.0,1.9131462184188832,2.2290938381208507,0.9426822845245804,0.0,0.9426822845245804,2.2290938381208507,5.500187913495631,0.0,1.9131462184188832,0.9426822845245804,1.5080214140212358,0.9426822845245804,0.0,2.7076553414766185,0.0,2.2290938381208507,1.9131462184188832,4.059673239363398,0.0,2.2290938381208507,4.211002211122193,2.898148288536053,2.7076553414766185,3.797986132655893,2.2290938381208507,4.211002211122193,1.5080214140212358,3.21705799645716,2.4881274430734126,1.5080214140212358,0.0,0.9426822845245804,0.0,1.9131462184188832,1.9131462184188832,3.21705799645716,2.7076553414766185,0.0,3.699027488072117,1.5080214140212358,0.0,2.7076553414766185,0.0,7.520229771916537,3.478076630245634,1.5080214140212358,0.0,4.3479539463760055,2.7076553414766185,3.21705799645716,0.9426822845245804,0.0,4.281102533264896,0.9426822845245804,2.4881274430734126,1.9131462184188832,1.9131462184188832,3.066397188023833,1.5080214140212358,0.9426822845245804,3.21705799645716,5.791913353430796,8.490635604518143,0.0,0.0,1.5080214140212358,2.2290938381208507,0.9426822845245804,0.9426822845245804,0.0,0.0,0.0,3.066397188023833,0.9426822845245804,0.0,0.0,0.0,0.0,1.5080214140212358,1.9131462184188832,3.478076630245634,1.5080214140212358,7.159903336866259,1.5080214140212358,0.9426822845245804,4.473024843444941,3.699027488072117,0.0,2.2290938381208507,1.9131462184188832,1.5080214140212358,3.353462357348851,2.2290938381208507,3.592777800153482,3.699027488072117,1.5080214140212358,2.7076553414766185,4.694694134742136,0.9426822845245804,1.9131462184188832,8.136057797567688,5.3775518711148536,0.0,0.0,6.4989458160859375,9.76729229425008,0.0,0.9426822845245804,0.9426822845245804,2.2290938381208507,6.151361372573837,6.11343568603974,0.0,1.5080214140212358,0.0,0.0,1.9131462184188832,0.9426822845245804,0.0,0.9426822845245804,2.2290938381208507,0.9426822845245804,1.5080214140212358,2.2290938381208507,0.9426822845245804,0.0,0.0,5.69252256732668,0.9426822845245804,0.9426822845245804,1.5080214140212358,1.5080214140212358,0.0,0.9426822845245804,4.531716092620648,1.9131462184188832,0.9426822845245804,1.5080214140212358,1.5080214140212358,0.0,0.0,5.666566871026737,9.227476212198082,0.0,1.5080214140212358,9.28191705220928,0.0,0.0,0.0,2.2290938381208507,0.0,0.9426822845245804,0.0,2.7076553414766185,2.4881274430734126,3.353462357348851,3.066397188023833,4.5881127281912315,3.890590447310152,0.9426822845245804,3.066397188023833,1.9131462184188832,0.0,0.0,0.0,0.0,0.0,5.557806030585641,1.9131462184188832,0.0,3.699027488072117,1.9131462184188832,0.0,4.531716092620648
GSM5016142,2.144221603334681,6.099202691611507,0.0,7.014245185909915,4.369332968049427,0.8915235739150196,6.02536255274313,0.0,1.8340650226015536,2.144221603334681,0.0,1.8340650226015536,6.331409333340342,0.0,0.0,0.0,0.8915235739150196,4.910471899648839,1.4384357559540373,1.8340650226015536,10.339486184010129,3.5989302754891104,9.231951286721898,1.8340650226015536,1.4384357559540373,4.640606947866659,4.590280084296111,0.0,3.9576622271467072,4.868856100625179,1.8340650226015536,4.910471899648839,5.065878176826498,0.0,0.8915235739150196,0.8915235739150196,0.0,0.0,4.427822117606737,0.8915235739150196,5.843955181173224,1.8340650226015536,0.8915235739150196,1.8340650226015536,1.8340650226015536,0.8915235739150196,0.0,0.0,2.3993546319250916,6.16944684179637,2.144221603334681,1.4384357559540373,2.3993546319250916,0.0,0.0,3.697315582486621,7.088642053801112,2.6160765998206776,4.484032124190833,5.636411486015702,1.8340650226015536,3.2557034885529936,5.5600193626550745,5.800345756378957,0.0,0.0,0.0,0.0,2.3993546319250916,1.4384357559540373,5.585935461146917,0.0,6.449042252279917,2.9710512377675107,7.914640561253711,1.4384357559540373,7.984501607064126,3.120386451236394,8.371043942289843,1.8340650226015536,8.7054608686494,2.6160765998206776,8.816345632139925,6.1522038342804555,5.947538289345755,0.0,1.8340650226015536,2.144221603334681,2.3993546319250916,2.144221603334681,0.0,1.4384357559540373,2.144221603334681,1.8340650226015536,3.5989302754891104,0.8915235739150196,0.0,2.3993546319250916,2.804454163447238,1.4384357559540373,0.0,3.4933412787919007,0.8915235739150196,3.789417663144086,0.0,0.0,9.782888679496724,3.875991104872638,1.4384357559540373,0.0,0.0,0.0,0.0,3.5989302754891104,0.0,0.8915235739150196,1.8340650226015536,2.6160765998206776,2.6160765998206776,0.8915235739150196,0.0,0.0,2.144221603334681,0.0,0.0,6.02536255274313,1.4384357559540373,3.4933412787919007,0.8915235739150196,0.0,1.4384357559540373,0.8915235739150196,0.8915235739150196,1.8340650226015536,3.2557034885529936,0.8915235739150196,0.8915235739150196,5.102248053591812,3.4933412787919007,4.910471899648839,2.804454163447238,2.144221603334681,4.178131748725902,2.804454163447238,2.804454163447238,1.4384357559540373,1.4384357559540373,0.0,5.533629186754798,0.0,1.4384357559540373,0.8915235739150196,1.4384357559540373,0.8915235739150196,0.8915235739150196,3.120386451236394,0.0,0.0,3.9576622271467072,0.8915235739150196,8.407833482564383,1.4384357559540373,4.590280084296111,0.8915235739150196,4.178131748725902,0.0,2.6160765998206776,1.8340650226015536,0.0,3.697315582486621,0.0,1.4384357559540373,4.034956600542027,4.034956600542027,0.0,0.8915235739150196,1.4384357559540373,2.804454163447238,11.907419412554791,9.473221536303884,0.8915235739150196,1.4384357559540373,0.0,1.4384357559540373,2.144221603334681,0.0,1.4384357559540373,0.0,6.284700680367893,3.5989302754891104,3.2557034885529936,0.8915235739150196,2.804454163447238,0.0,0.0,5.028567662933695,5.2061601648939835,3.120386451236394,1.8340650226015536,9.2664152973701,1.8340650226015536,0.0,1.8340650226015536,2.144221603334681,0.0,0.8915235739150196,0.8915235739150196,0.8915235739150196,0.8915235739150196,0.8915235739150196,0.8915235739150196,3.3794097638613323,1.4384357559540373,4.178131748725902,8.192789758543634,0.8915235739150196,2.3993546319250916,9.3929192064359,7.133264288714487,0.8915235739150196,0.0,7.77517717514233,10.96969921928636,1.4384357559540373,0.0,0.0,0.8915235739150196,7.397514702048549,3.2557034885529936,0.0,0.8915235739150196,1.4384357559540373,0.8915235739150196,3.789417663144086,2.3993546319250916,0.0,2.804454163447238,5.334002353322891,0.8915235739150196,0.0,1.8340650226015536,0.0,0.0,1.4384357559540373,5.2061601648939835,0.8915235739150196,1.8340650226015536,2.6160765998206776,1.4384357559540373,0.8915235739150196,1.4384357559540373,3.697315582486621,0.8915235739150196,0.8915235739150196,0.8915235739150196,0.0,2.144221603334681,1.8340650226015536,4.484032124190833,9.06693416990137,5.364268052865233,2.3993546319250916,9.450478575583546,0.0,3.120386451236394,0.0,0.8915235739150196,0.0,2.9710512377675107,3.2557034885529936,2.804454163447238,0.0,5.172347623811993,8.802596917805781,9.884274609001046,4.590280084296111,4.108319559918387,1.4384357559540373,0.0,0.8915235739150196,2.6160765998206776,2.3993546319250916,0.8915235739150196,0.0,5.23919835309534,1.4384357559540373,1.4384357559540373,4.484032124190833,4.108319559918387,1.4384357559540373,4.538133968462903
GSM5016039,0.0,2.473399883566827,4.082130720448063,2.7424131849748266,0.0,0.0,6.899553410179235,1.0965165584347671,0.0,0.0,1.7122678022918003,3.164889627150543,1.7122678022918003,0.0,0.0,1.0965165584347671,3.164889627150543,6.292959674923772,0.0,0.0,1.7122678022918003,0.0,8.941460541805423,1.0965165584347671,0.0,0.0,0.0,0.0,7.39524699503822,9.55522017229402,3.757252910161763,0.0,5.311242787210175,1.0965165584347671,1.0965165584347671,0.0,0.0,1.7122678022918003,6.992767318291573,0.0,1.0965165584347671,0.0,1.0965165584347671,4.76461592136352,1.0965165584347671,0.0,0.0,0.0,1.7122678022918003,0.0,0.0,0.0,0.0,0.0,1.0965165584347671,0.0,2.969061126476616,0.0,0.0,0.0,0.0,1.0965165584347671,0.0,7.879618558054087,0.0,1.0965165584347671,0.0,0.0,0.0,0.0,0.0,0.0,3.164889627150543,1.0965165584347671,5.827323576678786,0.0,0.0,1.0965165584347671,2.473399883566827,0.0,6.016789117930049,2.7424131849748266,0.0,0.0,0.0,2.473399883566827,0.0,0.0,0.0,0.0,0.0,1.7122678022918003,1.0965165584347671,1.0965165584347671,4.425646939941181,0.0,0.0,2.473399883566827,0.0,4.264088983377428,0.0,2.473399883566827,0.0,2.142456728155914,0.0,0.0,9.94333261348245,3.757252910161763,1.7122678022918003,0.0,2.7424131849748266,0.0,0.0,2.7424131849748266,0.0,0.0,0.0,1.0965165584347671,2.473399883566827,2.7424131849748266,1.0965165584347671,1.0965165584347671,1.7122678022918003,0.0,1.7122678022918003,3.491262745621355,0.0,2.473399883566827,0.0,0.0,0.0,1.0965165584347671,2.473399883566827,1.0965165584347671,7.507810664210546,0.0,1.0965165584347671,5.540247394450929,3.6303792520513385,0.0,2.142456728155914,1.0965165584347671,3.164889627150543,3.164889627150543,0.0,1.0965165584347671,0.0,1.7122678022918003,1.7122678022918003,1.7122678022918003,4.347128258006173,1.7122678022918003,2.969061126476616,1.7122678022918003,0.0,4.880657970815814,1.7122678022918003,1.0965165584347671,0.0,0.0,1.0965165584347671,2.142456728155914,0.0,0.0,5.8559616671257215,1.0965165584347671,4.264088983377428,1.7122678022918003,1.0965165584347671,6.559904043210989,2.142456728155914,2.142456728155914,0.0,0.0,1.0965165584347671,1.7122678022918003,0.0,0.0,5.467877590876671,4.935356720331824,0.0,0.0,1.0965165584347671,1.0965165584347671,0.0,0.0,1.7122678022918003,0.0,0.0,2.473399883566827,1.0965165584347671,3.3372857767313904,0.0,0.0,1.7122678022918003,0.0,0.0,1.0965165584347671,2.473399883566827,7.1397603921019295,0.0,1.7122678022918003,5.991198967084354,0.0,0.0,1.0965165584347671,0.0,0.0,1.7122678022918003,2.473399883566827,1.7122678022918003,1.7122678022918003,0.0,0.0,1.0965165584347671,0.0,2.473399883566827,7.335490639505438,3.164889627150543,0.0,0.0,1.7122678022918003,2.7424131849748266,2.142456728155914,0.0,0.0,0.0,1.7122678022918003,6.334254056155228,0.0,0.0,0.0,0.0,1.0965165584347671,0.0,0.0,0.0,0.0,1.7122678022918003,1.0965165584347671,1.0965165584347671,1.7122678022918003,0.0,1.0965165584347671,7.0803223624213905,4.500111916479898,1.0965165584347671,0.0,0.0,0.0,0.0,2.969061126476616,1.7122678022918003,0.0,0.0,3.981752886292094,0.0,0.0,8.186293845118112,11.456619135240624,0.0,0.0,11.547759446617196,0.0,0.0,0.0,4.082130720448063,1.7122678022918003,0.0,1.0965165584347671,0.0,2.142456728155914,0.0,0.0,0.0,3.8738653473383486,0.0,0.0,2.7424131849748266,0.0,0.0,0.0,0.0,0.0,0.0,2.473399883566827,0.0,5.391684894917456,0.0,0.0,6.066646665630463
GSM5016098,0.0,2.2326148444588183,1.7935076249118642,2.5687943436386096,1.7935076249118642,0.0,5.653385076008106,0.0,0.0,0.0,0.0,3.0703379497088705,2.2326148444588183,0.0,0.0,2.2326148444588183,1.7935076249118642,4.876051278000217,1.7935076249118642,0.0,6.488585868004173,0.0,10.195518995165234,1.159166387844346,1.159166387844346,0.0,0.0,0.0,7.300370879517099,7.219110590567774,3.441784604393238,0.0,5.151044447175354,0.0,2.2326148444588183,0.0,2.2326148444588183,1.159166387844346,6.546836762337044,0.0,2.2326148444588183,1.159166387844346,0.0,1.7935076249118642,0.0,1.7935076249118642,0.0,1.159166387844346,3.267982819797639,2.5687943436386096,0.0,0.0,0.0,0.0,1.159166387844346,0.0,2.5687943436386096,1.159166387844346,0.0,1.159166387844346,0.0,0.0,0.0,6.602826687423502,0.0,0.0,0.0,0.0,0.0,0.0,3.596881641099944,0.0,3.267982819797639,1.7935076249118642,7.450328491175721,0.0,2.841252070660649,0.0,0.0,0.0,6.602826687423502,1.159166387844346,1.7935076249118642,0.0,1.159166387844346,0.0,2.2326148444588183,0.0,2.2326148444588183,0.0,0.0,1.7935076249118642,2.2326148444588183,0.0,3.8645445563989265,1.159166387844346,0.0,4.191086358865526,1.159166387844346,2.2326148444588183,0.0,1.159166387844346,0.0,5.151044447175354,0.0,0.0,9.890864631631036,3.267982819797639,1.7935076249118642,0.0,3.0703379497088705,0.0,0.0,3.0703379497088705,0.0,0.0,0.0,2.841252070660649,2.841252070660649,4.457188393122079,1.159166387844346,2.5687943436386096,3.441784604393238,0.0,2.2326148444588183,3.441784604393238,0.0,1.159166387844346,0.0,1.159166387844346,0.0,2.2326148444588183,2.5687943436386096,0.0,5.82012167335094,0.0,1.7935076249118642,5.338605230573863,2.841252070660649,2.2326148444588183,1.159166387844346,2.2326148444588183,3.9817980232619408,2.5687943436386096,1.159166387844346,2.5687943436386096,0.0,0.0,1.159166387844346,0.0,1.7935076249118642,1.7935076249118642,2.5687943436386096,1.7935076249118642,4.285346888436045,3.9817980232619408,1.159166387844346,0.0,2.2326148444588183,0.0,6.508265322508029,2.5687943436386096,2.2326148444588183,0.0,4.74947811446978,1.159166387844346,4.090233988026023,1.7935076249118642,1.159166387844346,5.293951174663439,1.7935076249118642,3.596881641099944,0.0,0.0,2.5687943436386096,2.5687943436386096,0.0,1.159166387844346,5.423969319628262,6.2754461893475035,0.0,1.7935076249118642,2.841252070660649,1.159166387844346,0.0,3.0703379497088705,1.159166387844346,0.0,0.0,3.267982819797639,2.5687943436386096,0.0,0.0,0.0,1.159166387844346,1.159166387844346,1.159166387844346,1.159166387844346,1.7935076249118642,6.602826687423502,1.159166387844346,1.7935076249118642,4.457188393122079,0.0,0.0,0.0,0.0,2.2326148444588183,2.5687943436386096,1.159166387844346,0.0,2.2326148444588183,1.159166387844346,1.7935076249118642,3.8645445563989265,0.0,2.5687943436386096,6.488585868004173,0.0,0.0,1.159166387844346,2.841252070660649,3.0703379497088705,2.2326148444588183,0.0,0.0,0.0,3.0703379497088705,4.535997092818349,0.0,1.159166387844346,0.0,1.159166387844346,1.7935076249118642,0.0,0.0,0.0,1.7935076249118642,0.0,1.7935076249118642,2.5687943436386096,2.2326148444588183,0.0,1.159166387844346,7.081381162938225,4.373824666181121,1.7935076249118642,1.7935076249118642,0.0,0.0,1.159166387844346,1.159166387844346,0.0,0.0,0.0,0.0,1.159166387844346,1.159166387844346,5.911634229363791,9.986921445327988,1.159166387844346,0.0,10.335667030726622,0.0,1.159166387844346,0.0,1.159166387844346,1.7935076249118642,0.0,1.159166387844346,1.159166387844346,2.5687943436386096,2.2326148444588183,1.7935076249118642,2.841252070660649,5.100080050328356,0.0,0.0,0.0,0.0,0.0,0.0,0.0,0.0,3.0703379497088705,2.2326148444588183,1.159166387844346,4.373824666181121,1.159166387844346,0.0,4.285346888436045
GSM5016169,2.1868091530452407,4.554721899630908,0.0,2.7911103595844797,3.018980844358013,0.0,6.717272883485862,0.0,1.1271872598174089,0.0,0.0,3.018980844358013,5.665098044970414,0.0,0.0,0.0,0.0,5.486071066578597,0.0,0.0,8.173881355912394,0.0,5.99478795769275,4.878911197350761,3.9271279945405735,0.0,0.0,0.0,5.237030656965256,5.854184716112276,2.1868091530452407,2.1868091530452407,5.043377932688563,0.0,1.1271872598174089,0.0,0.0,0.0,1.7521701948438178,2.7911103595844797,4.9358422887267235,1.7521701948438178,0.0,2.1868091530452407,0.0,1.1271872598174089,1.7521701948438178,1.1271872598174089,0.0,1.1271872598174089,1.7521701948438178,1.1271872598174089,0.0,1.1271872598174089,0.0,1.1271872598174089,3.6829379647840352,0.0,1.1271872598174089,2.1868091530452407,2.5203715506633064,3.018980844358013,5.8834229984453845,10.293701250744348,8.351775232822243,0.0,0.0,0.0,3.388822800964222,9.574632720507545,4.229962308197474,0.0,3.54336241664956,1.7521701948438178,6.581139823699589,2.5203715506633064,0.0,0.0,1.1271872598174089,0.0,8.23753717627345,2.1868091530452407,5.143451105198888,3.215720862416408,2.1868091530452407,1.7521701948438178,0.0,0.0,1.7521701948438178,1.1271872598174089,0.0,0.0,0.0,1.7521701948438178,4.819640887189956,0.0,0.0,4.035291324928166,0.0,2.1868091530452407,1.7521701948438178,1.7521701948438178,1.1271872598174089,5.730919289990337,1.1271872598174089,0.0,7.879560398421192,2.1868091530452407,1.7521701948438178,0.0,1.1271872598174089,0.0,0.0,0.0,0.0,1.1271872598174089,1.1271872598174089,1.7521701948438178,1.7521701948438178,1.1271872598174089,1.1271872598174089,1.7521701948438178,1.1271872598174089,0.0,1.1271872598174089,3.9271279945405735,0.0,0.0,0.0,0.0,0.0,0.0,3.215720862416408,0.0,4.229962308197474,0.0,0.0,4.318258519578928,3.215720862416408,4.554721899630908,2.1868091530452407,2.5203715506633064,5.447436554242802,3.018980844358013,1.1271872598174089,1.7521701948438178,0.0,1.7521701948438178,1.7521701948438178,0.0,0.0,1.7521701948438178,1.7521701948438178,1.7521701948438178,0.0,2.1868091530452407,0.0,0.0,2.5203715506633064,0.0,7.936466375590575,1.1271872598174089,3.215720862416408,0.0,2.7911103595844797,1.1271872598174089,1.1271872598174089,1.7521701948438178,1.1271872598174089,4.318258519578928,1.1271872598174089,2.1868091530452407,1.7521701948438178,0.0,1.1271872598174089,0.0,0.0,3.6829379647840352,5.854184716112276,7.600246772937201,0.0,6.217775985139575,0.0,0.0,0.0,1.7521701948438178,0.0,0.0,0.0,4.625649930696289,1.7521701948438178,0.0,1.1271872598174089,0.0,0.0,0.0,0.0,5.1909994958183985,1.1271872598174089,4.480125675294977,0.0,0.0,5.237030656965256,4.035291324928166,2.1868091530452407,3.6829379647840352,2.7911103595844797,2.7911103595844797,4.480125675294977,3.54336241664956,4.99061181570932,3.215720862416408,1.1271872598174089,1.7521701948438178,4.480125675294977,0.0,1.1271872598174089,7.537254414122652,4.40146104930297,0.0,0.0,4.625649930696289,7.422424274101242,0.0,0.0,0.0,3.215720862416408,5.730919289990337,3.018980844358013,1.1271872598174089,0.0,0.0,1.1271872598174089,2.1868091530452407,1.7521701948438178,0.0,0.0,3.388822800964222,0.0,1.1271872598174089,0.0,0.0,2.5203715506633064,1.7521701948438178,4.819640887189956,1.1271872598174089,4.480125675294977,2.1868091530452407,0.0,3.215720862416408,1.1271872598174089,6.285052576361882,4.035291324928166,0.0,1.1271872598174089,1.1271872598174089,0.0,1.1271872598174089,5.730919289990337,8.747271591113122,0.0,0.0,8.197355180582274,0.0,0.0,0.0,1.1271872598174089,0.0,0.0,1.7521701948438178,1.1271872598174089,0.0,0.0,0.0,0.0,1.1271872598174089,0.0,1.1271872598174089,0.0,1.1271872598174089,1.1271872598174089,0.0,0.0,0.0,4.9358422887267235,1.1271872598174089,2.5203715506633064,3.018980844358013,2.1868091530452407,0.0,4.99061181570932
GSM5016172,5.2067148808994945,6.8691643298162415,2.1625583330646556,7.469007545949589,3.898046068906352,1.1103812252482843,7.2000392597169895,1.1103812252482843,0.0,0.0,1.7303372876337304,0.0,6.8691643298162415,0.0,0.0,1.1103812252482843,0.0,5.160710773494264,0.0,2.4946991650663697,7.87727453607951,7.993373731166599,5.013182027001528,4.288685646421552,2.7645021181401854,3.3606754382320436,3.514910279359032,0.0,5.667839829038598,3.187955888531683,0.0,3.514910279359032,2.7645021181401854,0.0,1.7303372876337304,3.898046068906352,0.0,3.514910279359032,1.1103812252482843,3.3606754382320436,1.7303372876337304,2.1625583330646556,0.0,0.0,0.0,2.1625583330646556,0.0,1.7303372876337304,0.0,2.1625583330646556,0.0,1.1103812252482843,1.1103812252482843,0.0,1.1103812252482843,2.4946991650663697,4.960451457431707,2.1625583330646556,2.7645021181401854,4.200488946200124,0.0,0.0,1.1103812252482843,2.1625583330646556,1.7303372876337304,0.0,0.0,3.187955888531683,4.106547383454013,4.371799812464086,8.782248660903068,2.7645021181401854,6.9114491761037895,5.2067148808994945,9.426899899169513,3.187955888531683,5.2945431182279075,3.654237214102313,5.336530301311465,4.200488946200124,3.514910279359032,1.1103812252482843,2.1625583330646556,0.0,3.898046068906352,0.0,0.0,1.1103812252482843,5.2067148808994945,2.9917098475923174,4.371799812464086,2.1625583330646556,1.1103812252482843,1.7303372876337304,2.7645021181401854,0.0,0.0,5.2067148808994945,1.1103812252482843,2.1625583330646556,3.898046068906352,1.7303372876337304,3.3606754382320436,6.653580495755317,2.1625583330646556,0.0,4.960451457431707,0.0,2.4946991650663697,1.1103812252482843,0.0,1.7303372876337304,1.1103812252482843,3.898046068906352,3.187955888531683,2.1625583330646556,0.0,2.1625583330646556,0.0,1.1103812252482843,2.9917098475923174,1.7303372876337304,1.7303372876337304,3.654237214102313,0.0,2.9917098475923174,1.7303372876337304,2.4946991650663697,1.1103812252482843,1.1103812252482843,2.9917098475923174,0.0,5.6345680102075,0.0,0.0,1.7303372876337304,0.0,5.990670220981087,4.371799812464086,3.3606754382320436,3.3606754382320436,4.371799812464086,5.73216636600213,3.3606754382320436,4.371799812464086,2.4946991650663697,2.7645021181401854,1.7303372876337304,1.7303372876337304,0.0,1.1103812252482843,0.0,0.0,0.0,1.1103812252482843,2.1625583330646556,2.4946991650663697,1.1103812252482843,3.654237214102313,2.4946991650663697,9.845659933568868,1.1103812252482843,3.898046068906352,0.0,4.905720227761379,1.1103812252482843,2.1625583330646556,3.187955888531683,0.0,0.0,0.0,1.7303372876337304,2.9917098475923174,2.4946991650663697,0.0,0.0,1.7303372876337304,4.59577445089358,10.663983776359371,8.56103488628563,2.1625583330646556,2.4946991650663697,2.1625583330646556,1.7303372876337304,2.9917098475923174,1.7303372876337304,1.1103812252482843,0.0,4.66331985951881,9.825529730737069,8.26201544457747,0.0,6.458234640483418,5.160710773494264,0.0,2.1625583330646556,2.4946991650663697,4.59577445089358,3.3606754382320436,8.166311974182921,2.1625583330646556,1.1103812252482843,0.0,4.727843800411758,2.7645021181401854,2.1625583330646556,2.9917098475923174,3.3606754382320436,2.1625583330646556,3.781285846868267,2.9917098475923174,3.514910279359032,1.1103812252482843,2.9917098475923174,7.80434509703835,4.200488946200124,1.1103812252482843,8.506904265771421,5.73216636600213,1.1103812252482843,3.514910279359032,5.793746736811555,9.089009781668212,4.006060083662031,2.7645021181401854,1.1103812252482843,1.7303372876337304,5.763285090540049,1.1103812252482843,0.0,0.0,2.7645021181401854,1.1103812252482843,6.477127554256089,1.7303372876337304,3.3606754382320436,2.1625583330646556,5.417007532087904,0.0,1.7303372876337304,2.4946991650663697,0.0,1.1103812252482843,0.0,4.106547383454013,1.7303372876337304,3.3606754382320436,1.1103812252482843,1.1103812252482843,4.727843800411758,0.0,9.63258523642746,7.381463768640923,1.1103812252482843,1.1103812252482843,1.7303372876337304,1.7303372876337304,2.1625583330646556,4.106547383454013,7.044066643393232,1.1103812252482843,1.1103812252482843,7.524551523397117,1.7303372876337304,5.064053058353564,0.0,1.1103812252482843,0.0,1.7303372876337304,2.1625583330646556,1.1103812252482843,1.1103812252482843,9.795738726326254,3.781285846868267,4.66331985951881,3.514910279359032,1.1103812252482843,1.7303372876337304,0.0,0.0,1.7303372876337304,0.0,1.1103812252482843,1.1103812252482843,5.336530301311465,0.0,7.87727453607951,4.106547383454013,4.59577445089358,3.3606754382320436,3.781285846868267
GSM5016181,1.5240338841830785,4.304467680965996,0.0,5.664267392824145,2.91949114075292,0.0,6.28380262404186,0.0,0.0,0.0,0.0,1.5240338841830785,5.664267392824145,0.0,0.0,0.0,0.0,4.371375999460473,0.0,3.375693266441713,7.098092046453436,3.239051647918929,6.908359338654543,3.375693266441713,2.508391007163694,1.9312711464532255,1.9312711464532255,0.0,6.416456855327979,4.234304784247042,0.9545464653875436,5.401585874812111,4.304467680965996,0.0,1.5240338841830785,0.0,0.0,2.508391007163694,2.508391007163694,2.2484987751913343,2.508391007163694,2.508391007163694,2.728534821226382,2.2484987751913343,0.9545464653875436,0.9545464653875436,0.0,0.0,0.0,0.0,0.9545464653875436,0.0,1.9312711464532255,0.0,0.0,2.728534821226382,4.910592581098024,1.9312711464532255,3.239051647918929,3.239051647918929,0.0,0.0,0.9545464653875436,4.71837249099962,0.0,0.0,0.0,1.9312711464532255,1.5240338841830785,1.5240338841830785,5.267491311536499,3.088101295393565,4.371375999460473,3.8208513088802585,7.291889640794495,1.5240338841830785,0.9545464653875436,1.9312711464532255,2.91949114075292,0.0,6.523297223095847,1.5240338841830785,1.9312711464532255,2.91949114075292,0.0,0.0,0.0,0.0,3.088101295393565,0.0,2.2484987751913343,0.0,0.0,0.9545464653875436,3.088101295393565,0.0,0.0,4.234304784247042,0.0,0.0,1.5240338841830785,0.0,0.0,5.5533772459223725,0.0,0.0,6.447798495332178,0.9545464653875436,2.91949114075292,0.9545464653875436,1.5240338841830785,0.0,0.0,1.5240338841830785,0.0,0.0,0.0,0.0,1.9312711464532255,0.0,3.375693266441713,1.9312711464532255,0.0,0.0,0.0,3.088101295393565,0.0,1.9312711464532255,0.0,1.5240338841830785,0.0,0.0,3.913564870313661,2.2484987751913343,0.0,0.0,0.0,3.8208513088802585,1.9312711464532255,3.913564870313661,3.088101295393565,3.088101295393565,5.464231539347252,2.91949114075292,2.508391007163694,1.9312711464532255,0.9545464653875436,0.0,0.0,0.0,2.2484987751913343,0.0,0.0,1.9312711464532255,0.0,5.302201412479372,0.0,0.0,6.368129549650886,0.0,7.580507108404517,0.0,4.304467680965996,0.0,2.2484987751913343,0.0,0.9545464653875436,0.9545464653875436,0.0,4.71837249099962,0.0,0.9545464653875436,3.239051647918929,2.2484987751913343,2.728534821226382,0.0,0.0,2.728534821226382,8.395719925603398,8.35083178653708,0.0,3.088101295393565,1.9312711464532255,0.0,1.9312711464532255,1.5240338841830785,0.9545464653875436,1.9312711464532255,0.9545464653875436,5.953453127987618,5.369212511499208,0.0,3.375693266441713,2.2484987751913343,2.508391007163694,0.0,0.0,5.195460663354002,0.0,5.996479374850235,0.0,0.0,4.7688813385474775,2.91949114075292,0.0,1.5240338841830785,1.9312711464532255,3.500505500614659,3.721767894329093,1.5240338841830785,2.91949114075292,0.0,0.0,3.088101295393565,5.690707519193649,2.508391007163694,1.5240338841830785,8.026898382017203,6.230734358674841,0.0,2.91949114075292,3.6153743516106336,3.500505500614659,0.0,0.0,0.0,0.9545464653875436,5.267491311536499,0.0,0.0,0.9545464653875436,0.0,0.0,3.721767894329093,0.0,0.0,2.2484987751913343,2.728534821226382,0.0,0.0,0.0,0.0,0.0,1.5240338841830785,5.464231539347252,0.0,0.0,0.9545464653875436,0.0,3.8208513088802585,2.508391007163694,4.7688813385474775,3.375693266441713,1.9312711464532255,0.0,0.0,1.9312711464532255,0.0,4.234304784247042,7.642771631522238,0.0,1.9312711464532255,7.537452554171319,0.0,0.9545464653875436,0.0,1.5240338841830785,0.0,2.2484987751913343,1.5240338841830785,0.0,0.0,5.039620545231188,2.91949114075292,3.239051647918929,3.375693266441713,0.9545464653875436,1.9312711464532255,0.9545464653875436,1.5240338841830785,0.0,0.0,0.0,0.0,5.195460663354002,0.0,4.611718755851771,0.9545464653875436,0.0,0.0,4.234304784247042
GSM5016119,2.816583104263916,3.916936211174115,6.868649064421541,5.054829710355123,3.179493837170124,0.0,6.7249039044464824,0.0,2.330542897982484,1.00539027726357,0.0,1.00539027726357,6.13989034939708,1.00539027726357,0.0,1.00539027726357,0.0,9.8671744539139,1.00539027726357,2.593935139989738,8.482405505612753,5.368050996291324,6.59561131495259,2.330542897982484,1.00539027726357,2.593935139989738,3.179493837170124,3.009419809709474,0.0,5.738478657559694,1.00539027726357,3.916936211174115,4.91729369267854,0.0,0.0,1.00539027726357,0.0,1.5921450709091798,2.008077882363823,1.00539027726357,4.097592578080522,2.816583104263916,0.0,6.534205914623407,1.00539027726357,2.008077882363823,1.00539027726357,0.0,1.00539027726357,4.469704732681605,4.097592578080522,0.0,3.009419809709474,0.0,0.0,3.469217192006305,5.469948441248827,0.0,2.330542897982484,7.461910340774488,1.00539027726357,2.816583104263916,3.469217192006305,6.868649064421541,1.00539027726357,0.0,0.0,1.00539027726357,3.469217192006305,4.097592578080522,8.941475859255908,3.469217192006305,7.200511619216813,2.593935139989738,7.2103599047074205,2.008077882363823,6.4863734613423745,2.008077882363823,3.009419809709474,1.00539027726357,6.668865825690852,2.008077882363823,4.097592578080522,2.330542897982484,2.816583104263916,1.00539027726357,1.00539027726357,0.0,1.5921450709091798,2.008077882363823,1.00539027726357,0.0,0.0,1.00539027726357,3.469217192006305,0.0,0.0,4.097592578080522,3.3316161403472027,6.7788464585927795,0.0,3.009419809709474,2.330542897982484,3.710375321574553,3.179493837170124,1.00539027726357,7.603161979788355,1.00539027726357,0.0,0.0,0.0,1.5921450709091798,1.00539027726357,3.5948293423117854,1.00539027726357,0.0,1.5921450709091798,2.008077882363823,2.330542897982484,0.0,2.008077882363823,1.5921450709091798,2.593935139989738,3.916936211174115,0.0,3.179493837170124,3.469217192006305,4.097592578080522,1.5921450709091798,0.0,1.00539027726357,0.0,3.179493837170124,1.5921450709091798,4.097592578080522,2.593935139989738,0.0,5.8932218252153445,3.469217192006305,6.054992169011318,1.5921450709091798,3.3316161403472027,5.710994030724592,2.816583104263916,3.710375321574553,2.008077882363823,1.00539027726357,1.00539027726357,2.816583104263916,1.00539027726357,5.8932218252153445,1.00539027726357,3.009419809709474,2.593935139989738,0.0,6.3856707534072115,2.008077882363823,0.0,7.588133188895527,0.0,8.160469860927543,2.816583104263916,5.054829710355123,1.00539027726357,5.219924084371708,0.0,2.593935139989738,2.330542897982484,0.0,3.3316161403472027,1.5921450709091798,1.00539027726357,1.5921450709091798,2.816583104263916,1.5921450709091798,1.5921450709091798,1.00539027726357,2.816583104263916,9.142598340944012,8.514556694761483,1.00539027726357,0.0,2.008077882363823,4.402567324336069,0.0,1.00539027726357,0.0,0.0,2.816583104263916,5.4028226411539055,3.179493837170124,0.0,2.330542897982484,1.00539027726357,1.00539027726357,3.5948293423117854,3.916936211174115,5.219924084371708,0.0,7.595667153925953,1.5921450709091798,0.0,2.008077882363823,2.008077882363823,1.00539027726357,1.00539027726357,1.00539027726357,1.00539027726357,2.330542897982484,1.5921450709091798,2.330542897982484,5.436775910140078,2.008077882363823,3.5948293423117854,7.0106767339882685,1.5921450709091798,2.008077882363823,9.055134305330157,7.0219046387017645,2.008077882363823,2.816583104263916,6.987955327988207,10.353937952584872,4.097592578080522,2.593935139989738,0.0,0.0,6.683080725606089,4.595276235719045,1.00539027726357,0.0,1.00539027726357,3.009419809709474,1.5921450709091798,2.330542897982484,1.00539027726357,2.330542897982484,4.8683717667236195,0.0,0.0,1.5921450709091798,0.0,1.5921450709091798,1.00539027726357,6.534205914623407,3.469217192006305,3.3316161403472027,0.0,0.0,2.330542897982484,2.330542897982484,4.710787823821779,2.816583104263916,1.00539027726357,1.5921450709091798,6.350478135466342,1.5921450709091798,1.5921450709091798,7.745419778564488,9.705975849656872,4.097592578080522,0.0,9.387954899322285,0.0,1.5921450709091798,0.0,1.5921450709091798,2.008077882363823,2.330542897982484,1.00539027726357,1.5921450709091798,0.0,4.010090305598134,6.7249039044464824,8.103478361316387,2.008077882363823,2.816583104263916,3.009419809709474,1.5921450709091798,0.0,1.5921450709091798,1.00539027726357,1.00539027726357,1.00539027726357,4.8683717667236195,1.00539027726357,5.180387670152137,2.593935139989738,3.5948293423117854,1.00539027726357,3.5948293423117854
GSM5016195,2.2171372086537886,5.869939328216043,0.935402910594821,6.4390898006890795,2.475635720669923,0.935402910594821,5.485310359229362,0.935402910594821,0.935402910594821,0.0,1.4981739104142011,2.2171372086537886,6.7269515554375605,1.4981739104142011,0.935402910594821,1.9019863266197523,0.0,4.730525315856772,0.0,0.935402910594821,6.527359170328129,5.041543641409078,9.118303111520497,3.464233198975778,2.694779464318698,2.694779464318698,3.0530065625116705,0.0,3.464233198975778,7.116615557375093,2.694779464318698,4.397347251674097,4.872098084509749,0.0,1.4981739104142011,4.573533063269498,0.935402910594821,1.9019863266197523,3.203486518579977,2.2171372086537886,5.119344234346998,4.122974460675532,0.0,1.9019863266197523,1.4981739104142011,2.694779464318698,0.0,0.0,0.0,3.578829555132452,0.935402910594821,0.0,0.0,0.0,0.0,2.8849832242304028,3.963362633488762,3.0530065625116705,4.730525315856772,3.0530065625116705,2.694779464318698,4.458497963610244,6.945618281870013,7.29484693199455,3.684989306808112,0.0,0.0,0.0,2.2171372086537886,4.627784307010925,2.2171372086537886,2.2171372086537886,4.916361462066266,5.001011258283891,8.540542029051368,0.0,6.469117011136537,2.694779464318698,8.519173442582979,2.2171372086537886,6.966819804436669,1.9019863266197523,5.570877507669759,0.935402910594821,4.397347251674097,3.0530065625116705,0.935402910594821,0.0,4.3334894097154955,0.935402910594821,0.0,0.0,1.9019863266197523,0.935402910594821,3.78386993494681,0.0,0.935402910594821,3.339742641829413,1.4981739104142011,1.9019863266197523,0.0,2.2171372086537886,2.475635720669923,4.916361462066266,0.0,2.2171372086537886,9.035436282027948,2.2171372086537886,0.0,0.0,2.694779464318698,0.935402910594821,1.4981739104142011,2.2171372086537886,0.935402910594821,0.935402910594821,0.0,1.4981739104142011,3.203486518579977,0.0,3.203486518579977,1.4981739104142011,1.4981739104142011,0.935402910594821,0.935402910594821,5.703094626856993,1.4981739104142011,4.517161768337251,1.4981739104142011,0.0,0.0,1.4981739104142011,4.397347251674097,1.4981739104142011,3.8764059305247303,1.4981739104142011,0.935402910594821,5.677602841869201,3.78386993494681,3.203486518579977,0.0,3.339742641829413,5.847253542930835,2.694779464318698,1.9019863266197523,1.4981739104142011,1.4981739104142011,1.4981739104142011,3.578829555132452,0.0,0.0,1.4981739104142011,0.935402910594821,0.0,0.0,2.475635720669923,0.935402910594821,0.935402910594821,3.8764059305247303,0.935402910594821,7.303205753962267,4.122974460675532,5.297258762811944,0.0,4.573533063269498,1.4981739104142011,3.578829555132452,2.8849832242304028,0.0,5.297258762811944,0.0,1.4981739104142011,1.9019863266197523,2.8849832242304028,0.0,0.935402910594821,0.0,3.578829555132452,11.071184062634444,8.260506817379802,0.0,6.361168181984971,0.935402910594821,2.475635720669923,0.0,0.0,0.935402910594821,1.9019863266197523,8.368005690299213,7.286439397527275,5.625226843846988,1.4981739104142011,3.78386993494681,2.694779464318698,0.935402910594821,1.9019863266197523,2.2171372086537886,8.47915623693421,2.475635720669923,11.011221765805873,3.963362633488762,2.2171372086537886,2.8849832242304028,3.203486518579977,0.0,1.9019863266197523,1.4981739104142011,2.475635720669923,3.203486518579977,4.122974460675532,3.0530065625116705,5.001011258283891,1.4981739104142011,2.8849832242304028,5.935931782346572,2.475635720669923,0.935402910594821,8.247571473369375,4.730525315856772,2.2171372086537886,2.475635720669923,7.21735475748861,10.624413698302613,3.464233198975778,0.0,0.0,0.935402910594821,8.57891421284368,4.680069201237992,0.935402910594821,0.0,0.935402910594821,0.0,2.475635720669923,1.9019863266197523,1.4981739104142011,2.475635720669923,3.464233198975778,1.4981739104142011,0.0,0.0,0.0,1.4981739104142011,0.0,6.173309820811594,4.730525315856772,4.045374743864218,0.935402910594821,0.0,1.4981739104142011,2.694779464318698,3.78386993494681,1.4981739104142011,0.0,0.0,3.203486518579977,0.0,0.0,6.312311578101549,9.789761020658563,3.203486518579977,1.9019863266197523,9.729013128906866,0.0,3.963362633488762,0.935402910594821,2.694779464318698,1.4981739104142011,0.0,1.4981739104142011,1.9019863266197523,0.0,9.838021277868602,4.3334894097154955,5.263387930953879,5.193163064467858,1.9019863266197523,0.0,1.4981739104142011,0.0,1.4981739104142011,0.935402910594821,0.0,1.9019863266197523,5.0809683209580365,4.517161768337251,4.730525315856772,3.464233198975778,4.3334894097154955,0.935402910594821,6.295651323682103
GSM5016104,2.1855631217504383,7.488926044715089,1.1263216375516445,6.305221800375719,2.1855631217504383,0.0,8.24722347149883,1.7510475083656414,0.0,0.0,0.0,0.0,6.666134832350356,2.789744258048309,1.7510475083656414,0.0,0.0,5.041829458084641,1.7510475083656414,1.1263216375516445,9.966717631449098,8.996838389442438,3.387378407978146,4.553192957289193,3.541902529905643,3.6814654416358534,3.925636101224976,0.0,1.1263216375516445,4.9890651459893665,1.7510475083656414,7.498395980692633,3.2142959132435704,0.0,0.0,4.756292990152563,0.0,2.5190530926648793,0.0,2.1855631217504383,6.9952870877215325,3.2142959132435704,0.0,2.1855631217504383,5.28008257856927,4.87736857327629,0.0,0.0,1.1263216375516445,4.553192957289193,1.1263216375516445,2.5190530926648793,0.0,0.0,0.0,3.541902529905643,6.045831534348614,3.0175810203115723,4.228450528315397,6.884090204652347,3.0175810203115723,4.818100540436499,7.7410798974574355,6.448901779573138,1.1263216375516445,0.0,0.0,0.0,1.7510475083656414,6.045831534348614,6.940759704782177,2.5190530926648793,6.7636015811041235,5.729352448036944,10.97704625312647,3.387378407978146,7.948758471585029,3.0175810203115723,12.243821374794434,2.5190530926648793,7.217975123733737,1.1263216375516445,3.6814654416358534,1.1263216375516445,5.852615410483228,0.0,1.1263216375516445,1.1263216375516445,6.666134832350356,2.5190530926648793,2.1855631217504383,0.0,0.0,3.0175810203115723,3.541902529905643,0.0,1.7510475083656414,5.365359715948127,3.2142959132435704,1.7510475083656414,1.1263216375516445,3.6814654416358534,4.228450528315397,7.440620880875931,2.5190530926648793,0.0,2.5190530926648793,0.0,2.1855631217504383,0.0,0.0,1.1263216375516445,0.0,3.387378407978146,1.7510475083656414,2.1855631217504383,1.1263216375516445,0.0,1.1263216375516445,1.1263216375516445,3.2142959132435704,0.0,0.0,6.409289458363853,1.1263216375516445,7.563000116004621,2.5190530926648793,5.141899383680613,1.7510475083656414,0.0,1.1263216375516445,1.1263216375516445,6.468307402075554,1.7510475083656414,1.1263216375516445,3.808710237617463,0.0,4.87736857327629,3.387378407978146,3.541902529905643,1.7510475083656414,5.141899383680613,8.826848783721248,4.87736857327629,3.0175810203115723,0.0,3.2142959132435704,0.0,3.925636101224976,0.0,0.0,0.0,0.0,0.0,0.0,1.1263216375516445,0.0,0.0,3.925636101224976,0.0,7.624834838754785,2.1855631217504383,4.93429756356153,0.0,4.033791845164216,1.1263216375516445,1.7510475083656414,4.399939726430216,0.0,1.1263216375516445,0.0,0.0,4.399939726430216,3.541902529905643,0.0,0.0,0.0,6.145633618663904,11.35871104024208,10.08457481674638,1.1263216375516445,7.633455931483289,0.0,0.0,2.5190530926648793,0.0,0.0,3.0175810203115723,9.0460992514003,10.751099588454334,8.213121704233565,0.0,6.869568055664861,5.141899383680613,0.0,0.0,0.0,4.818100540436499,1.1263216375516445,11.53239732920524,4.228450528315397,0.0,2.5190530926648793,3.541902529905643,1.1263216375516445,2.5190530926648793,2.5190530926648793,1.7510475083656414,3.925636101224976,3.808710237617463,3.808710237617463,6.809971969334842,0.0,7.206465296775352,5.993216087214016,3.541902529905643,0.0,9.590853418985024,4.478600340524372,1.1263216375516445,1.1263216375516445,7.962508657782385,11.267500079993416,1.1263216375516445,2.1855631217504383,0.0,2.1855631217504383,8.963037828951725,1.7510475083656414,1.1263216375516445,0.0,2.5190530926648793,1.1263216375516445,2.789744258048309,1.7510475083656414,3.0175810203115723,0.0,7.034871383655016,1.1263216375516445,0.0,2.5190530926648793,0.0,0.0,1.1263216375516445,3.0175810203115723,0.0,1.1263216375516445,0.0,0.0,4.93429756356153,1.1263216375516445,4.93429756356153,2.789744258048309,1.1263216375516445,0.0,1.7510475083656414,0.0,1.1263216375516445,4.033791845164216,6.326644551290532,2.5190530926648793,4.399939726430216,6.071436739321466,2.789744258048309,5.484509789220993,0.0,0.0,0.0,0.0,3.0175810203115723,3.387378407978146,0.0,11.21605399611528,6.34775384214961,7.650545088535117,2.5190530926648793,0.0,2.789744258048309,0.0,1.1263216375516445,4.033791845164216,1.7510475083656414,0.0,0.0,5.365359715948127,0.0,6.682843456860478,1.1263216375516445,4.228450528315397,1.7510475083656414,1.7510475083656414
GSM5016198,2.5867364830749637,5.730008840127867,3.323843901640223,6.131381148869838,2.8091795575830103,0.0,9.060116249445928,2.3236311598130226,0.0,0.0,1.5863818610687637,0.0,5.211524396621348,0.0,2.3236311598130226,0.0,0.0,7.571972931038869,1.0010646511520271,2.5867364830749637,7.131396341594137,5.131350762941258,7.763669948021879,8.115863004730306,6.428368539752375,0.0,0.0,0.0,4.809407474849608,8.950491443229376,1.5863818610687637,5.131350762941258,6.191923939527989,1.0010646511520271,1.5863818610687637,0.0,0.0,0.0,3.323843901640223,2.001596682246701,4.171935350049538,4.0894662384616485,1.0010646511520271,2.3236311598130226,0.0,1.0010646511520271,0.0,2.8091795575830103,0.0,0.0,0.0,0.0,2.8091795575830103,0.0,0.0,2.001596682246701,3.4613667640007604,0.0,0.0,5.525644234533777,1.0010646511520271,1.5863818610687637,4.171935350049538,6.305882341749433,3.5869137613954383,0.0,0.0,0.0,4.001995576850867,11.10344670352182,7.702558009607735,2.3236311598130226,6.377142322455653,2.8091795575830103,8.221289900249246,5.002062048563434,3.001862624237039,3.323843901640223,4.001995576850867,0.0,7.230933027987649,4.587002392387362,0.0,0.0,2.001596682246701,0.0,0.0,0.0,3.5869137613954383,2.5867364830749637,0.0,3.171817171763509,4.587002392387362,2.001596682246701,0.0,1.5863818610687637,0.0,4.756937241381564,0.0,2.001596682246701,3.171817171763509,0.0,2.001596682246701,6.324030025008308,0.0,2.001596682246701,8.993646184603744,3.001862624237039,0.0,0.0,1.0010646511520271,0.0,0.0,0.0,0.0,0.0,0.0,0.0,2.001596682246701,3.5869137613954383,5.359628644123132,0.0,2.8091795575830103,2.5867364830749637,2.8091795575830103,3.7024046147070058,2.001596682246701,1.5863818610687637,0.0,2.3236311598130226,0.0,0.0,3.171817171763509,0.0,2.001596682246701,1.0010646511520271,0.0,4.3239502607907765,3.171817171763509,5.979374679242106,2.3236311598130226,0.0,5.428343807165183,4.24994408169245,1.5863818610687637,3.908877309332971,0.0,2.5867364830749637,2.8091795575830103,0.0,1.0010646511520271,0.0,1.5863818610687637,2.001596682246701,0.0,5.587046705841538,1.0010646511520271,0.0,2.5867364830749637,0.0,8.328551378314947,5.908983663256404,4.6458996265673544,0.0,3.7024046147070058,0.0,0.0,3.323843901640223,1.0010646511520271,5.55667211397274,0.0,1.5863818610687637,3.4613667640007604,2.001596682246701,2.5867364830749637,0.0,0.0,4.0894662384616485,7.151860658134742,8.719799888138478,1.5863818610687637,3.323843901640223,0.0,0.0,0.0,0.0,4.9089482128197295,0.0,0.0,7.359667552579341,5.002062048563434,1.0010646511520271,2.5867364830749637,2.5867364830749637,0.0,3.7024046147070058,3.5869137613954383,3.171817171763509,4.461463453165597,7.501962653155986,0.0,0.0,1.0010646511520271,7.191938507884298,4.860036167448972,3.809331506428052,3.809331506428052,5.461511795318089,6.525667354087379,6.631463652811863,6.428368539752375,4.394344653208053,0.0,0.0,5.394395297489022,1.0010646511520271,0.0,8.477855973595021,0.0,0.0,0.0,5.730008840127867,8.385826441566278,0.0,1.0010646511520271,1.5863818610687637,4.809407474849608,6.477838049692003,7.024479969012205,0.0,2.001596682246701,2.5867364830749637,0.0,6.23091884812657,0.0,1.5863818610687637,0.0,4.394344653208053,0.0,0.0,1.5863818610687637,1.0010646511520271,0.0,0.0,6.250028044230299,0.0,0.0,2.001596682246701,0.0,0.0,0.0,3.171817171763509,0.0,1.5863818610687637,0.0,3.323843901640223,0.0,0.0,6.932848420672631,10.070904814799205,5.131350762941258,0.0,10.453338109796576,0.0,0.0,1.0010646511520271,3.001862624237039,0.0,0.0,2.8091795575830103,0.0,0.0,5.674512153723265,4.860036167448972,6.41149443021883,3.5869137613954383,1.0010646511520271,0.0,0.0,1.5863818610687637,2.3236311598130226,0.0,0.0,0.0,7.7900214523746,3.4613667640007604,5.428343807165183,4.171935350049538,1.5863818610687637,0.0,5.55667211397274
GSM5016115,0.0,0.914800056841622,2.8474266051024815,0.0,2.183083448542602,0.0,6.03622784865853,0.0,0.0,0.0,1.870235806066524,3.3005744324380477,0.0,0.0,0.0,0.914800056841622,0.0,5.827168380901293,0.0,0.0,4.2254411709287005,0.0,9.658926734316797,1.870235806066524,1.4702065302657046,0.0,0.0,0.0,0.914800056841622,7.713782636812389,1.870235806066524,0.0,6.148513468731501,0.0,0.0,2.183083448542602,0.0,0.914800056841622,0.914800056841622,0.0,0.0,0.0,0.0,2.8474266051024815,0.0,0.0,0.0,0.914800056841622,0.914800056841622,0.914800056841622,0.0,0.0,0.0,0.0,0.0,0.0,3.1647492643228703,0.0,0.0,0.0,0.0,0.0,0.0,7.138308948560961,4.874297719012074,0.914800056841622,0.0,0.0,0.0,3.014794846410056,0.0,0.0,3.835885332407881,0.0,4.958864206083787,0.0,0.0,0.0,0.0,0.0,8.246860554248093,3.835885332407881,0.0,0.0,0.0,1.4702065302657046,0.0,0.0,0.0,0.914800056841622,0.0,0.914800056841622,1.870235806066524,0.914800056841622,7.209074019832122,0.914800056841622,0.0,3.3005744324380477,0.0,4.155494051904109,0.0,1.4702065302657046,0.914800056841622,2.658062146234652,0.0,2.658062146234652,9.774266666076365,3.743548225266918,0.914800056841622,0.0,1.870235806066524,0.0,0.0,2.440032311420527,0.0,0.0,0.0,1.4702065302657046,3.743548225266918,0.914800056841622,0.0,0.914800056841622,1.4702065302657046,0.914800056841622,0.914800056841622,2.183083448542602,0.0,0.0,0.0,0.0,0.0,1.870235806066524,1.870235806066524,0.914800056841622,5.382811009086613,0.0,1.870235806066524,5.351870321979788,3.835885332407881,0.0,3.424705191780922,3.3005744324380477,3.3005744324380477,1.870235806066524,0.0,1.4702065302657046,0.0,2.183083448542602,1.870235806066524,0.0,2.183083448542602,0.914800056841622,3.424705191780922,3.538996627716788,0.0,1.870235806066524,3.835885332407881,0.914800056841622,0.0,1.4702065302657046,2.183083448542602,4.999358395011986,0.0,0.914800056841622,5.758049044772418,1.870235806066524,4.531861398628099,1.4702065302657046,2.183083448542602,4.999358395011986,1.870235806066524,1.4702065302657046,0.914800056841622,0.0,1.4702065302657046,1.870235806066524,0.0,0.0,3.1647492643228703,3.743548225266918,1.4702065302657046,5.804494564712989,0.914800056841622,1.870235806066524,0.0,1.870235806066524,0.0,0.0,1.4702065302657046,1.870235806066524,0.0,0.0,0.0,0.0,2.183083448542602,0.0,0.914800056841622,0.0,0.0,4.155494051904109,0.0,3.9226663914113944,4.475563958005831,2.8474266051024815,0.0,0.0,0.914800056841622,1.870235806066524,1.870235806066524,2.440032311420527,0.914800056841622,2.658062146234652,0.0,0.914800056841622,0.0,0.0,0.914800056841622,7.379833656362989,1.4702065302657046,0.0,0.914800056841622,1.4702065302657046,1.870235806066524,0.0,0.0,0.0,0.914800056841622,0.914800056841622,5.710058396104014,0.0,0.0,0.914800056841622,1.4702065302657046,0.914800056841622,0.0,0.914800056841622,0.0,0.914800056841622,2.183083448542602,1.870235806066524,1.4702065302657046,0.914800056841622,0.914800056841622,0.914800056841622,6.285804931488678,2.8474266051024815,0.914800056841622,0.0,0.0,0.0,0.914800056841622,0.0,0.0,0.0,0.0,3.644894671209765,0.0,0.914800056841622,7.447251236213287,11.660747005252723,0.0,0.0,11.304601725239136,0.0,0.0,0.0,3.014794846410056,2.440032311420527,0.914800056841622,0.0,0.0,2.183083448542602,0.0,0.0,0.0,4.784463835336136,0.914800056841622,0.0,0.0,0.0,0.0,0.0,0.0,0.0,0.0,1.870235806066524,0.0,4.355916322314502,0.914800056841622,0.0,4.830079887432713
GSM5016061,3.7213956191548623,6.491669259068205,1.1499233150847548,6.837551645750397,2.8268240259576514,1.1499233150847548,7.0382083947485965,1.7815871619604828,1.1499233150847548,0.0,0.0,1.7815871619604828,5.8652751624968,2.554855011169852,2.554855011169852,1.1499233150847548,0.0,5.322240827242716,1.7815871619604828,3.7213956191548623,9.23648393565167,4.919173385342821,0.0,5.365541818679254,5.365541818679254,3.848921428315867,4.269430795800179,0.0,2.219420390759202,3.581494535921456,0.0,5.134737939769934,3.581494535921456,0.0,0.0,0.0,0.0,1.7815871619604828,0.0,3.2529525335564116,4.919173385342821,1.1499233150847548,0.0,2.554855011169852,1.1499233150847548,3.2529525335564116,0.0,0.0,1.1499233150847548,1.1499233150847548,1.1499233150847548,0.0,2.8268240259576514,0.0,0.0,1.7815871619604828,5.322240827242716,3.581494535921456,1.1499233150847548,2.8268240259576514,0.0,0.0,0.0,10.872394211191434,5.0309780749197515,0.0,0.0,4.5946320774348965,3.966084509024724,7.3060954921179935,10.795320178927682,1.7815871619604828,6.212204718109513,0.0,9.96312608223464,5.083790618679736,3.966084509024724,3.2529525335564116,5.895133123379075,0.0,6.139227917217461,0.0,1.1499233150847548,1.1499233150847548,4.519943020910389,0.0,0.0,1.1499233150847548,6.008744390330142,2.554855011169852,3.2529525335564116,0.0,0.0,0.0,4.441175151062761,0.0,1.1499233150847548,6.622369313709389,1.1499233150847548,3.0555646030214128,4.441175151062761,2.8268240259576514,3.581494535921456,9.337802785865344,3.2529525335564116,0.0,0.0,0.0,2.554855011169852,1.1499233150847548,1.1499233150847548,1.7815871619604828,1.1499233150847548,5.834786179806627,1.1499233150847548,1.1499233150847548,1.7815871619604828,0.0,0.0,1.7815871619604828,1.1499233150847548,0.0,1.1499233150847548,0.0,0.0,6.304097438735411,1.7815871619604828,1.7815871619604828,1.1499233150847548,0.0,0.0,0.0,5.636938924247204,2.219420390759202,0.0,2.8268240259576514,0.0,5.7718043485257216,3.7213956191548623,4.5946320774348965,0.0,4.357857110161512,6.7089705196373615,3.0555646030214128,4.441175151062761,1.1499233150847548,4.919173385342821,1.1499233150847548,1.1499233150847548,0.0,1.7815871619604828,0.0,0.0,0.0,0.0,2.219420390759202,0.0,0.0,6.89778540182627,0.0,9.932858156839648,0.0,6.452043354311199,1.1499233150847548,4.797970744738966,1.1499233150847548,1.7815871619604828,4.269430795800179,1.1499233150847548,0.0,0.0,1.7815871619604828,1.1499233150847548,1.1499233150847548,0.0,0.0,2.554855011169852,3.848921428315867,6.926984743351212,9.176960867165944,1.7815871619604828,7.294939456364461,0.0,0.0,1.1499233150847548,0.0,1.7815871619604828,2.8268240259576514,0.0,8.69859055582564,8.43455709409696,0.0,7.317165922305439,5.4881536372044994,0.0,0.0,0.0,3.966084509024724,0.0,7.876836332063786,2.554855011169852,0.0,3.0555646030214128,5.0309780749197515,2.219420390759202,3.848921428315867,3.4265556707207057,3.2529525335564116,5.526813031486317,4.269430795800179,5.322240827242716,5.365541818679254,1.7815871619604828,0.0,8.078970757245697,3.966084509024724,2.219420390759202,10.021820989852117,8.780859788402967,1.1499233150847548,1.7815871619604828,3.848921428315867,5.981169278499924,2.554855011169852,0.0,1.1499233150847548,2.8268240259576514,5.322240827242716,0.0,1.1499233150847548,0.0,2.554855011169852,0.0,6.7256839771641035,3.4265556707207057,4.919173385342821,1.7815871619604828,5.407580957127939,1.1499233150847548,0.0,1.1499233150847548,0.0,1.1499233150847548,0.0,3.0555646030214128,2.219420390759202,2.219420390759202,0.0,1.1499233150847548,1.1499233150847548,3.0555646030214128,5.895133123379075,3.581494535921456,1.1499233150847548,0.0,1.1499233150847548,1.7815871619604828,1.7815871619604828,3.581494535921456,6.163965952464481,5.7718043485257216,4.269430795800179,6.062362087736508,1.7815871619604828,6.32618433281191,0.0,0.0,0.0,1.7815871619604828,2.554855011169852,3.848921428315867,0.0,6.8220918971640545,3.2529525335564116,4.175228676808768,2.8268240259576514,0.0,2.219420390759202,1.1499233150847548,2.554855011169852,3.848921428315867,1.7815871619604828,1.7815871619604828,1.1499233150847548,5.601156256200586,1.1499233150847548,7.141467676624327,1.7815871619604828,4.357857110161512,2.554855011169852,2.554855011169852
GSM5016179,2.157296913515846,7.956788344096583,2.6302130634848955,6.5613434968414115,1.846227367449515,0.8993270147811937,7.114430719582962,0.0,0.0,1.4491077835958082,1.4491077835958082,1.4491077835958082,6.317101598527278,0.0,1.4491077835958082,0.0,2.985785600638169,4.606459054027529,0.8993270147811937,4.443918029489151,8.592502223295122,6.3784005077333745,5.7017305399610265,6.348076596085203,5.495854422406768,0.0,0.0,0.0,5.860538682187042,5.188757914847299,1.846227367449515,5.550142573865071,4.554287290778801,0.0,0.0,2.6302130634848955,0.0,2.41304661509884,3.2708214997974485,2.41304661509884,6.115833565732805,0.0,1.846227367449515,0.0,1.4491077835958082,0.0,0.0,0.0,2.157296913515846,6.348076596085203,2.41304661509884,0.0,3.1353315137916096,0.0,0.0,3.61442059305847,5.222581236773702,1.846227367449515,1.846227367449515,8.323087267995405,2.41304661509884,3.3946722843754356,6.115833565732805,5.0822528219188845,3.712897263168129,0.0,0.0,0.0,3.891723571482074,10.398572811487169,6.992299085753848,1.4491077835958082,11.042673020641582,4.842288115536984,8.624481288763453,3.712897263168129,4.050808378041428,2.8189262010181495,10.72858685559596,0.0,7.710890207822024,0.0,7.624973981925587,4.656809806088782,4.194080285848107,2.157296913515846,0.0,2.8189262010181495,3.3946722843754356,0.8993270147811937,0.8993270147811937,0.0,2.157296913515846,3.1353315137916096,2.985785600638169,0.0,1.4491077835958082,5.006614245471634,0.8993270147811937,1.846227367449515,2.6302130634848955,2.985785600638169,2.985785600638169,7.011774757629091,0.8993270147811937,0.0,7.399581001091199,0.8993270147811937,1.4491077835958082,0.0,0.0,0.0,0.0,1.846227367449515,2.157296913515846,0.0,0.0,0.8993270147811937,2.8189262010181495,0.0,4.385396610709979,0.0,0.8993270147811937,4.324400598725536,0.8993270147811937,4.385396610709979,2.41304661509884,3.1353315137916096,0.0,0.8993270147811937,0.0,0.0,5.350461976803916,0.0,0.8993270147811937,2.6302130634848955,0.0,4.656809806088782,2.6302130634848955,6.203131437043018,0.8993270147811937,2.8189262010181495,5.983998912893387,4.124222116711351,2.8189262010181495,2.41304661509884,0.0,0.0,1.846227367449515,0.0,0.0,0.0,0.0,0.8993270147811937,1.4491077835958082,0.0,0.8993270147811937,1.4491077835958082,0.8993270147811937,0.0,7.69892530162412,1.4491077835958082,4.50015783847492,0.0,2.157296913515846,0.0,1.846227367449515,3.1353315137916096,0.0,2.985785600638169,0.0,1.4491077835958082,1.846227367449515,3.3946722843754356,0.0,0.0,0.0,4.50015783847492,8.643333916295363,9.37259241589364,0.0,5.902876925253913,0.0,0.0,2.41304661509884,0.0,0.0,0.0,7.158782307150245,8.07722091121314,5.748915711519033,0.0,3.508726351024763,1.846227367449515,0.0,3.712897263168129,3.891723571482074,4.926789555190265,2.157296913515846,8.03976515565575,0.8993270147811937,0.0,1.4491077835958082,5.550142573865071,1.4491077835958082,2.8189262010181495,3.508726351024763,3.712897263168129,5.410388392056449,5.495854422406768,5.0822528219188845,5.006614245471634,0.8993270147811937,4.2607114403542745,6.151389075582488,2.41304661509884,0.0,9.240568600955326,6.97255690000011,0.0,2.157296913515846,8.536456125720928,11.669975384026902,1.846227367449515,0.0,1.4491077835958082,3.712897263168129,8.915622506044498,1.4491077835958082,0.0,0.0,0.0,0.0,4.385396610709979,1.4491077835958082,2.157296913515846,0.8993270147811937,5.0449291806395005,0.0,0.0,5.287938064549581,0.0,0.0,0.0,4.2607114403542745,1.846227367449515,2.985785600638169,1.4491077835958082,0.0,0.0,1.4491077835958082,4.798105843230317,2.985785600638169,0.0,0.0,0.0,1.4491077835958082,1.846227367449515,3.61442059305847,7.315881500212143,3.3946722843754356,0.0,8.011021042592274,1.4491077835958082,2.985785600638169,0.8993270147811937,2.6302130634848955,0.0,2.6302130634848955,0.8993270147811937,0.0,0.8993270147811937,6.699860987270207,4.885157423547477,5.902876925253913,2.985785600638169,2.8189262010181495,2.985785600638169,2.157296913515846,0.0,0.0,0.0,0.0,0.0,7.315881500212143,0.0,6.022911104471758,2.157296913515846,4.705462392881987,1.4491077835958082,3.805079401443917
GSM5016038,2.2211752933550346,3.057530436687435,4.443306767906423,4.522080099106078,2.8287437121654104,1.1511512116871896,6.090643314562716,1.1511512116871896,0.0,0.0,1.1511512116871896,2.2211752933550346,5.528999001481795,1.1511512116871896,0.0,1.783172012429179,0.0,6.885176562635552,0.0,3.4285824053910288,8.902001139097763,2.8287437121654104,7.678720143201389,5.674046126618667,4.177339487358138,0.0,0.0,0.0,3.057530436687435,6.166169212322524,3.2549527118022663,3.583542418208171,4.076545040012882,0.0,0.0,1.1511512116871896,0.0,1.1511512116871896,2.8287437121654104,2.2211752933550346,4.596774065879092,1.1511512116871896,1.1511512116871896,3.9681760387298817,0.0,1.783172012429179,2.2211752933550346,0.0,2.2211752933550346,0.0,0.0,0.0,1.1511512116871896,1.1511512116871896,0.0,1.1511512116871896,4.8001248818179,1.1511512116871896,1.783172012429179,5.186120285033833,1.1511512116871896,2.2211752933550346,3.723460739961608,3.851000870728269,0.0,0.0,0.0,1.1511512116871896,2.2211752933550346,2.556709400387015,3.583542418208171,0.0,7.34127575982805,2.556709400387015,8.06155197066107,1.1511512116871896,1.1511512116871896,1.1511512116871896,1.1511512116871896,1.1511512116871896,7.251651819178451,2.8287437121654104,5.867471259664874,3.851000870728269,2.2211752933550346,0.0,0.0,0.0,3.9681760387298817,1.783172012429179,1.783172012429179,1.1511512116871896,0.0,0.0,3.2549527118022663,1.1511512116871896,0.0,2.8287437121654104,0.0,4.862001995954109,0.0,2.8287437121654104,1.783172012429179,3.583542418208171,0.0,2.2211752933550346,7.930507766245401,2.8287437121654104,2.8287437121654104,0.0,1.1511512116871896,0.0,1.1511512116871896,3.723460739961608,1.1511512116871896,0.0,0.0,1.1511512116871896,2.2211752933550346,1.783172012429179,0.0,1.1511512116871896,1.783172012429179,0.0,0.0,2.8287437121654104,1.1511512116871896,1.1511512116871896,1.783172012429179,1.783172012429179,0.0,0.0,2.556709400387015,0.0,2.2211752933550346,0.0,1.1511512116871896,5.2797767188373514,3.4285824053910288,5.490338291930247,2.8287437121654104,2.8287437121654104,5.233708363473428,1.1511512116871896,3.723460739961608,2.8287437121654104,0.0,0.0,2.556709400387015,0.0,4.862001995954109,1.783172012429179,2.556709400387015,1.783172012429179,0.0,3.2549527118022663,1.1511512116871896,1.1511512116871896,3.057530436687435,0.0,8.181677906634455,2.556709400387015,2.8287437121654104,0.0,4.978321989291912,0.0,3.2549527118022663,2.2211752933550346,1.1511512116871896,2.2211752933550346,1.783172012429179,2.556709400387015,3.4285824053910288,0.0,1.1511512116871896,1.1511512116871896,0.0,3.2549527118022663,5.566650679070473,8.709260882911526,1.1511512116871896,0.0,1.783172012429179,1.1511512116871896,0.0,1.1511512116871896,1.1511512116871896,0.0,2.2211752933550346,6.010944113102082,5.13690878641069,1.783172012429179,3.851000870728269,2.2211752933550346,1.783172012429179,1.1511512116871896,1.1511512116871896,4.596774065879092,1.1511512116871896,5.8973300050800725,1.783172012429179,0.0,1.783172012429179,5.367722060908089,2.8287437121654104,4.2715494185906975,4.2715494185906975,2.8287437121654104,5.0331441824175505,5.0331441824175505,4.921333989926339,3.4285824053910288,0.0,1.1511512116871896,5.409762754671856,2.2211752933550346,3.4285824053910288,7.721075903556963,7.168386515599511,1.1511512116871896,2.2211752933550346,6.166169212322524,9.711743634902405,1.1511512116871896,0.0,1.1511512116871896,3.4285824053910288,6.30630358086264,2.8287437121654104,1.1511512116871896,1.1511512116871896,1.783172012429179,1.783172012429179,3.2549527118022663,0.0,1.1511512116871896,1.783172012429179,3.723460739961608,1.1511512116871896,0.0,1.783172012429179,1.1511512116871896,2.556709400387015,0.0,6.261087837747292,2.556709400387015,2.8287437121654104,1.1511512116871896,1.1511512116871896,0.0,0.0,3.2549527118022663,1.783172012429179,1.1511512116871896,1.1511512116871896,4.359982616253522,0.0,1.1511512116871896,6.064563075566719,8.692328595173713,1.783172012429179,0.0,8.683787340864567,0.0,0.0,1.1511512116871896,0.0,1.783172012429179,1.783172012429179,1.783172012429179,1.783172012429179,0.0,5.367722060908089,2.2211752933550346,3.9681760387298817,5.0331441824175505,1.783172012429179,1.1511512116871896,0.0,0.0,1.1511512116871896,0.0,0.0,1.1511512116871896,4.735474470821434,2.2211752933550346,3.057530436687435,1.783172012429179,1.1511512116871896,0.0,3.057530436687435
GSM5016033,0.0,4.267380121913385,9.315476644154437,0.9715477875375372,0.9715477875375372,0.0,5.8261597017824815,0.0,0.0,0.0,0.0,2.949834231895078,0.0,0.0,0.0,0.0,1.5469001423996391,11.379255839951556,1.5469001423996391,0.9715477875375372,4.193533527588717,0.0,7.750139815896723,0.9715477875375372,0.9715477875375372,0.0,0.0,0.0,1.5469001423996391,8.1715372790182,0.9715477875375372,0.0,6.512995854080858,0.0,1.5469001423996391,0.9715477875375372,0.0,0.0,2.537225551475364,0.0,0.9715477875375372,0.0,0.0,6.987361416408176,0.0,0.0,2.7582305770532316,0.9715477875375372,0.9715477875375372,0.0,0.0,0.0,0.0,0.0,0.0,0.0,1.9571084558247105,0.0,1.5469001423996391,0.0,0.0,2.7582305770532316,0.9715477875375372,8.79751816840952,0.0,0.0,0.0,0.0,0.0,0.0,0.0,0.9715477875375372,5.073480536662656,2.537225551475364,4.468632291977152,0.0,2.537225551475364,0.0,0.9715477875375372,0.0,5.336236014890101,3.407275589200221,0.0,0.9715477875375372,0.0,0.0,0.9715477875375372,0.0,0.9715477875375372,1.5469001423996391,0.0,1.5469001423996391,0.9715477875375372,0.0,2.276131260947221,0.0,1.5469001423996391,2.537225551475364,0.0,8.825290419858783,0.0,1.5469001423996391,0.0,2.276131260947221,0.9715477875375372,1.5469001423996391,9.867395973226593,3.6474663762971353,1.9571084558247105,0.0,3.1189487175366137,0.0,0.0,4.337630113961695,0.0,0.0,0.0,0.9715477875375372,0.0,0.0,0.0,0.9715477875375372,0.9715477875375372,0.9715477875375372,2.537225551475364,2.949834231895078,0.0,0.9715477875375372,0.0,0.0,0.0,0.0,0.0,1.5469001423996391,1.5469001423996391,0.0,0.9715477875375372,5.467359258473585,3.754060366472519,0.9715477875375372,3.8533175969194904,3.2703030703269937,2.949834231895078,0.9715477875375372,2.276131260947221,2.276131260947221,0.0,0.9715477875375372,0.9715477875375372,0.0,8.107634367431967,2.537225551475364,3.6474663762971353,1.9571084558247105,0.0,9.508654538410754,0.9715477875375372,0.9715477875375372,0.0,0.9715477875375372,3.407275589200221,0.9715477875375372,0.0,0.9715477875375372,5.644090059765389,0.0,2.949834231895078,0.9715477875375372,0.0,2.537225551475364,0.9715477875375372,2.949834231895078,0.0,0.0,1.5469001423996391,1.5469001423996391,0.0,0.0,5.750924778808671,5.965792785691739,0.0,0.0,2.276131260947221,0.9715477875375372,0.0,2.537225551475364,0.0,0.0,0.9715477875375372,2.537225551475364,0.0,0.0,0.0,0.0,4.988693053927723,0.0,0.0,1.5469001423996391,0.9715477875375372,4.802524694798028,0.9715477875375372,2.276131260947221,3.8533175969194904,0.9715477875375372,0.0,0.0,0.9715477875375372,0.0,2.537225551475364,1.9571084558247105,0.9715477875375372,4.645216376786412,0.0,0.9715477875375372,1.5469001423996391,0.0,2.537225551475364,7.474221527865118,2.537225551475364,0.0,0.9715477875375372,2.276131260947221,2.7582305770532316,0.0,0.0,0.0,0.0,1.5469001423996391,4.645216376786412,0.0,0.0,0.0,2.7582305770532316,1.5469001423996391,0.0,0.0,1.9571084558247105,0.0,1.5469001423996391,0.0,0.0,1.5469001423996391,3.2703030703269937,1.9571084558247105,6.897192257738636,3.1189487175366137,0.9715477875375372,3.407275589200221,0.0,1.5469001423996391,0.0,0.0,0.0,0.0,0.0,8.255590481649861,0.0,0.9715477875375372,8.86745629572847,9.811408411537398,1.9571084558247105,0.0,10.236041515506423,0.0,0.0,0.0,3.2703030703269937,0.0,0.0,2.537225551475364,0.0,1.5469001423996391,1.5469001423996391,0.0,0.0,5.943439059254813,0.0,0.0,1.5469001423996391,0.0,0.0,0.0,0.0,0.0,0.0,0.0,0.0,3.407275589200221,0.0,0.0,5.0317095778892975
GSM5016093,1.058976417193781,7.856583930564803,1.058976417193781,5.470475434881044,5.728076541425302,1.058976417193781,10.712685994003758,0.0,0.0,0.0,0.0,0.0,4.431997504830397,0.0,0.0,1.058976417193781,1.058976417193781,6.263817457623458,1.058976417193781,0.0,10.757618457999982,2.9070284732068457,6.380978963351551,7.033580875555913,5.946575468490761,0.0,0.0,2.0875844986386505,4.695961219643967,8.218519972564396,1.058976417193781,5.539314478404431,5.018818025284005,1.058976417193781,2.0875844986386505,1.058976417193781,1.6630738645529626,1.058976417193781,4.35770333298396,2.9070284732068457,5.946575468490761,0.0,1.058976417193781,2.6819583365024307,0.0,1.6630738645529626,1.058976417193781,0.0,1.058976417193781,1.058976417193781,0.0,0.0,0.0,2.0875844986386505,0.0,4.279374539336333,3.6913086770278647,1.6630738645529626,1.058976417193781,2.415166759913306,1.058976417193781,0.0,2.415166759913306,13.930311187643287,9.943650536853855,0.0,1.058976417193781,1.058976417193781,5.322083206259017,14.210779695196498,5.5053055046359125,0.0,6.6222092928012275,1.6630738645529626,8.086737069147603,3.915031927976993,0.0,0.0,5.841458567701193,1.058976417193781,8.115202164751908,0.0,3.807502647551612,1.6630738645529626,3.1016785811648977,0.0,0.0,4.196547624075576,3.915031927976993,0.0,0.0,0.0,1.058976417193781,1.6630738645529626,2.6819583365024307,0.0,2.415166759913306,8.99498360535396,1.6630738645529626,3.915031927976993,0.0,3.1016785811648977,1.058976417193781,8.634969738338455,2.6819583365024307,1.058976417193781,10.094236628494928,3.807502647551612,2.0875844986386505,0.0,0.0,0.0,0.0,3.915031927976993,1.058976417193781,1.058976417193781,3.5649302637417937,2.415166759913306,2.9070284732068457,1.058976417193781,1.6630738645529626,0.0,3.1016785811648977,0.0,1.058976417193781,5.018818025284005,1.058976417193781,1.6630738645529626,0.0,1.058976417193781,0.0,2.415166759913306,4.502652410661681,2.415166759913306,2.0875844986386505,0.0,0.0,5.199827104500417,3.5649302637417937,4.196547624075576,0.0,4.570007998594185,7.524373426829254,4.1086743231101694,5.813937451499594,1.6630738645529626,2.0875844986386505,0.0,2.0875844986386505,0.0,2.415166759913306,1.6630738645529626,2.415166759913306,2.9070284732068457,0.0,5.398186389696617,1.058976417193781,1.6630738645529626,1.6630738645529626,0.0,10.321335459495554,2.9070284732068457,4.431997504830397,1.058976417193781,2.415166759913306,2.0875844986386505,3.1016785811648977,4.570007998594185,1.058976417193781,5.757268314262741,1.058976417193781,1.6630738645529626,2.9070284732068457,1.058976417193781,0.0,1.058976417193781,0.0,4.7550406986815865,6.471832510311813,9.398546279590636,0.0,10.447586642585732,0.0,0.0,0.0,1.058976417193781,0.0,2.6819583365024307,3.5649302637417937,7.8964908245765235,5.199827104500417,1.058976417193781,3.915031927976993,2.0875844986386505,0.0,0.0,0.0,0.0,1.058976417193781,6.89598545287323,1.058976417193781,0.0,3.426409044891294,7.324338642289047,3.2731611261696716,4.502652410661681,4.015099589824445,4.8117957042612725,6.020673655185375,7.780424713259959,7.622820248703213,3.915031927976993,0.0,0.0,7.057247085983152,1.6630738645529626,1.058976417193781,10.678759130407553,5.066243530172337,0.0,0.0,3.5649302637417937,6.6062541691953,1.058976417193781,0.0,2.0875844986386505,4.1086743231101694,5.156659113864544,5.398186389696617,0.0,1.6630738645529626,2.9070284732068457,1.058976417193781,5.199827104500417,3.915031927976993,4.866402245310323,0.0,5.667858890658059,2.0875844986386505,0.0,1.058976417193781,0.0,2.415166759913306,0.0,4.279374539336333,0.0,2.9070284732068457,4.431997504830397,2.6819583365024307,3.915031927976993,2.0875844986386505,4.502652410661681,2.415166759913306,0.0,1.058976417193781,3.1016785811648977,2.0875844986386505,1.058976417193781,5.868464498465413,8.228977248597497,2.0875844986386505,1.058976417193781,7.889915863421975,0.0,3.2731611261696716,0.0,2.415166759913306,0.0,0.0,1.6630738645529626,1.6630738645529626,1.058976417193781,4.695961219643967,3.426409044891294,3.915031927976993,1.058976417193781,0.0,1.058976417193781,0.0,1.058976417193781,3.1016785811648977,2.9070284732068457,1.058976417193781,0.0,6.6062541691953,3.1016785811648977,6.9219987134442595,2.415166759913306,3.1016785811648977,0.0,2.6819583365024307
GSM5016031,3.4251282702796506,11.138240673698537,1.470504683683831,8.208979697033442,8.360495151052557,2.440412869324989,13.33759733846492,3.645323898234785,1.470504683683831,0.0,0.9150191433864956,1.470504683683831,6.1125071715048795,0.0,2.1834472484393688,0.9150191433864956,1.470504683683831,6.470436242302475,0.0,3.5394230146303083,14.13306571924994,5.077541310361424,4.004959706647609,2.658454761026739,3.16516376629536,1.470504683683831,0.9150191433864956,5.827626681087652,0.9150191433864956,6.79199201953426,0.0,9.206539849980512,4.417424814088317,0.0,0.9150191433864956,0.9150191433864956,0.0,1.470504683683831,0.9150191433864956,4.417424814088317,5.977087240717383,2.440412869324989,1.870574731455755,2.1834472484393688,3.16516376629536,2.1834472484393688,0.9150191433864956,0.0,0.9150191433864956,0.0,1.470504683683831,1.870574731455755,1.470504683683831,2.440412869324989,0.9150191433864956,4.959315724037961,4.91765158182449,3.16516376629536,1.470504683683831,5.1868080990245895,0.0,0.0,0.9150191433864956,15.590188257058038,16.150938568805635,3.3009936079842235,9.87610209289075,3.645323898234785,5.255310068119941,14.808295859106376,12.01210953570068,2.658454761026739,6.350303855861536,3.16516376629536,9.320830643947886,5.710516001567241,5.288378716758956,1.470504683683831,6.166866601872595,1.470504683683831,11.365392472585228,0.9150191433864956,2.658454761026739,2.1834472484393688,8.71689352151858,0.0,0.0,3.645323898234785,5.352325416339806,7.6584247207188305,0.9150191433864956,0.0,2.1834472484393688,3.4251282702796506,1.470504683683831,1.470504683683831,4.784913426114648,12.48407331031028,3.3009936079842235,3.3009936079842235,0.9150191433864956,0.9150191433864956,2.847828310527621,9.69528132738127,7.025657149684347,0.0,6.075095240394941,1.470504683683831,4.082421043506928,1.870574731455755,0.9150191433864956,0.9150191433864956,0.9150191433864956,4.082421043506928,0.0,2.440412869324989,5.1512974713517306,0.0,1.470504683683831,0.0,1.470504683683831,0.9150191433864956,2.1834472484393688,1.470504683683831,0.0,7.395553700130312,0.0,5.255310068119941,0.0,0.0,0.0,2.440412869324989,4.417424814088317,6.721100595190648,3.16516376629536,0.0,0.0,8.82789577714792,6.708939139491541,5.556150192980166,2.440412869324989,9.272067717442866,9.681344069348292,6.455955473980684,4.6891109590405895,1.870574731455755,1.870574731455755,0.0,1.470504683683831,0.0,2.1834472484393688,0.0,0.0,0.0,0.0,3.16516376629536,0.0,2.440412869324989,5.58305227682226,0.0,10.260522324303215,1.870574731455755,5.710516001567241,0.9150191433864956,2.658454761026739,0.0,1.470504683683831,5.528736915826249,0.0,1.470504683683831,0.0,0.9150191433864956,10.735457048203736,3.3009936079842235,0.0,0.9150191433864956,0.9150191433864956,5.9149185564886535,10.169156769045308,10.632176425026389,3.3009936079842235,16.86509423388101,0.0,0.0,2.847828310527621,0.0,0.0,2.847828310527621,2.440412869324989,9.49913787427674,7.035429611358753,0.0,5.827626681087652,4.292595948416406,0.0,0.9150191433864956,0.9150191433864956,3.743979916959933,3.5394230146303083,7.808447550483084,2.1834472484393688,0.0,0.0,3.4251282702796506,1.470504683683831,0.9150191433864956,0.9150191433864956,2.1834472484393688,2.658454761026739,3.4251282702796506,3.015203650954057,7.380297371694244,4.356360059023592,4.082421043506928,8.479815926728419,3.645323898234785,0.0,11.700132509921412,4.082421043506928,0.9150191433864956,2.1834472484393688,4.417424814088317,7.720318142878587,2.1834472484393688,2.1834472484393688,0.0,0.9150191433864956,6.166866601872595,5.1868080990245895,0.0,0.0,5.781916738339371,1.870574731455755,5.1512974713517306,4.2258827514743755,6.81486896534645,2.1834472484393688,5.9149185564886535,0.0,1.870574731455755,2.658454761026739,0.0,4.532307750691508,0.0,3.743979916959933,0.0,0.9150191433864956,3.923102149127291,5.22146562124072,4.91765158182449,1.870574731455755,4.6891109590405895,1.870574731455755,0.9150191433864956,1.470504683683831,2.440412869324989,0.9150191433864956,0.9150191433864956,3.836319183156421,6.955331157689326,4.532307750691508,0.9150191433864956,7.30149760592396,0.9150191433864956,3.16516376629536,0.0,0.0,0.0,1.870574731455755,4.532307750691508,3.5394230146303083,0.9150191433864956,5.039199264471475,2.847828310527621,4.356360059023592,2.658454761026739,0.0,4.082421043506928,0.0,3.743979916959933,4.874748331549634,3.015203650954057,0.0,2.847828310527621,8.782194496034446,0.9150191433864956,6.620811449166186,0.0,4.004959706647609,0.9150191433864956,3.16516376629536
GSM5016133,3.5556496975908582,7.462427707816012,3.417215076598312,6.8049573501803975,4.909213227952064,6.762700039766387,8.644381463361398,1.0537121522267168,2.673403012469315,2.89824433313079,0.0,1.0537121522267168,5.961722089460152,0.0,1.0537121522267168,0.0,0.0,5.388287512291248,4.348059423376845,6.389593530898938,11.24947206381197,5.775925379669896,1.0537121522267168,4.005588666715483,3.0927233614684746,5.3121973970145975,5.350744036289773,2.0798364797604103,2.0798364797604103,2.673403012469315,0.0,5.3121973970145975,3.9055661881853103,1.0537121522267168,1.0537121522267168,3.9055661881853103,0.0,2.89824433313079,0.0,2.0798364797604103,3.6819560352718055,0.0,0.0,2.89824433313079,2.406933148973794,2.406933148973794,0.0,0.0,0.0,2.673403012469315,3.2640731587449996,0.0,4.745277337374105,2.673403012469315,0.0,4.909213227952064,6.5800860789709965,1.656143327231256,4.624628211111876,6.6121724298461215,0.0,0.0,0.0,12.952735482371368,12.97044242759726,0.0,11.002531930496804,3.7980890820280586,2.0798364797604103,11.18359990213323,5.424878717333772,2.673403012469315,7.805446691833044,3.9055661881853103,10.088389195611056,3.2640731587449996,6.148348061388547,1.656143327231256,5.272592510112192,2.406933148973794,8.576884768296878,0.0,6.5136897499747795,4.4223286910260935,6.313574112283654,0.0,1.656143327231256,2.673403012469315,5.595086777005404,5.495389362695307,0.0,2.0798364797604103,2.673403012469315,2.89824433313079,4.4223286910260935,2.673403012469315,2.0798364797604103,8.589027733044075,2.89824433313079,1.0537121522267168,1.0537121522267168,4.745277337374105,3.0927233614684746,6.407988584519676,3.9055661881853103,0.0,1.656143327231256,0.0,4.005588666715483,0.0,0.0,0.0,1.0537121522267168,4.686213606536597,2.673403012469315,2.406933148973794,2.0798364797604103,0.0,1.656143327231256,1.656143327231256,3.5556496975908582,1.0537121522267168,2.0798364797604103,3.0927233614684746,2.89824433313079,4.005588666715483,2.0798364797604103,6.407988584519676,4.186962350888129,0.0,3.7980890820280586,0.0,5.146804203647379,2.406933148973794,1.0537121522267168,3.417215076598312,0.0,9.873563805143236,7.950543822533001,6.530577496757706,2.0798364797604103,4.624628211111876,5.718128349172182,2.89824433313079,5.008991709996474,0.0,3.2640731587449996,0.0,3.417215076598312,0.0,1.656143327231256,0.0,0.0,0.0,0.0,2.673403012469315,1.0537121522267168,1.656143327231256,6.12629801590972,1.0537121522267168,6.898995226304079,0.0,3.417215076598312,0.0,5.008991709996474,1.0537121522267168,1.656143327231256,4.802017809600593,0.0,1.0537121522267168,1.0537121522267168,1.656143327231256,5.008991709996474,2.89824433313079,2.0798364797604103,1.0537121522267168,3.417215076598312,3.5556496975908582,10.140198129423244,9.09681811661588,0.0,13.630396471771698,0.0,0.0,1.656143327231256,0.0,1.656143327231256,2.673403012469315,3.0927233614684746,8.648255205814305,8.280069777539468,0.0,6.530577496757706,4.959964896724177,0.0,4.802017809600593,4.745277337374105,8.181934914656422,3.0927233614684746,9.925562572820697,2.406933148973794,0.0,0.0,1.656143327231256,0.0,1.0537121522267168,1.0537121522267168,0.0,3.0927233614684746,3.5556496975908582,3.417215076598312,5.008991709996474,5.23186962575881,0.0,8.55641657110297,3.7980890820280586,0.0,9.851892035777189,3.2640731587449996,0.0,3.6819560352718055,8.011962802315413,10.972720428091998,2.406933148973794,2.0798364797604103,0.0,1.0537121522267168,7.667200212340257,1.0537121522267168,4.4223286910260935,1.656143327231256,2.0798364797604103,2.0798364797604103,4.802017809600593,3.417215076598312,6.332957784481939,4.269758312446788,4.959964896724177,2.0798364797604103,1.0537121522267168,3.7980890820280586,0.0,1.656143327231256,0.0,4.4223286910260935,1.656143327231256,2.406933148973794,5.885005016147355,1.0537121522267168,5.008991709996474,1.656143327231256,8.011962802315413,6.389593530898938,3.2640731587449996,0.0,0.0,2.0798364797604103,1.0537121522267168,3.6819560352718055,6.103905721474907,6.4261520422459455,1.0537121522267168,7.853215752545621,1.0537121522267168,3.0927233614684746,1.0537121522267168,0.0,0.0,2.406933148973794,3.7980890820280586,3.7980890820280586,1.0537121522267168,5.388287512291248,7.777422722324235,8.981796630166299,4.186962350888129,3.417215076598312,4.186962350888129,0.0,2.0798364797604103,0.0,0.0,1.0537121522267168,1.656143327231256,4.856610896790554,1.656143327231256,4.802017809600593,3.2640731587449996,1.0537121522267168,1.656143327231256,3.417215076598312
GSM5016106,3.287174252215199,5.78984126034245,1.8594110122562617,5.961944648868239,3.151499198403895,0.0,6.204071437701478,0.9078123245814004,1.8594110122562617,0.9078123245814004,0.0,0.9078123245814004,6.539171569033692,0.9078123245814004,1.4606883758307925,0.0,0.0,7.432415526508157,3.151499198403895,2.645514878161932,10.022605275129406,8.30574891722636,3.7297459494319054,2.171460889400178,1.8594110122562617,1.4606883758307925,1.8594110122562617,0.9078123245814004,2.645514878161932,5.27338635740722,0.0,4.34172697734061,3.631171584806435,0.9078123245814004,0.0,0.0,0.0,2.171460889400178,0.9078123245814004,2.171460889400178,3.9905348069482263,0.9078123245814004,1.4606883758307925,0.9078123245814004,0.9078123245814004,0.0,1.8594110122562617,0.0,0.0,6.426117725584072,1.4606883758307925,0.9078123245814004,0.0,0.0,0.0,2.171460889400178,5.136344559460971,0.0,2.427872039530365,5.171844606041069,0.9078123245814004,0.9078123245814004,3.151499198403895,8.65212371542829,6.335105290941496,0.0,0.9078123245814004,2.171460889400178,2.8345874794634023,6.908848566258776,6.133803236902254,1.4606883758307925,6.115688086822052,5.5136838208452295,9.422458146421976,1.8594110122562617,4.6743223778280525,2.8345874794634023,3.287174252215199,0.0,8.961972383021186,0.0,2.171460889400178,1.4606883758307925,2.645514878161932,0.0,1.8594110122562617,1.8594110122562617,4.902775175467478,1.4606883758307925,3.0017277590355516,0.9078123245814004,2.171460889400178,0.9078123245814004,4.517587994538692,2.171460889400178,0.9078123245814004,4.211321122591141,1.8594110122562617,0.9078123245814004,1.4606883758307925,2.427872039530365,0.9078123245814004,6.605580469214578,2.427872039530365,0.9078123245814004,3.7297459494319054,0.0,3.0017277590355516,0.9078123245814004,0.0,0.9078123245814004,1.4606883758307925,2.645514878161932,0.0,0.0,0.9078123245814004,0.0,2.427872039530365,0.0,2.427872039530365,1.4606883758307925,0.9078123245814004,3.0017277590355516,0.0,3.5253647881337695,0.9078123245814004,2.427872039530365,0.9078123245814004,1.4606883758307925,0.9078123245814004,0.0,3.631171584806435,0.9078123245814004,2.171460889400178,0.9078123245814004,1.4606883758307925,5.368248794566189,3.0017277590355516,3.631171584806435,2.427872039530365,3.908733465043297,6.254613968920143,2.171460889400178,3.9905348069482263,0.0,2.171460889400178,0.0,1.8594110122562617,1.8594110122562617,2.427872039530365,0.0,0.0,0.9078123245814004,0.9078123245814004,1.4606883758307925,0.0,1.4606883758307925,3.151499198403895,0.0,8.547898902910257,0.0,4.984905596948706,0.0,6.115688086822052,1.4606883758307925,0.9078123245814004,3.8220136827432616,0.0,0.0,0.0,0.9078123245814004,6.7058590599929815,2.8345874794634023,0.0,0.0,0.9078123245814004,4.859887369816825,7.496819058711735,9.527247833187932,0.0,6.855266903909883,1.4606883758307925,0.0,0.9078123245814004,0.0,0.0,0.9078123245814004,3.287174252215199,7.674390082995519,5.812510892455881,0.0,4.402760446782002,3.0017277590355516,0.0,1.8594110122562617,1.8594110122562617,7.31824356462455,0.9078123245814004,8.375921120851544,2.427872039530365,1.4606883758307925,1.4606883758307925,1.4606883758307925,0.0,0.9078123245814004,0.0,1.4606883758307925,2.427872039530365,1.8594110122562617,2.8345874794634023,4.067945803804053,1.8594110122562617,3.411179637116929,7.05859730684176,1.8594110122562617,1.8594110122562617,9.37945313465767,4.402760446782002,0.0,1.8594110122562617,7.454204386722981,11.118317485401736,3.0017277590355516,2.171460889400178,0.0,0.0,6.4407435210941255,2.8345874794634023,0.9078123245814004,0.0,2.8345874794634023,1.4606883758307925,3.9905348069482263,4.141413814178341,2.171460889400178,0.9078123245814004,4.859887369816825,1.4606883758307925,0.9078123245814004,0.9078123245814004,0.0,0.0,1.4606883758307925,3.287174252215199,2.171460889400178,3.9905348069482263,0.9078123245814004,0.9078123245814004,4.141413814178341,1.8594110122562617,6.2211164490901325,3.908733465043297,1.4606883758307925,1.4606883758307925,1.4606883758307925,0.9078123245814004,0.0,4.517587994538692,7.228373429950553,2.8345874794634023,0.0,8.49982079188468,0.9078123245814004,0.9078123245814004,0.0,0.0,0.0,0.9078123245814004,0.9078123245814004,2.427872039530365,0.0,6.776743453584485,6.539171569033692,7.538210999287487,3.151499198403895,0.9078123245814004,2.171460889400178,0.9078123245814004,0.0,2.427872039530365,1.8594110122562617,0.0,0.0,4.141413814178341,1.8594110122562617,5.27338635740722,1.4606883758307925,2.645514878161932,0.9078123245814004,1.4606883758307925
GSM5016193,0.0,3.5167862391306417,0.0,3.055244471518467,3.055244471518467,1.031826817210292,6.3100832389448795,0.0,0.0,0.0,0.0,1.031826817210292,4.0591107233695345,0.0,0.0,0.0,0.0,3.642785624363651,2.0474807450005663,1.6272441194846607,8.817711515807,1.6272441194846607,8.446486454458954,4.307647751607475,3.965743890950456,0.0,0.0,0.0,1.031826817210292,7.384509608283004,2.0474807450005663,2.3725193458593714,4.381810826848572,0.0,1.031826817210292,0.0,1.031826817210292,0.0,1.031826817210292,0.0,2.3725193458593714,1.6272441194846607,0.0,1.6272441194846607,0.0,1.6272441194846607,1.031826817210292,1.031826817210292,0.0,1.031826817210292,0.0,0.0,1.031826817210292,0.0,1.6272441194846607,1.031826817210292,4.0591107233695345,1.6272441194846607,0.0,1.031826817210292,0.0,0.0,1.031826817210292,7.281721597483185,1.6272441194846607,0.0,0.0,1.031826817210292,1.6272441194846607,3.055244471518467,2.861492844456337,1.6272441194846607,5.105492511959962,2.861492844456337,7.9635756346126065,0.0,2.3725193458593714,1.031826817210292,1.031826817210292,0.0,5.2707538477940865,2.861492844456337,0.0,0.0,0.0,0.0,0.0,0.0,2.861492844456337,0.0,1.6272441194846607,1.031826817210292,1.6272441194846607,0.0,3.5167862391306417,0.0,0.0,2.0474807450005663,1.031826817210292,2.3725193458593714,0.0,2.861492844456337,1.031826817210292,4.5838473111732485,1.031826817210292,1.031826817210292,6.817283546685763,1.031826817210292,2.861492844456337,1.031826817210292,1.6272441194846607,1.031826817210292,0.0,2.0474807450005663,0.0,0.0,0.0,2.3725193458593714,0.0,2.637623702816185,1.031826817210292,2.3725193458593714,1.6272441194846607,0.0,3.055244471518467,2.861492844456337,0.0,1.6272441194846607,0.0,2.3725193458593714,0.0,0.0,3.642785624363651,0.0,1.031826817210292,2.0474807450005663,0.0,5.309271866576778,3.2260295358865916,4.645359675664615,2.637623702816185,3.055244471518467,5.419015123677575,1.6272441194846607,3.965743890950456,3.2260295358865916,1.031826817210292,1.031826817210292,1.6272441194846607,2.637623702816185,1.031826817210292,3.5167862391306417,3.055244471518467,1.031826817210292,1.031826817210292,2.3725193458593714,2.3725193458593714,1.6272441194846607,4.229464669474583,0.0,7.74916804904365,3.055244471518467,3.2260295358865916,1.031826817210292,5.816712723633357,1.031826817210292,3.965743890950456,2.0474807450005663,0.0,4.645359675664615,0.0,1.6272441194846607,5.419015123677575,0.0,0.0,1.6272441194846607,1.031826817210292,3.758659148726618,6.437263564982599,8.079537024467934,0.0,2.637623702816185,1.031826817210292,1.031826817210292,0.0,2.0474807450005663,0.0,0.0,1.031826817210292,5.553449925324364,4.519594978602111,0.0,2.861492844456337,1.6272441194846607,1.6272441194846607,0.0,0.0,5.061039970812526,2.637623702816185,6.290963600699932,1.6272441194846607,2.0474807450005663,3.378720310699711,2.637623702816185,1.6272441194846607,2.637623702816185,2.3725193458593714,3.2260295358865916,4.761034706934666,4.519594978602111,3.865913957682353,2.637623702816185,1.6272441194846607,2.861492844456337,5.705590058593294,1.031826817210292,2.637623702816185,7.817568873538918,4.229464669474583,0.0,0.0,4.519594978602111,7.530224057676661,2.3725193458593714,2.861492844456337,0.0,2.0474807450005663,4.645359675664615,3.2260295358865916,1.031826817210292,2.0474807450005663,1.6272441194846607,1.6272441194846607,2.0474807450005663,1.031826817210292,1.6272441194846607,2.0474807450005663,2.3725193458593714,0.0,2.0474807450005663,2.3725193458593714,0.0,0.0,0.0,6.9813205964593985,4.146800668857304,2.861492844456337,1.031826817210292,0.0,0.0,2.637623702816185,4.146800668857304,1.031826817210292,0.0,1.031826817210292,2.861492844456337,1.6272441194846607,1.031826817210292,5.894775332908633,10.64882800485234,1.031826817210292,1.031826817210292,10.31439850821213,0.0,0.0,1.031826817210292,3.2260295358865916,1.031826817210292,0.0,1.031826817210292,2.0474807450005663,0.0,5.015174087662978,2.3725193458593714,2.637623702816185,2.0474807450005663,0.0,2.0474807450005663,0.0,0.0,1.031826817210292,0.0,0.0,0.0,4.704356231305196,3.378720310699711,2.861492844456337,4.146800668857304,2.637623702816185,0.0,4.381810826848572
GSM5016056,0.0,0.0,3.1975025274244486,0.9322033469281809,1.4938399946778291,0.0,7.656135629108206,0.0,0.0,0.0,0.0,1.897071599081613,1.4938399946778291,0.0,0.0,0.9322033469281809,2.4701307970014037,7.10994965842833,1.4938399946778291,0.0,5.387792010960681,0.0,7.867254879383368,0.9322033469281809,0.9322033469281809,0.0,0.0,0.0,6.643747931078854,10.02609690870232,2.4701307970014037,1.4938399946778291,6.012862787059218,2.4701307970014037,0.0,1.4938399946778291,1.4938399946778291,1.897071599081613,4.390952185367596,0.9322033469281809,1.897071599081613,0.0,0.0,4.190265028255534,0.0,0.0,0.0,0.9322033469281809,3.0471028482925138,0.9322033469281809,0.0,0.0,0.0,0.0,0.0,0.0,2.689104157623567,0.0,0.0,0.0,0.0,0.0,0.9322033469281809,6.091824953110004,0.9322033469281809,0.0,0.0,0.0,0.0,0.0,0.0,1.4938399946778291,3.1975025274244486,0.0,5.770382279380658,0.0,0.0,1.4938399946778291,1.897071599081613,0.0,9.07319716464458,2.4701307970014037,0.0,0.9322033469281809,0.0,2.689104157623567,0.0,0.0,1.897071599081613,0.0,0.0,0.0,2.211869504069105,0.0,3.0471028482925138,0.0,0.0,2.4701307970014037,0.0,5.356153452588512,0.0,0.9322033469281809,0.0,3.1975025274244486,0.0,0.9322033469281809,11.375826841561324,5.387792010960681,0.0,0.0,2.4701307970014037,0.0,0.0,1.4938399946778291,0.0,0.0,0.0,0.9322033469281809,3.5726782775083072,0.0,0.0,0.9322033469281809,0.9322033469281809,0.0,0.0,2.689104157623567,0.0,0.0,0.0,0.9322033469281809,0.0,2.211869504069105,0.9322033469281809,1.897071599081613,5.9506690029455225,0.0,0.0,4.5107412561247795,3.678798087721047,0.0,0.9322033469281809,2.211869504069105,3.1975025274244486,0.9322033469281809,0.9322033469281809,1.897071599081613,0.0,0.0,1.897071599081613,0.9322033469281809,2.879179611995339,1.897071599081613,1.4938399946778291,1.4938399946778291,0.0,7.964881007357851,1.4938399946778291,0.0,0.0,0.0,1.897071599081613,5.256848745087627,0.0,0.0,4.952809042427114,3.458128465507724,2.4701307970014037,0.9322033469281809,1.4938399946778291,5.035033577157349,2.211869504069105,0.0,1.897071599081613,0.0,0.0,1.897071599081613,0.0,0.0,6.220392476251734,5.112823443722177,0.0,0.0,0.9322033469281809,0.0,0.0,1.897071599081613,0.0,0.0,2.211869504069105,0.9322033469281809,0.0,2.4701307970014037,0.0,0.0,0.0,0.0,0.0,0.0,2.211869504069105,6.052884026302828,0.0,0.9322033469281809,2.879179611995339,0.0,0.0,0.0,0.0,0.0,0.9322033469281809,0.9322033469281809,0.0,1.897071599081613,0.0,0.9322033469281809,1.4938399946778291,0.0,2.879179611995339,8.1094701371754,1.897071599081613,0.0,0.0,2.4701307970014037,2.879179611995339,0.0,0.0,0.0,0.0,2.689104157623567,7.990866748744232,0.0,0.0,0.0,1.897071599081613,1.4938399946778291,0.0,0.0,0.9322033469281809,0.9322033469281809,1.4938399946778291,0.0,0.0,1.4938399946778291,0.0,0.0,6.338434176305602,3.3336928399575947,1.4938399946778291,0.0,0.0,0.0,0.0,0.9322033469281809,0.9322033469281809,0.0,0.9322033469281809,4.5107412561247795,0.0,0.0,8.15154768015578,10.7261010583046,0.0,0.0,10.590769577546077,0.0,0.0,0.9322033469281809,0.9322033469281809,0.9322033469281809,0.0,0.9322033469281809,0.0,0.0,0.0,0.0,0.0,1.4938399946778291,0.0,0.9322033469281809,0.9322033469281809,0.0,0.0,0.0,0.0,0.0,0.0,3.458128465507724,0.0,4.6736173121321025,0.0,0.0,4.190265028255534
GSM5016146,1.0281083301272729,0.0,1.62231987963666,3.0488359246179133,3.219522924993873,0.0,6.204657106014934,0.0,1.0281083301272729,0.0,2.0419597622241312,0.0,2.8552105420033107,0.0,0.0,1.0281083301272729,2.0419597622241312,4.1399258623793305,0.0,1.62231987963666,8.78347110039602,1.0281083301272729,7.769664874418148,1.0281083301272729,0.0,0.0,0.0,0.0,6.594250862868452,5.88761094210457,3.0488359246179133,2.6315100107342113,4.300729445953907,0.0,2.8552105420033107,0.0,0.0,0.0,1.0281083301272729,1.62231987963666,0.0,1.0281083301272729,0.0,0.0,1.0281083301272729,0.0,2.6315100107342113,1.0281083301272729,2.3666422560890505,2.0419597622241312,1.0281083301272729,0.0,1.0281083301272729,1.0281083301272729,0.0,0.0,3.510137186308296,1.0281083301272729,0.0,1.62231987963666,1.0281083301272729,0.0,1.0281083301272729,6.900694496736521,2.0419597622241312,1.0281083301272729,0.0,1.62231987963666,2.6315100107342113,0.0,7.1320904265658065,2.3666422560890505,4.374874040629665,1.0281083301272729,7.142740646472058,1.0281083301272729,5.008112809053292,0.0,4.374874040629665,0.0,6.783084560966249,3.751911618493725,0.0,0.0,1.62231987963666,1.0281083301272729,0.0,0.0,3.6360832157899776,0.0,0.0,3.3721353279395725,2.3666422560890505,1.0281083301272729,2.0419597622241312,0.0,0.0,3.3721353279395725,1.0281083301272729,1.0281083301272729,0.0,1.0281083301272729,1.0281083301272729,4.576864742209393,1.0281083301272729,1.0281083301272729,6.163412133317887,1.0281083301272729,0.0,0.0,2.0419597622241312,0.0,1.0281083301272729,2.6315100107342113,0.0,1.0281083301272729,0.0,3.510137186308296,1.0281083301272729,2.3666422560890505,0.0,2.0419597622241312,2.0419597622241312,0.0,0.0,3.3721353279395725,0.0,0.0,0.0,0.0,1.0281083301272729,0.0,1.62231987963666,1.0281083301272729,2.8552105420033107,2.3666422560890505,1.0281083301272729,4.576864742209393,3.3721353279395725,3.8591277703424103,4.512626280652367,2.3666422560890505,4.6383643935479055,2.8552105420033107,2.8552105420033107,3.510137186308296,0.0,1.0281083301272729,2.6315100107342113,0.0,3.0488359246179133,2.0419597622241312,2.3666422560890505,2.0419597622241312,2.0419597622241312,1.0281083301272729,1.0281083301272729,1.0281083301272729,4.445393653821038,0.0,7.869217890264591,1.62231987963666,4.052261754820222,0.0,4.754016936869269,1.0281083301272729,2.0419597622241312,2.0419597622241312,1.0281083301272729,4.300729445953907,1.0281083301272729,3.510137186308296,2.8552105420033107,1.0281083301272729,2.3666422560890505,2.8552105420033107,0.0,1.0281083301272729,6.769404714966003,7.215168806481278,0.0,2.0419597622241312,1.62231987963666,2.3666422560890505,0.0,1.62231987963666,3.219522924993873,0.0,2.8552105420033107,3.0488359246179133,0.0,0.0,0.0,0.0,2.8552105420033107,1.62231987963666,1.62231987963666,1.0281083301272729,2.3666422560890505,6.562873778997093,1.0281083301272729,0.0,3.3721353279395725,1.0281083301272729,0.0,0.0,1.0281083301272729,0.0,1.0281083301272729,2.0419597622241312,0.0,2.6315100107342113,1.62231987963666,2.0419597622241312,3.8591277703424103,0.0,4.222566902388187,7.748902544159519,4.222566902388187,0.0,0.0,2.8552105420033107,5.339680528206083,2.3666422560890505,1.62231987963666,1.0281083301272729,0.0,5.302168931774039,4.1399258623793305,1.0281083301272729,0.0,1.62231987963666,2.0419597622241312,2.3666422560890505,1.0281083301272729,1.0281083301272729,0.0,3.219522924993873,1.62231987963666,2.8552105420033107,1.62231987963666,1.62231987963666,2.0419597622241312,0.0,6.1423388705360145,2.3666422560890505,0.0,1.62231987963666,1.0281083301272729,1.62231987963666,0.0,4.576864742209393,2.3666422560890505,0.0,0.0,1.0281083301272729,0.0,0.0,6.655029122079887,9.195133976760925,2.0419597622241312,0.0,9.069594290269578,0.0,0.0,0.0,1.0281083301272729,0.0,0.0,1.0281083301272729,0.0,1.0281083301272729,2.6315100107342113,1.0281083301272729,1.62231987963666,2.8552105420033107,1.62231987963666,0.0,0.0,0.0,0.0,0.0,0.0,0.0,2.8552105420033107,0.0,0.0,3.0488359246179133,1.0281083301272729,0.0,3.219522924993873
GSM5016081,1.8249961139271065,5.67280785467564,0.8857202618742347,5.914996862948259,4.232770008344422,0.0,6.982510538254701,0.8857202618742347,3.2444104105044205,1.4304853030924058,0.0,0.0,5.914996862948259,0.8857202618742347,0.8857202618742347,0.8857202618742347,0.0,5.351956236413891,1.4304853030924058,2.3891356516790667,9.299170550034434,3.1092237389878017,7.120735080594129,6.621817264873484,5.226914396485779,0.0,0.0,0.0,6.334185015311564,6.349263537311856,1.4304853030924058,4.4719789111754364,5.226914396485779,0.0,0.8857202618742347,0.0,1.4304853030924058,1.4304853030924058,2.9600473103525164,4.232770008344422,4.93871108183191,0.8857202618742347,1.4304853030924058,1.4304853030924058,2.134466530943562,2.793647869489095,0.0,0.0,0.8857202618742347,1.8249961139271065,1.8249961139271065,0.8857202618742347,1.8249961139271065,0.0,0.0,3.685672862966954,4.023110116920561,0.0,0.0,3.1092237389878017,1.4304853030924058,2.605523032311184,4.578186673476764,12.286433841110735,3.36800773614557,0.8857202618742347,0.0,2.793647869489095,6.031752476737196,9.83999389104928,9.5084193669801,0.0,6.596765427945131,1.4304853030924058,8.601372972404782,2.9600473103525164,0.8857202618742347,1.4304853030924058,4.096434760347209,0.8857202618742347,7.246866536361322,2.134466530943562,5.7429920483009065,4.023110116920561,1.8249961139271065,0.0,0.8857202618742347,0.8857202618742347,4.628495504902845,3.481846840833045,2.134466530943562,0.0,0.8857202618742347,1.4304853030924058,3.2444104105044205,0.0,0.8857202618742347,5.599033966649107,0.0,2.134466530943562,1.4304853030924058,2.134466530943562,1.4304853030924058,8.445228465412875,0.8857202618742347,0.8857202618742347,9.320367774088616,2.605523032311184,2.605523032311184,0.0,2.9600473103525164,0.8857202618742347,0.0,4.096434760347209,0.8857202618742347,2.134466530943562,1.8249961139271065,2.605523032311184,2.605523032311184,0.8857202618742347,0.8857202618742347,2.134466530943562,0.8857202618742347,0.0,0.8857202618742347,0.0,0.8857202618742347,2.3891356516790667,0.0,0.8857202618742347,1.4304853030924058,0.0,4.4719789111754364,1.4304853030924058,4.023110116920561,2.3891356516790667,0.0,5.12546404869487,3.2444104105044205,2.9600473103525164,1.4304853030924058,4.166212252263074,6.068661650879691,4.166212252263074,4.415791398639314,1.8249961139271065,0.0,1.4304853030924058,2.134466530943562,0.8857202618742347,0.8857202618742347,1.8249961139271065,1.8249961139271065,0.8857202618742347,0.0,2.134466530943562,1.4304853030924058,0.8857202618742347,2.134466530943562,0.8857202618742347,9.273711014845494,3.587356466190742,3.8642346389917135,0.0,5.01633644311039,0.8857202618742347,2.793647869489095,3.8642346389917135,0.0,4.93871108183191,0.8857202618742347,0.8857202618742347,2.134466530943562,1.4304853030924058,1.4304853030924058,1.4304853030924058,1.8249961139271065,3.9458582759166583,6.422379086759206,8.90926534141188,0.8857202618742347,3.685672862966954,0.8857202618742347,0.8857202618742347,0.8857202618742347,1.4304853030924058,0.0,1.8249961139271065,2.134466530943562,6.491967203316433,5.053637045705144,0.0,3.36800773614557,2.134466530943562,0.0,1.8249961139271065,1.8249961139271065,6.571270876754081,2.134466530943562,4.978045786341176,0.8857202618742347,0.8857202618742347,3.587356466190742,6.8927367376505195,1.8249961139271065,3.2444104105044205,2.793647869489095,5.351956236413891,6.532163878064664,5.76564801436071,5.053637045705144,5.85287324501673,1.4304853030924058,0.8857202618742347,8.01511840184125,2.9600473103525164,0.8857202618742347,9.259813635238658,4.978045786341176,0.0,0.8857202618742347,5.954974522523602,9.329900871954775,1.4304853030924058,1.4304853030924058,2.3891356516790667,3.1092237389878017,6.729459896165994,3.481846840833045,0.8857202618742347,0.0,1.4304853030924058,2.9600473103525164,4.4719789111754364,2.3891356516790667,4.898273795016654,2.3891356516790667,5.089997504584265,1.8249961139271065,0.0,0.0,0.8857202618742347,0.0,0.0,5.089997504584265,2.9600473103525164,4.357326604099845,1.8249961139271065,1.4304853030924058,0.0,0.0,2.793647869489095,0.8857202618742347,0.8857202618742347,0.8857202618742347,1.4304853030924058,0.0,0.0,5.914996862948259,8.934480004092993,1.4304853030924058,0.8857202618742347,9.439639423033857,0.0,2.3891356516790667,0.0,1.8249961139271065,1.4304853030924058,0.8857202618742347,1.8249961139271065,0.0,1.4304853030924058,5.226914396485779,0.8857202618742347,0.8857202618742347,3.777714554228038,0.8857202618742347,2.9600473103525164,0.0,1.4304853030924058,0.8857202618742347,0.0,1.4304853030924058,0.8857202618742347,6.478315517454763,3.685672862966954,3.9458582759166583,3.8642346389917135,3.8642346389917135,0.8857202618742347,3.36800773614557
GSM5016136,3.657007906790043,7.677939387541694,0.0,6.692350824984867,5.285809038798194,2.385001432325601,8.306984281535456,1.6377132537682173,1.039742783585739,0.0,1.039742783585739,0.0,6.819173511494058,1.6377132537682173,2.0592110184458554,1.039742783585739,1.039742783585739,4.322324745722906,2.0592110184458554,5.959768830422719,10.59406773771885,5.285809038798194,1.6377132537682173,2.8748297140908488,2.650604984962368,2.8748297140908488,2.8748297140908488,1.039742783585739,3.392695187951956,2.385001432325601,1.039742783585739,4.83047784619732,3.239839256147398,0.0,1.039742783585739,1.6377132537682173,0.0,2.650604984962368,1.039742783585739,3.06884749730685,4.77592111694513,0.0,1.6377132537682173,1.039742783585739,2.650604984962368,3.239839256147398,0.0,0.0,1.039742783585739,2.650604984962368,2.0592110184458554,1.6377132537682173,0.0,0.0,0.0,3.392695187951956,5.72074888155714,2.385001432325601,4.982764158743496,8.263033063795184,1.039742783585739,0.0,0.0,10.837431931495994,8.133415500243375,0.0,1.6377132537682173,3.06884749730685,3.06884749730685,8.601774567512804,9.12266958993944,3.392695187951956,10.16315813975461,2.8748297140908488,9.292610654941033,3.06884749730685,6.910640361511957,1.6377132537682173,5.434109209141613,0.0,6.910640361511957,1.039742783585739,1.039742783585739,1.6377132537682173,2.0592110184458554,0.0,1.039742783585739,2.0592110184458554,5.72074888155714,3.06884749730685,1.6377132537682173,0.0,1.039742783585739,0.0,2.650604984962368,1.039742783585739,1.6377132537682173,6.996652335423668,1.039742783585739,0.0,1.039742783585739,2.385001432325601,3.880312715875075,7.7991574410891396,6.031384743434091,0.0,2.0592110184458554,0.0,1.6377132537682173,0.0,1.039742783585739,2.385001432325601,1.039742783585739,5.030152088009207,1.039742783585739,0.0,2.385001432325601,0.0,1.039742783585739,1.039742783585739,2.0592110184458554,0.0,1.6377132537682173,3.880312715875075,0.0,3.239839256147398,3.239839256147398,3.06884749730685,0.0,0.0,2.0592110184458554,0.0,5.163636222844446,1.6377132537682173,0.0,1.6377132537682173,0.0,6.054487914017383,4.244098415377892,6.031384743434091,1.6377132537682173,4.161386064174605,6.83260063545932,3.657007906790043,4.467098262881802,1.039742783585739,3.06884749730685,0.0,1.039742783585739,2.385001432325601,0.0,0.0,2.0592110184458554,1.6377132537682173,0.0,0.0,0.0,0.0,6.632196671924107,0.0,9.483448918504006,1.6377132537682173,4.883046422153139,0.0,4.161386064174605,1.039742783585739,2.0592110184458554,4.161386064174605,1.039742783585739,0.0,0.0,1.039742783585739,4.660198742673954,5.246223289007279,0.0,0.0,2.385001432325601,4.396526733992211,9.92852417718308,9.549987744013366,2.0592110184458554,10.540868213634418,0.0,0.0,2.0592110184458554,0.0,0.0,2.385001432325601,4.244098415377892,8.263033063795184,7.495826126385023,0.0,6.267198643252119,4.77592111694513,0.0,3.772976481619226,3.657007906790043,3.772976481619226,0.0,8.238024471309433,1.6377132537682173,0.0,1.6377132537682173,3.392695187951956,1.039742783585739,1.039742783585739,0.0,2.385001432325601,1.6377132537682173,3.06884749730685,2.8748297140908488,5.9350844512599785,0.0,5.568575983324026,8.04965946719796,1.6377132537682173,0.0,10.13904449904286,8.898430124084042,1.6377132537682173,3.06884749730685,4.244098415377892,7.408862756815863,3.657007906790043,2.0592110184458554,1.039742783585739,1.039742783585739,6.585375676308455,1.6377132537682173,2.0592110184458554,1.6377132537682173,3.772976481619226,0.0,4.244098415377892,2.650604984962368,4.322324745722906,3.657007906790043,3.772976481619226,0.0,0.0,4.933766668629295,0.0,0.0,0.0,4.396526733992211,1.039742783585739,4.933766668629295,2.0592110184458554,2.8748297140908488,0.0,1.6377132537682173,8.586004972096287,6.520485945508037,1.6377132537682173,1.039742783585739,0.0,1.6377132537682173,1.039742783585739,3.772976481619226,5.72074888155714,6.325342899766016,0.0,7.11126027262362,0.0,2.0592110184458554,0.0,0.0,0.0,2.0592110184458554,3.06884749730685,2.650604984962368,0.0,6.381234298541794,5.600321758835894,6.910640361511957,3.06884749730685,3.06884749730685,3.772976481619226,0.0,2.650604984962368,2.0592110184458554,1.039742783585739,1.039742783585739,0.0,6.362843374178613,0.0,5.2055206372461775,1.6377132537682173,3.392695187951956,2.0592110184458554,1.039742783585739
GSM5016062,1.353767276352731,2.289676921651771,1.353767276352731,3.5717380720765055,2.289676921651771,0.0,5.946629582039665,0.0,0.0,0.8301686684967517,0.0,1.7371154631496253,3.8302740399091624,0.8301686684967517,0.0,0.8301686684967517,0.0,4.558200458661795,0.0,1.353767276352731,6.256551046601613,2.289676921651771,8.436230913838331,1.7371154631496253,2.0396903840269465,0.0,0.0,0.0,2.0396903840269465,5.666335231415657,1.353767276352731,2.0396903840269465,4.239668694897287,0.0,1.353767276352731,0.8301686684967517,0.8301686684967517,0.0,1.7371154631496253,0.8301686684967517,1.353767276352731,0.0,0.0,0.0,0.0,0.8301686684967517,0.8301686684967517,0.0,0.0,1.353767276352731,0.0,0.8301686684967517,0.0,0.8301686684967517,0.8301686684967517,0.0,3.4741260149751523,0.8301686684967517,0.0,0.8301686684967517,0.0,0.8301686684967517,2.0396903840269465,7.381034593255132,1.353767276352731,0.0,0.0,0.8301686684967517,0.0,4.694466967867095,1.7371154631496253,0.0,5.3733157471674,2.0396903840269465,6.328138264418409,1.353767276352731,0.0,1.353767276352731,6.738679708220343,0.8301686684967517,6.299928192085861,3.1340454516895844,2.0396903840269465,0.8301686684967517,0.0,0.0,0.0,0.0,2.8526272635087704,1.7371154631496253,0.0,0.8301686684967517,1.353767276352731,0.8301686684967517,3.5717380720765055,0.0,0.0,2.6882368681008955,0.0,2.502676655364225,0.0,2.289676921651771,0.0,4.2978837570649615,1.353767276352731,0.0,7.433914199085739,1.7371154631496253,2.502676655364225,0.8301686684967517,1.7371154631496253,1.7371154631496253,0.0,1.353767276352731,0.0,0.0,0.0,2.289676921651771,1.7371154631496253,0.0,0.0,0.8301686684967517,0.8301686684967517,0.0,0.8301686684967517,3.5717380720765055,0.0,2.0396903840269465,0.0,2.502676655364225,1.353767276352731,1.353767276352731,2.289676921651771,0.0,0.0,0.0,0.8301686684967517,6.241797251125828,4.115678960501302,3.2565314433671047,0.8301686684967517,2.289676921651771,4.239668694897287,2.289676921651771,0.8301686684967517,2.6882368681008955,0.8301686684967517,1.353767276352731,0.8301686684967517,0.0,1.7371154631496253,2.8526272635087704,1.7371154631496253,1.353767276352731,0.0,3.4741260149751523,1.7371154631496253,0.0,2.8526272635087704,0.0,5.709868251286369,2.0396903840269465,0.8301686684967517,0.0,4.694466967867095,1.353767276352731,4.818966193654761,1.7371154631496253,0.0,5.502709711997052,0.0,1.7371154631496253,4.407707832900138,0.0,1.353767276352731,1.353767276352731,0.0,0.8301686684967517,4.407707832900138,6.780113854967128,0.0,1.7371154631496253,0.0,0.0,0.0,1.353767276352731,1.353767276352731,0.8301686684967517,4.115678960501302,5.527251975913466,3.907090417460259,0.8301686684967517,1.7371154631496253,1.353767276352731,1.353767276352731,0.0,0.0,3.1340454516895844,1.353767276352731,6.547963227160867,0.8301686684967517,0.0,5.452336021683679,0.8301686684967517,0.0,0.8301686684967517,1.7371154631496253,0.8301686684967517,2.6882368681008955,1.353767276352731,2.6882368681008955,3.0001873337968097,1.7371154631496253,1.353767276352731,3.4741260149751523,1.353767276352731,2.0396903840269465,7.032411280599704,4.509759793272842,0.0,0.0,4.239668694897287,7.276337117908008,2.289676921651771,0.8301686684967517,0.0,0.8301686684967517,5.426473869919912,3.2565314433671047,0.8301686684967517,0.0,0.0,1.7371154631496253,2.502676655364225,0.8301686684967517,1.7371154631496253,0.8301686684967517,1.7371154631496253,0.8301686684967517,1.353767276352731,2.0396903840269465,0.8301686684967517,1.7371154631496253,0.0,6.196608387338652,3.663162205518957,3.980022643463285,0.8301686684967517,1.353767276352731,2.8526272635087704,0.8301686684967517,3.8302740399091624,2.289676921651771,0.0,0.8301686684967517,0.8301686684967517,0.8301686684967517,0.8301686684967517,7.123759205957181,10.64417033344454,0.0,0.0,10.731250089736683,0.0,0.8301686684967517,0.0,2.289676921651771,2.289676921651771,0.0,0.8301686684967517,0.8301686684967517,0.0,3.980022643463285,3.2565314433671047,4.605067354192384,4.04944468186435,0.0,1.353767276352731,0.0,0.8301686684967517,0.0,0.0,0.0,0.8301686684967517,2.6882368681008955,0.0,1.7371154631496253,4.778648523494219,0.0,0.8301686684967517,3.5717380720765055
GSM5016145,0.0,2.789026175219055,2.1302966029389028,3.3631298141061974,2.3847664156166593,0.0,7.379600734104098,0.0,0.0,0.0,0.0,0.8832444151045368,3.582404632008061,1.821120813526774,1.4270898204681972,0.0,2.1302966029389028,7.379600734104098,0.8832444151045368,0.0,6.917928823721759,0.8832444151045368,9.02107569401826,6.134437273843503,5.691286305493522,0.0,0.0,0.0,1.821120813526774,9.988842972700777,3.3631298141061974,2.1302966029389028,7.342546493384883,2.789026175219055,2.9553406298150247,1.821120813526774,0.0,0.0,4.57301119467045,2.9553406298150247,3.1044487657910897,1.4270898204681972,0.8832444151045368,4.410642909499437,0.0,0.8832444151045368,0.0,0.0,2.1302966029389028,1.821120813526774,0.8832444151045368,0.0,0.0,0.0,3.680691375373276,0.8832444151045368,5.120217054140377,2.3847664156166593,1.4270898204681972,1.4270898204681972,0.8832444151045368,0.8832444151045368,2.1302966029389028,4.091349084929072,0.0,0.0,0.0,0.8832444151045368,1.821120813526774,0.0,2.601009991123668,0.0,4.933485511605828,2.9553406298150247,7.422845018115352,0.0,2.3847664156166593,1.821120813526774,7.175606223868423,0.0,9.592542200111016,4.808621793322018,3.4769291591739364,2.1302966029389028,0.0,1.4270898204681972,0.0,0.8832444151045368,0.0,0.8832444151045368,0.0,0.0,0.8832444151045368,0.8832444151045368,4.291265489378065,0.0,0.8832444151045368,2.789026175219055,0.0,4.718940286453115,1.821120813526774,0.0,1.4270898204681972,5.433825264809778,0.0,2.1302966029389028,9.88957998395929,3.1044487657910897,2.1302966029389028,0.8832444151045368,2.601009991123668,0.0,0.0,2.3847664156166593,0.0,0.0,0.0,1.821120813526774,3.1044487657910897,2.789026175219055,0.0,0.0,2.9553406298150247,0.0,1.821120813526774,3.4769291591739364,0.0,1.4270898204681972,0.0,0.0,0.0,1.821120813526774,3.3631298141061974,0.0,2.9553406298150247,0.8832444151045368,2.1302966029389028,4.623312262710584,2.9553406298150247,3.582404632008061,2.601009991123668,2.3847664156166593,5.221656874911627,0.0,1.4270898204681972,1.821120813526774,0.0,3.772707078234665,2.1302966029389028,0.0,0.0,1.4270898204681972,2.789026175219055,2.1302966029389028,0.8832444151045368,3.2395793595137388,3.1044487657910897,0.0,2.1302966029389028,1.4270898204681972,7.505628986715703,0.0,1.821120813526774,0.0,5.804614174784126,4.091349084929072,3.4769291591739364,1.821120813526774,1.4270898204681972,4.764477780868424,0.0,2.1302966029389028,3.940807399260333,0.8832444151045368,1.4270898204681972,1.821120813526774,0.0,1.821120813526774,7.512317924761899,7.89669419559129,0.0,0.8832444151045368,0.0,0.0,0.0,0.0,0.8832444151045368,0.0,4.466820738245179,4.972815470286801,0.8832444151045368,0.8832444151045368,0.8832444151045368,0.8832444151045368,0.8832444151045368,0.0,0.0,3.3631298141061974,3.3631298141061974,7.564741464491841,0.0,0.0,2.3847664156166593,2.789026175219055,1.4270898204681972,3.2395793595137388,3.1044487657910897,3.4769291591739364,4.671918459092417,5.084754368348539,4.764477780868424,3.2395793595137388,0.8832444151045368,2.9553406298150247,4.972815470286801,0.0,1.4270898204681972,8.311496359983312,2.3847664156166593,0.0,0.0,3.680691375373276,7.00587515948933,0.8832444151045368,0.0,0.0,2.601009991123668,5.011101629818237,8.948948049423024,0.0,4.161111641745278,0.8832444151045368,0.8832444151045368,1.4270898204681972,0.0,0.0,0.8832444151045368,2.1302966029389028,0.0,0.8832444151045368,0.0,1.4270898204681972,0.8832444151045368,0.0,7.200670452845431,4.718940286453115,0.0,2.1302966029389028,0.0,3.582404632008061,1.4270898204681972,3.859204199690137,0.8832444151045368,0.0,1.821120813526774,3.940807399260333,2.1302966029389028,0.0,7.891572513099125,11.05494211850513,1.821120813526774,0.0,11.294479513005522,0.0,0.0,1.821120813526774,4.410642909499437,1.4270898204681972,0.0,0.8832444151045368,1.821120813526774,0.8832444151045368,4.466820738245179,0.8832444151045368,0.8832444151045368,3.772707078234665,0.0,0.8832444151045368,1.4270898204681972,1.821120813526774,0.0,0.0,0.8832444151045368,0.8832444151045368,4.018040933810158,4.764477780868424,0.8832444151045368,5.667511914228086,3.3631298141061974,0.0,3.859204199690137
GSM5016129,1.3600231241755032,5.974810827506229,7.957503062151947,4.417488551816763,3.9896370429486665,4.05908954018943,8.18813700259838,0.0,0.0,0.0,1.3600231241755032,3.0091712540757904,3.3786999421452095,0.0,0.0,1.3600231241755032,1.3600231241755032,10.8136153462725,1.3600231241755032,1.3600231241755032,9.376297241683384,1.3600231241755032,8.21881124835699,1.3600231241755032,0.0,0.0,0.0,3.1431427197744095,8.045694219173432,9.270464400782762,2.047463661317692,2.297846525898023,6.546071555005933,0.0,0.0,1.3600231241755032,0.8346679133242185,2.51113371995139,1.3600231241755032,0.8346679133242185,2.297846525898023,0.0,0.0,8.156796374050417,0.0,0.0,0.0,1.3600231241755032,2.51113371995139,0.8346679133242185,0.0,0.0,0.0,0.0,0.0,0.8346679133242185,3.9896370429486665,0.0,0.8346679133242185,2.51113371995139,0.0,2.51113371995139,0.8346679133242185,11.986441447423458,14.75840118975008,0.0,10.572182016382497,0.0,2.297846525898023,10.645281171735816,0.8346679133242185,3.839817524812678,4.469433739303357,3.4834680826613083,7.2046150574093115,2.696911966251741,1.3600231241755032,0.8346679133242185,3.1431427197744095,0.0,10.2443539486924,2.51113371995139,1.3600231241755032,0.0,1.3600231241755032,2.696911966251741,0.0,0.0,2.047463661317692,2.696911966251741,0.0,0.0,0.8346679133242185,0.0,3.2657236001545473,0.0,0.8346679133242185,8.972709137508938,0.0,8.709349119978437,0.0,1.3600231241755032,0.8346679133242185,3.839817524812678,1.3600231241755032,2.297846525898023,9.124200010261266,2.696911966251741,3.5811403797582404,0.0,2.51113371995139,0.8346679133242185,0.0,2.696911966251741,0.0,0.0,0.8346679133242185,0.8346679133242185,2.047463661317692,2.696911966251741,0.0,0.0,2.8614734101165453,0.8346679133242185,2.047463661317692,1.3600231241755032,0.0,1.7443072556516257,0.0,1.7443072556516257,0.0,2.51113371995139,3.4834680826613083,2.8614734101165453,1.3600231241755032,0.0,2.297846525898023,9.259441260100424,7.165783912855235,1.7443072556516257,0.8346679133242185,6.888949842154277,3.4834680826613083,2.297846525898023,1.3600231241755032,1.3600231241755032,0.8346679133242185,1.3600231241755032,2.047463661317692,0.0,7.997857486774676,2.297846525898023,3.3786999421452095,3.5811403797582404,4.788538507924935,10.326750031300485,3.0091712540757904,0.0,0.0,0.8346679133242185,6.338273573677157,1.7443072556516257,1.3600231241755032,0.8346679133242185,5.843183553600593,1.7443072556516257,4.188703352384451,1.3600231241755032,0.0,6.780035225804142,2.047463661317692,0.0,7.133948472797766,1.7443072556516257,0.0,0.0,0.8346679133242185,2.047463661317692,5.299716379763458,6.63972786124671,0.0,14.748580295936668,1.7443072556516257,1.7443072556516257,0.0,1.3600231241755032,0.0,0.0,0.0,5.083415573991114,4.363602960594703,0.0,2.047463661317692,0.8346679133242185,2.51113371995139,0.0,0.0,2.696911966251741,2.51113371995139,5.782875225548842,0.8346679133242185,0.8346679133242185,4.469433739303357,1.7443072556516257,0.0,0.0,0.0,0.0,0.8346679133242185,0.0,0.0,1.7443072556516257,1.3600231241755032,0.8346679133242185,4.1253515435979935,1.3600231241755032,0.8346679133242185,7.804123257167446,2.8614734101165453,0.0,0.0,2.297846525898023,5.383331610600528,0.8346679133242185,0.0,0.0,0.0,2.51113371995139,5.462365036788875,0.0,0.0,0.0,2.51113371995139,2.51113371995139,5.015152249429615,2.8614734101165453,1.3600231241755032,2.047463661317692,1.3600231241755032,0.0,2.696911966251741,0.0,2.51113371995139,2.51113371995139,7.437612461735998,4.614909691936202,0.8346679133242185,3.3786999421452095,0.8346679133242185,2.51113371995139,1.3600231241755032,5.698330190768081,4.1253515435979935,0.8346679133242185,1.3600231241755032,8.289150639608627,0.0,0.0,8.576503181885935,10.626814663194946,0.8346679133242185,0.0,10.757264823424338,0.0,0.0,1.3600231241755032,2.51113371995139,0.0,0.0,0.8346679133242185,0.0,1.3600231241755032,5.083415573991114,0.0,0.8346679133242185,4.906290278591366,0.0,0.0,1.7443072556516257,0.0,0.0,0.0,1.3600231241755032,0.8346679133242185,4.249389876548401,2.51113371995139,3.0091712540757904,4.828866448170336,1.3600231241755032,0.0,3.7586382785543058
GSM5016076,1.585387025260146,5.585585978143812,1.0003184051148932,5.7555124532088255,2.3224375093458396,0.0,7.170557320578592,1.585387025260146,0.0,1.0003184051148932,0.0,0.0,6.286030797280147,0.0,1.0003184051148932,0.0,1.0003184051148932,4.322533004535027,1.0003184051148932,2.000477581324021,7.680113734111561,2.585493136879056,7.50842788236789,4.585572715471775,3.701027488092043,0.0,0.0,1.0003184051148932,4.524171017526041,6.644486563738657,2.585493136879056,4.701051973310729,3.5855461897619247,0.0,0.0,0.0,0.0,2.000477581324021,4.460039421979902,2.000477581324021,3.322501173507631,1.0003184051148932,1.585387025260146,2.3224375093458396,2.3224375093458396,1.0003184051148932,1.585387025260146,0.0,0.0,2.000477581324021,0.0,1.0003184051148932,2.3224375093458396,0.0,0.0,2.000477581324021,4.907506115442583,0.0,0.0,4.907506115442583,0.0,0.0,1.0003184051148932,4.088062133708909,0.0,0.0,0.0,0.0,1.585387025260146,4.585572715471775,4.088062133708909,1.0003184051148932,4.8079689261555325,1.0003184051148932,7.410023931402793,3.807946189922382,3.460010484769331,1.0003184051148932,7.451844214089203,0.0,7.629990144899913,1.0003184051148932,2.585493136879056,0.0,2.585493136879056,2.585493136879056,0.0,1.0003184051148932,4.755500664185077,1.0003184051148932,0.0,1.585387025260146,2.3224375093458396,1.585387025260146,2.807900716381114,1.0003184051148932,1.585387025260146,4.248530747791528,0.0,2.3224375093458396,2.000477581324021,2.000477581324021,1.0003184051148932,6.966415931830034,2.000477581324021,0.0,8.539793839790864,2.585493136879056,3.0005571628432013,1.0003184051148932,2.807900716381114,0.0,0.0,2.000477581324021,0.0,1.0003184051148932,1.0003184051148932,2.3224375093458396,1.585387025260146,1.0003184051148932,3.5855461897619247,2.585493136879056,0.0,1.585387025260146,1.0003184051148932,3.5855461897619247,1.585387025260146,2.000477581324021,0.0,0.0,0.0,0.0,1.585387025260146,0.0,0.0,2.000477581324021,1.0003184051148932,4.322533004535027,2.3224375093458396,4.170526374343837,1.0003184051148932,2.585493136879056,5.52418485684429,1.585387025260146,2.3224375093458396,1.0003184051148932,1.585387025260146,1.0003184051148932,1.585387025260146,0.0,0.0,0.0,0.0,0.0,1.0003184051148932,1.585387025260146,0.0,1.0003184051148932,0.0,0.0,8.451846032948298,5.555212046917052,4.088062133708909,0.0,3.322501173507631,0.0,2.000477581324021,2.000477581324021,1.0003184051148932,5.585585978143812,2.000477581324021,1.585387025260146,2.000477581324021,0.0,1.0003184051148932,1.0003184051148932,0.0,4.088062133708909,7.983627798461411,8.814416516523606,0.0,4.907506115442583,0.0,0.0,0.0,0.0,1.0003184051148932,2.000477581324021,6.460061124506939,6.508424384555832,4.088062133708909,1.0003184051148932,1.585387025260146,1.0003184051148932,1.585387025260146,1.0003184051148932,1.0003184051148932,1.0003184051148932,1.585387025260146,7.781993559860531,1.0003184051148932,0.0,1.0003184051148932,3.5855461897619247,1.585387025260146,2.000477581324021,1.585387025260146,3.0005571628432013,4.644467465543594,4.322533004535027,3.5855461897619247,6.304409429906111,1.0003184051148932,2.585493136879056,5.781984878915011,2.3224375093458396,1.585387025260146,8.248562159337602,5.000616846101878,0.0,0.0,4.755500664185077,7.775420892724078,1.0003184051148932,1.585387025260146,0.0,2.000477581324021,6.358180981161682,3.170491006405561,1.0003184051148932,1.0003184051148932,0.0,0.0,5.8832689994725795,1.0003184051148932,1.585387025260146,0.0,4.644467465543594,0.0,1.0003184051148932,0.0,0.0,0.0,1.0003184051148932,5.170544057987836,1.0003184051148932,0.0,0.0,0.0,1.0003184051148932,0.0,2.000477581324021,1.0003184051148932,1.0003184051148932,0.0,0.0,0.0,0.0,5.7555124532088255,8.76550686726104,4.460039421979902,0.0,8.807990241048694,0.0,2.3224375093458396,0.0,1.585387025260146,0.0,0.0,1.585387025260146,1.585387025260146,0.0,7.50842788236789,3.170491006405561,4.088062133708909,3.5855461897619247,0.0,1.0003184051148932,1.585387025260146,1.585387025260146,2.585493136879056,0.0,0.0,0.0,6.492482762957557,0.0,4.907506115442583,3.0005571628432013,1.585387025260146,1.0003184051148932,3.701027488092043
GSM5016111,1.1006378254885902,3.344254498686825,3.171761453842409,3.344254498686825,1.7176444564265372,0.0,6.024401897866582,0.0,1.1006378254885902,0.0,0.0,2.748992282712346,2.748992282712346,0.0,0.0,2.148441010445602,0.0,5.09551726671411,0.0,0.0,5.582685071299664,1.1006378254885902,9.07390740446044,3.498308740658936,2.9758078746802163,0.0,0.0,0.0,7.1120680583046605,7.56865268829181,3.344254498686825,1.7176444564265372,5.318780439374541,1.1006378254885902,2.148441010445602,0.0,2.4797425666002204,1.7176444564265372,2.4797425666002204,1.1006378254885902,3.498308740658936,1.1006378254885902,0.0,2.9758078746802163,0.0,1.1006378254885902,1.7176444564265372,1.1006378254885902,1.7176444564265372,1.1006378254885902,0.0,0.0,0.0,0.0,0.0,0.0,3.881071146234026,0.0,1.1006378254885902,2.9758078746802163,1.1006378254885902,1.1006378254885902,3.881071146234026,4.433019959662616,1.1006378254885902,1.1006378254885902,0.0,0.0,0.0,0.0,1.7176444564265372,1.7176444564265372,8.001252476141685,0.0,5.834919641426765,0.0,1.1006378254885902,0.0,2.148441010445602,0.0,7.226742847600483,3.344254498686825,6.191862124281691,3.498308740658936,1.1006378254885902,0.0,0.0,0.0,1.7176444564265372,1.1006378254885902,0.0,1.1006378254885902,1.7176444564265372,0.0,3.76441441172214,0.0,0.0,2.148441010445602,0.0,2.748992282712346,0.0,1.7176444564265372,0.0,3.76441441172214,1.7176444564265372,1.1006378254885902,10.173240851889435,3.881071146234026,1.1006378254885902,0.0,4.888128068933567,1.7176444564265372,0.0,2.4797425666002204,0.0,0.0,0.0,2.748992282712346,3.344254498686825,0.0,0.0,1.7176444564265372,2.9758078746802163,0.0,0.0,2.4797425666002204,0.0,0.0,1.1006378254885902,1.1006378254885902,0.0,0.0,3.988996597825534,0.0,6.40170079154288,0.0,2.148441010445602,5.233574965747003,3.498308740658936,0.0,3.76441441172214,2.748992282712346,3.637488310460331,1.1006378254885902,2.4797425666002204,3.171761453842409,1.1006378254885902,1.1006378254885902,1.7176444564265372,0.0,3.637488310460331,0.0,2.148441010445602,1.1006378254885902,0.0,6.122459211772612,2.4797425666002204,1.1006378254885902,1.7176444564265372,1.7176444564265372,5.745419172642646,2.9758078746802163,1.7176444564265372,0.0,4.7720640912599,1.7176444564265372,3.988996597825534,0.0,2.4797425666002204,4.183281820927349,0.0,2.4797425666002204,1.1006378254885902,0.0,2.748992282712346,1.1006378254885902,0.0,1.1006378254885902,4.433019959662616,5.649996972630489,1.7176444564265372,1.1006378254885902,2.4797425666002204,1.1006378254885902,0.0,2.4797425666002204,1.1006378254885902,0.0,0.0,3.637488310460331,1.1006378254885902,1.1006378254885902,1.1006378254885902,1.1006378254885902,0.0,0.0,0.0,3.881071146234026,2.4797425666002204,4.995546020340754,1.1006378254885902,2.9758078746802163,4.354481202955032,3.76441441172214,0.0,2.748992282712346,3.344254498686825,3.881071146234026,4.354481202955032,3.637488310460331,3.171761453842409,2.748992282712346,1.1006378254885902,1.1006378254885902,3.171761453842409,1.1006378254885902,2.4797425666002204,7.181960697604951,1.7176444564265372,0.0,0.0,4.27141947447582,7.4126564872894525,2.148441010445602,0.0,0.0,1.1006378254885902,5.318780439374541,4.995546020340754,0.0,0.0,0.0,0.0,1.1006378254885902,0.0,0.0,0.0,1.7176444564265372,2.148441010445602,1.1006378254885902,1.7176444564265372,1.7176444564265372,0.0,0.0,6.024401897866582,3.881071146234026,6.792744776763575,1.7176444564265372,0.0,2.148441010445602,2.9758078746802163,3.171761453842409,1.1006378254885902,1.1006378254885902,1.1006378254885902,3.344254498686825,1.1006378254885902,0.0,6.382038209039857,10.308288690124115,0.0,1.1006378254885902,9.934278483671571,0.0,0.0,0.0,2.4797425666002204,1.7176444564265372,0.0,1.1006378254885902,0.0,1.1006378254885902,2.148441010445602,0.0,0.0,4.995546020340754,0.0,0.0,1.7176444564265372,0.0,0.0,1.1006378254885902,1.1006378254885902,0.0,2.748992282712346,2.4797425666002204,1.1006378254885902,4.433019959662616,1.1006378254885902,0.0,7.1120680583046605
GSM5016184,0.0,4.743356360961713,2.622230152665737,5.054471648555807,1.1948767600661387,0.0,6.737669539798116,1.1948767600661387,2.2832575267981703,1.1948767600661387,2.8965167248403607,1.83935720270678,5.054471648555807,1.1948767600661387,0.0,0.0,1.1948767600661387,4.937947590006247,2.622230152665737,4.25168414934115,7.341243886713245,5.109384451590425,8.76645662007994,1.83935720270678,1.83935720270678,2.622230152665737,2.8965167248403607,0.0,3.6557267447562896,8.058457575535874,3.6557267447562896,2.8965167248403607,4.597325548837594,0.0,4.0418591405095095,4.0418591405095095,2.2832575267981703,0.0,5.914220714152945,1.1948767600661387,2.8965167248403607,0.0,0.0,1.1948767600661387,0.0,1.1948767600661387,4.875955016350343,0.0,3.796237198299856,4.875955016350343,0.0,1.1948767600661387,0.0,1.83935720270678,1.1948767600661387,3.1268930140844335,4.518364980947187,0.0,2.8965167248403607,4.99738573124483,1.83935720270678,3.6557267447562896,5.751125262990004,4.518364980947187,0.0,0.0,0.0,0.0,0.0,2.622230152665737,6.115416098380735,1.83935720270678,5.109384451590425,4.150582896126612,8.535335810187348,1.1948767600661387,1.1948767600661387,3.796237198299856,7.949810819721314,1.1948767600661387,5.914220714152945,3.3254971311290267,4.937947590006247,1.83935720270678,4.346162043668614,0.0,0.0,0.0,4.672187836950627,0.0,1.83935720270678,4.0418591405095095,5.109384451590425,2.622230152665737,4.672187836950627,0.0,0.0,2.8965167248403607,1.83935720270678,3.6557267447562896,0.0,3.796237198299856,0.0,5.605919541796033,1.1948767600661387,0.0,10.60347689871792,5.109384451590425,0.0,0.0,1.83935720270678,0.0,1.1948767600661387,1.83935720270678,2.2832575267981703,0.0,0.0,4.150582896126612,2.622230152665737,0.0,2.622230152665737,5.356384549344863,0.0,2.8965167248403607,0.0,3.1268930140844335,0.0,4.346162043668614,0.0,1.83935720270678,1.83935720270678,2.2832575267981703,3.796237198299856,1.1948767600661387,4.346162043668614,0.0,3.1268930140844335,5.643613934254602,3.924269076635919,4.937947590006247,5.401087313693525,3.500039983493771,4.0418591405095095,4.0418591405095095,3.3254971311290267,4.99738573124483,1.83935720270678,0.0,2.622230152665737,0.0,4.0418591405095095,2.622230152665737,2.622230152665737,2.622230152665737,1.1948767600661387,3.924269076635919,2.8965167248403607,0.0,2.622230152665737,4.25168414934115,4.875955016350343,3.796237198299856,3.500039983493771,0.0,6.491186741757955,2.622230152665737,3.500039983493771,3.1268930140844335,1.1948767600661387,4.25168414934115,0.0,4.346162043668614,2.622230152665737,0.0,3.796237198299856,3.6557267447562896,1.1948767600661387,1.83935720270678,10.350634029379028,8.030275690334042,0.0,5.213311396589941,0.0,0.0,2.622230152665737,3.1268930140844335,1.1948767600661387,1.1948767600661387,7.318118765582926,6.383914659253731,5.567213795746432,2.8965167248403607,4.518364980947187,2.2832575267981703,0.0,2.622230152665737,2.622230152665737,2.8965167248403607,3.1268930140844335,10.473458723539997,2.622230152665737,0.0,4.597325548837594,0.0,0.0,1.1948767600661387,0.0,1.1948767600661387,1.1948767600661387,2.622230152665737,1.83935720270678,3.924269076635919,0.0,1.1948767600661387,5.751125262990004,0.0,5.401087313693525,8.313591327160538,2.8965167248403607,1.83935720270678,0.0,7.544210225831436,10.806132965952674,3.3254971311290267,0.0,1.1948767600661387,0.0,7.329727660048115,5.054471648555807,0.0,1.83935720270678,0.0,0.0,3.1268930140844335,1.83935720270678,1.83935720270678,1.83935720270678,3.500039983493771,1.1948767600661387,4.25168414934115,0.0,1.1948767600661387,1.83935720270678,1.1948767600661387,6.737669539798116,4.434831298972185,4.150582896126612,0.0,0.0,3.500039983493771,0.0,2.8965167248403607,1.1948767600661387,0.0,0.0,3.3254971311290267,1.83935720270678,1.1948767600661387,6.427785190711237,10.721639123106526,0.0,1.83935720270678,10.931423544040582,0.0,2.2832575267981703,1.1948767600661387,1.83935720270678,2.2832575267981703,2.2832575267981703,1.1948767600661387,1.83935720270678,2.622230152665737,4.99738573124483,5.818591598677492,6.932979566398424,5.605919541796033,1.83935720270678,0.0,1.83935720270678,0.0,1.1948767600661387,0.0,0.0,1.1948767600661387,3.1268930140844335,3.796237198299856,4.346162043668614,4.811178551920815,0.0,0.0,4.150582896126612
GSM5016099,0.0,1.6455399034999547,2.067973813370237,1.6455399034999547,1.6455399034999547,0.0,6.775591964170472,0.0,0.0,1.0456698404637488,1.0456698404637488,3.4031206338215214,2.394321621211038,0.0,0.0,2.067973813370237,2.394321621211038,5.732049502891508,1.6455399034999547,0.0,5.514173814757568,3.0789978117847827,9.509771095812434,2.394321621211038,1.6455399034999547,0.0,0.0,0.0,6.747286146909005,9.640568735892607,2.067973813370237,2.6602949980910435,7.733358374436545,2.8847830249271236,0.0,0.0,0.0,0.0,4.2550110526492055,1.0456698404637488,3.0789978117847827,1.0456698404637488,1.0456698404637488,1.6455399034999547,0.0,1.6455399034999547,0.0,1.0456698404637488,2.067973813370237,2.6602949980910435,0.0,0.0,1.0456698404637488,0.0,0.0,1.0456698404637488,3.9910042534029584,0.0,0.0,2.394321621211038,1.0456698404637488,3.0789978117847827,5.67308306392286,7.473120300562536,0.0,0.0,0.0,0.0,0.0,0.0,4.17226296242353,0.0,4.787020480600247,1.0456698404637488,6.01924546048312,0.0,1.0456698404637488,2.394321621211038,0.0,0.0,10.814400531609657,4.17226296242353,5.2167278699729085,3.4031206338215214,1.6455399034999547,4.787020480600247,2.394321621211038,0.0,1.6455399034999547,0.0,0.0,0.0,1.0456698404637488,0.0,2.8847830249271236,0.0,0.0,1.6455399034999547,0.0,4.17226296242353,0.0,1.6455399034999547,0.0,2.067973813370237,0.0,1.6455399034999547,9.771070416890298,3.250142518258453,2.8847830249271236,2.067973813370237,3.4031206338215214,0.0,0.0,2.394321621211038,0.0,0.0,0.0,2.067973813370237,3.4031206338215214,5.041319125638215,0.0,1.0456698404637488,2.394321621211038,0.0,2.394321621211038,0.0,0.0,2.6602949980910435,1.0456698404637488,2.067973813370237,1.0456698404637488,1.6455399034999547,2.067973813370237,1.0456698404637488,6.154725438811386,2.067973813370237,2.394321621211038,5.611603439102955,4.2550110526492055,4.944909442454186,1.0456698404637488,3.4031206338215214,4.730302491618509,1.0456698404637488,2.067973813370237,1.6455399034999547,0.0,0.0,0.0,1.0456698404637488,2.8847830249271236,3.5414214131013724,3.6676163384078433,3.0789978117847827,0.0,4.084478382133648,2.394321621211038,1.0456698404637488,2.6602949980910435,0.0,4.609704213784901,5.174834294933675,0.0,1.6455399034999547,5.409684853475747,3.6676163384078433,3.6676163384078433,1.0456698404637488,2.067973813370237,7.996465460550328,3.0789978117847827,1.6455399034999547,2.067973813370237,1.0456698404637488,1.0456698404637488,1.0456698404637488,1.0456698404637488,2.067973813370237,4.333269348759588,6.8440181526452655,1.0456698404637488,0.0,0.0,3.250142518258453,0.0,1.6455399034999547,0.0,0.0,1.0456698404637488,2.067973813370237,1.6455399034999547,1.0456698404637488,0.0,0.0,0.0,2.8847830249271236,3.0789978117847827,6.596774377522134,0.0,5.895735289541104,0.0,1.0456698404637488,3.78365519992406,0.0,1.0456698404637488,0.0,0.0,2.394321621211038,3.0789978117847827,1.0456698404637488,2.6602949980910435,2.394321621211038,1.0456698404637488,1.0456698404637488,4.787020480600247,0.0,1.6455399034999547,7.651719227605074,5.8162125918767265,0.0,0.0,7.365499976832552,10.421907114933903,1.0456698404637488,0.0,0.0,1.0456698404637488,5.297033105012345,8.155702021254122,0.0,1.0456698404637488,0.0,0.0,2.067973813370237,0.0,0.0,1.6455399034999547,2.6602949980910435,2.394321621211038,1.0456698404637488,1.0456698404637488,0.0,0.0,0.0,7.689401539383904,3.6676163384078433,7.393167004814797,0.0,0.0,2.394321621211038,0.0,2.067973813370237,1.6455399034999547,0.0,1.6455399034999547,3.0789978117847827,0.0,0.0,7.953750092191157,11.0272675678172,2.8847830249271236,0.0,10.918820104157728,0.0,0.0,2.067973813370237,3.4031206338215214,1.6455399034999547,0.0,1.0456698404637488,0.0,0.0,0.0,2.6602949980910435,3.5414214131013724,5.547386827478396,1.0456698404637488,1.0456698404637488,1.6455399034999547,0.0,0.0,0.0,0.0,0.0,3.6676163384078433,3.9910042534029584,0.0,5.041319125638215,0.0,0.0,3.78365519992406
GSM5016173,0.9643575861652006,1.5372408791672196,0.0,5.736488435588691,5.7620003581791845,2.525059681715719,6.8110824941480335,0.0,0.9643575861652006,0.0,1.5372408791672196,1.9462006359656032,3.5189302957709887,0.0,0.9643575861652006,1.9462006359656032,0.0,7.303297548606,0.9643575861652006,0.9643575861652006,11.246384049922446,1.5372408791672196,6.09876500693163,3.3939577079175547,3.257123852184808,0.0,0.0,1.9462006359656032,5.906266690474185,6.8826054136463775,0.0,3.105938819960864,4.390604697198188,0.9643575861652006,0.0,0.0,0.0,0.9643575861652006,3.3939577079175547,3.3939577079175547,3.105938819960864,0.0,0.0,0.0,0.0,1.5372408791672196,2.525059681715719,0.9643575861652006,0.0,2.93703574315779,1.9462006359656032,0.9643575861652006,0.0,0.0,0.9643575861652006,1.5372408791672196,5.2151112863237525,0.9643575861652006,0.9643575861652006,0.0,0.0,0.0,0.9643575861652006,0.0,1.5372408791672196,0.0,0.0,0.0,5.85976259688145,2.93703574315779,6.748646152581683,0.0,6.420487610655015,5.736488435588691,10.41369318545682,0.9643575861652006,3.257123852184808,0.9643575861652006,1.5372408791672196,0.0,9.926475044768276,1.5372408791672196,4.390604697198188,3.3939577079175547,0.0,0.9643575861652006,0.0,1.5372408791672196,2.525059681715719,2.264469757289995,3.257123852184808,0.0,1.9462006359656032,1.9462006359656032,5.995005864256914,1.5372408791672196,0.0,2.7457035055669587,1.5372408791672196,3.5189302957709887,0.0,2.264469757289995,0.9643575861652006,6.214163192752277,2.93703574315779,0.0,4.97444779370013,0.9643575861652006,2.7457035055669587,0.0,0.0,0.0,0.0,3.839629382329703,0.0,0.0,0.9643575861652006,1.5372408791672196,4.323650345348902,0.9643575861652006,0.0,0.9643575861652006,2.7457035055669587,0.0,0.0,5.736488435588691,0.9643575861652006,4.390604697198188,1.9462006359656032,0.9643575861652006,0.9643575861652006,0.0,1.9462006359656032,0.9643575861652006,3.105938819960864,0.0,1.5372408791672196,5.355797479831213,3.839629382329703,4.101843867240901,0.0,4.323650345348902,7.078080579841768,2.7457035055669587,3.839629382329703,2.264469757289995,0.9643575861652006,1.5372408791672196,1.5372408791672196,0.0,2.264469757289995,0.9643575861652006,0.9643575861652006,1.5372408791672196,0.0,2.264469757289995,1.9462006359656032,0.0,2.525059681715719,0.0,9.240811597795956,0.9643575861652006,2.7457035055669587,0.0,5.684069927896656,1.5372408791672196,2.264469757289995,3.932431370979922,0.9643575861652006,1.5372408791672196,1.5372408791672196,1.9462006359656032,5.928968422605093,4.101843867240901,0.0,0.0,0.9643575861652006,4.253436825415066,6.642762595326552,9.575362979937143,0.9643575861652006,3.3939577079175547,0.0,1.5372408791672196,0.9643575861652006,0.0,1.5372408791672196,1.5372408791672196,1.9462006359656032,4.390604697198188,3.257123852184808,0.0,2.7457035055669587,1.9462006359656032,0.0,0.0,0.0,6.268575850229685,1.5372408791672196,7.1856838371652305,1.5372408791672196,0.0,1.9462006359656032,3.6339349415738087,0.0,1.5372408791672196,0.9643575861652006,2.93703574315779,3.105938819960864,3.257123852184808,3.932431370979922,4.737808483334827,2.264469757289995,4.737808483334827,7.557542688425519,1.5372408791672196,0.9643575861652006,8.757697673458688,3.5189302957709887,0.0,0.0,3.3939577079175547,4.788343557395853,1.5372408791672196,0.0,0.9643575861652006,0.9643575861652006,3.839629382329703,5.355797479831213,0.0,3.105938819960864,1.5372408791672196,0.9643575861652006,1.5372408791672196,2.264469757289995,0.9643575861652006,2.93703574315779,5.099792023941752,0.9643575861652006,0.0,0.0,0.0,2.264469757289995,0.9643575861652006,6.467766808312348,1.9462006359656032,5.48397523382525,1.9462006359656032,0.9643575861652006,0.0,0.0,7.026384561761634,4.930123662557203,0.9643575861652006,0.0,1.5372408791672196,0.0,0.0,6.600963144443906,8.709340197534898,0.0,0.0,8.813665121207658,0.0,0.0,1.9462006359656032,1.5372408791672196,0.0,0.9643575861652006,0.0,3.3939577079175547,0.9643575861652006,3.932431370979922,0.9643575861652006,2.264469757289995,2.525059681715719,0.0,1.9462006359656032,0.0,1.5372408791672196,2.7457035055669587,0.9643575861652006,0.0,0.0,4.390604697198188,3.932431370979922,0.0,1.9462006359656032,2.264469757289995,0.0,2.93703574315779
GSM5016040,0.6932719487727412,4.611406542659627,3.2686216889458435,5.7564202019313955,3.070965955713099,1.1595600899892744,6.2294644981710805,0.0,0.0,1.1595600899892744,0.0,2.4110534640322028,5.485529930927073,0.6932719487727412,0.0,1.7940148782861156,1.1595600899892744,6.528385072521147,1.7940148782861156,3.73757104733001,8.768009885208771,2.0302416099217915,9.240768982290936,2.712049530006215,2.2331760521804855,2.0302416099217915,2.0302416099217915,0.0,1.7940148782861156,8.349306920338917,3.4424318707715016,3.73757104733001,5.882471172335467,0.6932719487727412,1.1595600899892744,3.2686216889458435,0.6932719487727412,2.2331760521804855,1.511386825278917,0.0,3.802800839731729,1.1595600899892744,0.0,3.2686216889458435,2.2331760521804855,1.1595600899892744,2.0302416099217915,0.6932719487727412,2.0302416099217915,5.485529930927073,0.6932719487727412,0.0,0.0,0.0,0.0,4.497812096738495,5.543930151769027,1.511386825278917,4.239661428551429,7.554088355029387,0.0,0.0,1.511386825278917,8.98378936615386,6.8625629277762945,0.0,0.6932719487727412,1.511386825278917,0.0,2.960958599397847,6.499164121988234,1.1595600899892744,5.9843978802516435,3.5220671232201557,7.0148559630335345,0.0,4.936092895363133,2.4110534640322028,9.114786086524305,0.6932719487727412,7.974301468243332,4.330941368142901,3.73757104733001,1.1595600899892744,4.846121822395813,2.841865474470543,0.6932719487727412,0.0,2.841865474470543,0.6932719487727412,0.0,1.1595600899892744,1.511386825278917,1.511386825278917,2.960958599397847,0.0,0.0,2.960958599397847,0.6932719487727412,4.416788046912198,2.2331760521804855,1.511386825278917,2.5693870744676213,5.465525765229933,1.1595600899892744,0.0,10.323934009954824,4.2860231931255575,1.7940148782861156,0.6932719487727412,4.416788046912198,0.6932719487727412,0.0,2.2331760521804855,0.0,0.0,0.0,2.712049530006215,2.4110534640322028,2.2331760521804855,1.1595600899892744,1.511386825278917,3.802800839731729,3.070965955713099,1.7940148782861156,5.126479724364474,0.0,4.716705984480871,1.511386825278917,0.6932719487727412,0.6932719487727412,2.2331760521804855,2.4110534640322028,0.6932719487727412,4.090904999774907,0.0,2.5693870744676213,5.706159190199248,3.173176144242742,5.151737243789148,1.1595600899892744,1.511386825278917,4.330941368142901,2.2331760521804855,1.7940148782861156,2.960958599397847,0.6932719487727412,1.511386825278917,4.2860231931255575,2.0302416099217915,4.2860231931255575,2.841865474470543,1.511386825278917,1.1595600899892744,3.070965955713099,4.1422137351321275,1.7940148782861156,0.0,3.73757104733001,0.6932719487727412,6.2175532309834285,2.960958599397847,3.070965955713099,0.0,5.618292324608361,2.0302416099217915,3.3581426936542234,1.511386825278917,0.6932719487727412,5.7564202019313955,0.6932719487727412,1.7940148782861156,2.5693870744676213,2.2331760521804855,1.7940148782861156,1.511386825278917,0.0,2.2331760521804855,9.593951427121812,8.050137624469212,0.6932719487727412,3.5220671232201557,1.7940148782861156,0.0,0.6932719487727412,0.0,1.1595600899892744,0.0,7.793550304818376,5.56288310757644,3.5220671232201557,0.6932719487727412,1.7940148782861156,1.1595600899892744,0.6932719487727412,0.6932719487727412,0.6932719487727412,2.0302416099217915,2.0302416099217915,10.959472718202028,3.98246576878936,0.0,7.345538168918946,2.5693870744676213,0.0,2.2331760521804855,1.511386825278917,1.7940148782861156,3.173176144242742,2.712049530006215,2.712049530006215,3.4424318707715016,0.6932719487727412,5.8364829567140815,3.865208482606903,1.511386825278917,2.0302416099217915,8.467171047508565,5.074598115924978,0.0,0.0,6.092697295894714,9.61793748741923,1.7940148782861156,0.0,0.6932719487727412,1.7940148782861156,9.047413533533442,6.079596193946699,1.1595600899892744,0.6932719487727412,1.1595600899892744,0.6932719487727412,3.5220671232201557,0.6932719487727412,0.0,2.4110534640322028,2.5693870744676213,0.0,1.7940148782861156,5.126479724364474,1.511386825278917,0.6932719487727412,0.6932719487727412,6.35438149182483,4.374503145056169,1.1595600899892744,0.0,0.0,0.0,0.6932719487727412,4.090904999774907,2.4110534640322028,0.0,0.0,3.5220671232201557,0.6932719487727412,0.0,6.252996003637759,10.134224325636476,2.960958599397847,0.0,10.211325324388964,0.0,1.7940148782861156,0.6932719487727412,1.511386825278917,0.6932719487727412,1.1595600899892744,0.0,2.841865474470543,0.6932719487727412,6.518710368424607,5.9270386128110735,7.04212620130145,3.2686216889458435,1.1595600899892744,1.7940148782861156,2.712049530006215,0.0,2.2331760521804855,0.6932719487727412,0.0,0.0,3.865208482606903,2.960958599397847,3.6692517243375113,3.6692517243375113,1.511386825278917,0.6932719487727412,4.75016447373412
GSM5016203,2.9474077383852837,6.908893624930951,0.0,6.491138643029407,2.9474077383852837,0.0,7.529706167757,0.0,0.0,0.0,1.421373883488416,2.1232719004325116,6.9289047503100605,2.1232719004325116,1.421373883488416,0.0,1.8145942364684855,4.343525245650372,1.421373883488416,0.8790801554736712,9.444391031521883,1.8145942364684855,2.9474077383852837,6.691850662086725,6.0174625964946715,0.0,0.0,0.0,0.0,8.0517457603429,2.1232719004325116,8.131622188404942,4.61457226283611,0.0,0.0,0.0,0.0,0.0,0.0,1.421373883488416,3.932291646704107,1.8145942364684855,2.1232719004325116,0.8790801554736712,2.78123714174997,3.2314359025830828,0.0,0.8790801554736712,0.0,2.59340484367731,0.0,0.0,0.0,2.1232719004325116,0.8790801554736712,4.152511638976103,5.480217234523811,4.009494170643601,4.458123213762576,3.096400257468625,0.0,0.0,2.1232719004325116,7.981628255724737,6.036032362260669,0.0,0.0,0.8790801554736712,0.0,7.240478504517206,6.836584490046987,3.096400257468625,5.396464750265556,6.142695021848937,9.507297478504984,4.458123213762576,4.924673789916037,3.4686390032279015,12.704408706859242,6.408036330581055,6.987324745608396,1.8145942364684855,3.574056636193207,0.8790801554736712,6.771583138450772,0.8790801554736712,0.0,1.421373883488416,4.458123213762576,2.59340484367731,2.1232719004325116,0.0,1.421373883488416,4.009494170643601,2.1232719004325116,0.0,0.8790801554736712,4.799837104834072,0.8790801554736712,0.8790801554736712,2.9474077383852837,2.78123714174997,1.421373883488416,6.379236654019296,1.8145942364684855,0.0,6.543994588256675,1.421373883488416,2.78123714174997,0.0,0.0,1.8145942364684855,0.0,2.1232719004325116,0.0,2.1232719004325116,3.4686390032279015,0.0,0.0,0.8790801554736712,2.377404588688108,0.0,2.1232719004325116,0.0,0.0,6.491138643029407,2.1232719004325116,4.152511638976103,0.0,0.0,0.0,1.421373883488416,4.663166176801582,0.8790801554736712,2.377404588688108,2.1232719004325116,1.421373883488416,5.002274245662127,2.9474077383852837,6.703514370921231,2.59340484367731,4.152511638976103,7.529706167757,3.2314359025830828,0.8790801554736712,1.421373883488416,1.421373883488416,0.0,3.096400257468625,0.0,0.0,0.0,0.8790801554736712,0.0,0.8790801554736712,6.0543661401073035,0.0,0.0,4.458123213762576,0.0,8.733477557634393,1.421373883488416,4.924673789916037,0.0,2.78123714174997,0.8790801554736712,1.421373883488416,5.337800523278095,0.0,0.0,0.0,0.0,5.751403285513209,1.421373883488416,0.0,0.0,0.0,2.78123714174997,10.787511467681874,9.750174910552245,0.0,7.8513831579598365,0.8790801554736712,0.0,2.1232719004325116,0.0,0.0,3.3549069894224814,8.68134633768162,7.333492024570234,5.179769610971285,0.0,2.377404588688108,1.421373883488416,0.0,0.0,0.0,2.1232719004325116,2.59340484367731,12.317466044625473,4.512180048245093,0.0,2.9474077383852837,5.795666903452045,3.850723066176813,5.039563348857666,5.367430798749566,2.78123714174997,7.287734731400502,7.088645856384917,6.715084538301153,4.710176509386858,0.0,5.533467502790676,6.888601023296429,1.8145942364684855,0.0,9.490564408953682,4.219032785998518,0.8790801554736712,2.78123714174997,6.948642101370003,10.270840230612798,1.8145942364684855,0.0,2.1232719004325116,3.932291646704107,7.427918410386543,5.002274245662127,0.0,0.0,4.458123213762576,0.0,4.219032785998518,2.377404588688108,3.4686390032279015,0.8790801554736712,4.84266085415992,0.0,0.0,0.0,0.0,1.8145942364684855,3.850723066176813,5.634411233815581,0.8790801554736712,0.8790801554736712,2.59340484367731,0.8790801554736712,0.0,0.8790801554736712,4.401961791939512,3.096400257468625,0.0,0.0,1.421373883488416,0.0,0.0,5.276649352515644,8.362505348168906,4.401961791939512,1.421373883488416,8.1359327121241,2.1232719004325116,3.096400257468625,0.0,0.0,0.0,0.0,2.59340484367731,3.096400257468625,0.0,9.591312309615258,2.59340484367731,4.512180048245093,0.0,0.0,0.8790801554736712,0.8790801554736712,2.78123714174997,3.096400257468625,2.78123714174997,0.0,0.0,6.656282849174244,1.8145942364684855,4.710176509386858,0.0,2.59340484367731,0.0,3.672293156283855
GSM5016187,0.0,1.8059442367605263,4.207584864386399,1.16882792099457,2.5833165670426452,0.0,6.31546205387334,0.0,0.0,0.0,0.0,1.16882792099457,1.16882792099457,0.0,0.0,0.0,1.8059442367605263,8.948584546520118,0.0,0.0,5.217246239355596,0.0,7.497881462159146,0.0,0.0,0.0,0.0,0.0,0.0,9.057372820101431,2.2463682546843935,0.0,5.5603089126394325,1.8059442367605263,1.16882792099457,1.16882792099457,1.8059442367605263,0.0,4.10666369759251,2.2463682546843935,0.0,0.0,0.0,5.705421617270485,0.0,0.0,1.8059442367605263,0.0,1.8059442367605263,1.16882792099457,1.16882792099457,0.0,0.0,0.0,0.0,0.0,3.612895852389708,0.0,0.0,2.2463682546843935,0.0,1.8059442367605263,1.16882792099457,3.4576359614682923,1.16882792099457,0.0,0.0,0.0,0.0,3.612895852389708,0.0,0.0,2.2463682546843935,1.16882792099457,4.301905484850869,0.0,0.0,0.0,1.8059442367605263,0.0,8.538158002839525,1.8059442367605263,0.0,0.0,0.0,1.16882792099457,1.16882792099457,0.0,1.16882792099457,0.0,0.0,0.0,1.8059442367605263,0.0,1.8059442367605263,1.16882792099457,0.0,1.16882792099457,0.0,6.776119794475425,0.0,1.16882792099457,1.16882792099457,2.2463682546843935,0.0,1.16882792099457,10.620077727835694,4.627461138617153,0.0,0.0,0.0,0.0,0.0,0.0,1.16882792099457,0.0,0.0,2.856278271609368,2.5833165670426452,1.16882792099457,0.0,2.5833165670426452,0.0,0.0,0.0,2.2463682546843935,0.0,0.0,0.0,0.0,0.0,1.16882792099457,1.16882792099457,1.8059442367605263,2.856278271609368,1.8059442367605263,1.16882792099457,3.612895852389708,2.2463682546843935,1.16882792099457,1.8059442367605263,3.612895852389708,4.10666369759251,2.2463682546843935,2.2463682546843935,1.8059442367605263,0.0,0.0,2.2463682546843935,0.0,5.634689006765377,2.2463682546843935,1.8059442367605263,2.2463682546843935,1.16882792099457,6.245978176533423,2.5833165670426452,1.16882792099457,0.0,1.16882792099457,4.766281516488738,7.34011150512059,0.0,1.8059442367605263,4.627461138617153,1.16882792099457,3.4576359614682923,0.0,0.0,4.952284727585036,1.16882792099457,2.2463682546843935,1.8059442367605263,0.0,0.0,1.8059442367605263,0.0,1.16882792099457,6.147799614193782,4.892908859564952,0.0,0.0,1.8059442367605263,0.0,0.0,0.0,2.2463682546843935,0.0,2.5833165670426452,1.8059442367605263,1.8059442367605263,2.2463682546843935,0.0,0.0,1.16882792099457,0.0,0.0,1.16882792099457,2.5833165670426452,7.260132376958765,1.16882792099457,2.2463682546843935,3.7530585709974336,1.16882792099457,0.0,0.0,0.0,0.0,2.2463682546843935,1.16882792099457,1.16882792099457,2.2463682546843935,0.0,1.16882792099457,1.8059442367605263,1.16882792099457,1.16882792099457,8.698469123942457,1.8059442367605263,0.0,0.0,4.207584864386399,7.998032375588431,0.0,0.0,0.0,0.0,2.5833165670426452,5.481884602757956,0.0,0.0,0.0,0.0,1.16882792099457,0.0,0.0,0.0,0.0,1.16882792099457,2.2463682546843935,0.0,1.16882792099457,0.0,1.16882792099457,4.83098402448011,1.16882792099457,0.0,1.16882792099457,0.0,0.0,1.16882792099457,1.16882792099457,0.0,0.0,1.16882792099457,6.147799614193782,0.0,0.0,6.824590557163735,10.16669848963572,0.0,0.0,10.061084465565456,0.0,0.0,0.0,2.5833165670426452,1.8059442367605263,0.0,1.16882792099457,0.0,0.0,3.08572002944051,3.08572002944051,4.301905484850869,3.880801710746243,0.0,0.0,2.5833165670426452,0.0,0.0,0.0,0.0,0.0,1.8059442367605263,2.5833165670426452,1.16882792099457,3.2836295970877933,0.0,0.0,3.998148192515832
GSM5016186,0.0,6.2317586503174365,4.65318679803857,4.50224606587037,3.459189792033008,0.0,6.609531066122504,0.0,0.0,0.0,0.8743482096809114,3.2221549134198564,6.572121218619485,2.938368143774686,2.584740827882187,0.0,0.0,9.93047159864644,0.0,0.0,8.889491995173914,4.914626193714379,6.411954092429381,6.957805447738078,5.741205947534156,0.0,2.1152725975471096,0.0,6.480863656254383,6.439914113814338,2.938368143774686,6.559432550783484,5.870103255706201,0.0,0.0,0.0,0.0,0.0,2.584740827882187,2.584740827882187,4.745698280250926,4.789820534859175,2.584740827882187,5.169666379818523,2.369019288095157,0.8743482096809114,0.0,1.4148712478428662,0.8743482096809114,2.938368143774686,2.1152725975471096,0.0,0.0,0.0,1.8071649188524697,0.0,5.297421300758149,3.459189792033008,0.0,5.741205947534156,0.8743482096809114,0.0,1.4148712478428662,5.065831120315339,0.8743482096809114,0.0,0.0,2.369019288095157,2.1152725975471096,4.99220867294854,3.459189792033008,0.8743482096809114,3.922583668713086,1.4148712478428662,8.46869812012265,2.584740827882187,4.914626193714379,0.8743482096809114,10.425998936547906,0.0,5.065831120315339,0.0,3.2221549134198564,0.0,4.209201734388381,0.0,1.8071649188524697,0.0,4.554334160820617,3.3455349925874978,0.0,0.0,0.0,0.0,2.772362423977824,0.0,0.0,3.922583668713086,0.0,5.442683600112032,2.772362423977824,0.0,0.0,6.681560619737044,2.772362423977824,0.0,7.87215350214547,2.1152725975471096,1.8071649188524697,0.0,2.1152725975471096,0.0,0.0,2.369019288095157,0.0,0.0,0.0,0.0,2.772362423977824,3.459189792033008,3.459189792033008,0.0,1.8071649188524697,3.2221549134198564,0.0,6.507531552174172,2.1152725975471096,0.0,0.0,0.8743482096809114,0.0,0.0,4.700183938765115,1.4148712478428662,2.369019288095157,2.369019288095157,0.0,4.33364791686758,2.584740827882187,4.27276624333028,0.0,4.14270700091179,7.638774496610885,2.369019288095157,0.0,0.0,0.8743482096809114,0.0,1.4148712478428662,0.0,4.14270700091179,2.369019288095157,0.0,0.0,0.0,10.245682986607196,0.0,0.0,5.807093661198688,0.0,8.077440848012486,0.0,6.247665002418977,0.0,2.1152725975471096,1.4148712478428662,0.0,3.3455349925874978,0.0,0.0,0.0,0.0,3.5645410890312377,2.772362423977824,0.0,0.0,0.0,4.14270700091179,9.00395497290757,9.094691852805804,0.0,7.033159020851024,0.0,0.0,0.0,0.0,0.0,2.369019288095157,7.417588059156948,6.738954524597881,3.922583668713086,0.0,1.8071649188524697,0.0,2.938368143774686,1.4148712478428662,0.8743482096809114,3.662720003918932,2.369019288095157,8.787093044770158,1.4148712478428662,0.0,3.459189792033008,6.3095926044837904,3.2221549134198564,5.648396467578079,6.007232660321611,3.0872281277718403,6.247665002418977,4.700183938765115,7.620566088761176,5.386321401148065,3.3455349925874978,2.369019288095157,5.523301727942852,0.0,2.584740827882187,9.173827887480153,5.718557287269631,0.0,0.0,4.8326333372374295,7.961667014661161,0.0,0.0,0.0,3.7546411969064297,6.397768217052708,2.1152725975471096,0.0,0.0,0.0,0.0,0.0,0.0,2.584740827882187,1.8071649188524697,3.0872281277718403,0.0,1.8071649188524697,0.0,1.4148712478428662,0.0,0.0,5.442683600112032,0.0,0.0,0.0,0.0,0.0,2.584740827882187,4.700183938765115,1.8071649188524697,0.8743482096809114,0.0,5.807093661198688,0.0,0.0,5.828404097786803,7.922567224285093,2.369019288095157,0.0,8.077440848012486,0.0,0.0,1.4148712478428662,2.772362423977824,0.0,0.0,0.0,0.8743482096809114,0.0,7.927513043138008,3.5645410890312377,4.448206674126411,3.0872281277718403,0.0,1.4148712478428662,0.0,0.0,0.8743482096809114,1.8071649188524697,0.0,0.0,4.953938880674141,2.772362423977824,5.523301727942852,0.8743482096809114,0.0,0.0,4.700183938765115
GSM5016078,1.8193625585934907,2.598961729418905,0.0,1.1792728978034288,2.2611933174881056,0.0,7.156215856823751,0.0,0.0,0.0,3.4746967941933327,3.1022813388667,0.0,0.0,0.0,2.2611933174881056,4.408305498101813,4.491766167988692,3.300472705652534,0.0,4.784354725860973,0.0,9.446688397263744,5.578672093371257,4.124339697715891,0.0,0.0,0.0,4.015739619382742,10.395065166631166,3.770433848450761,2.2611933174881056,7.455478525644144,0.0,4.784354725860973,0.0,2.598961729418905,0.0,3.1022813388667,0.0,1.8193625585934907,0.0,0.0,0.0,0.0,0.0,4.319718506765013,1.8193625585934907,3.630129957260743,2.2611933174881056,0.0,0.0,0.0,0.0,3.300472705652534,0.0,3.770433848450761,1.1792728978034288,0.0,0.0,0.0,0.0,0.0,8.650644252867549,2.2611933174881056,1.1792728978034288,0.0,0.0,0.0,0.0,1.1792728978034288,0.0,4.319718506765013,0.0,6.060924131894071,0.0,0.0,3.300472705652534,6.504436956704215,0.0,9.379797138140257,5.135243678364592,3.300472705652534,0.0,0.0,2.2611933174881056,0.0,0.0,0.0,0.0,0.0,3.1022813388667,3.770433848450761,2.2611933174881056,3.1022813388667,0.0,1.8193625585934907,4.015739619382742,0.0,3.1022813388667,0.0,3.4746967941933327,0.0,4.491766167988692,0.0,1.8193625585934907,9.669158974344688,3.1022813388667,2.2611933174881056,2.2611933174881056,3.300472705652534,0.0,0.0,1.1792728978034288,0.0,0.0,1.1792728978034288,5.53998202677852,2.598961729418905,4.645465143488426,0.0,5.723822601887772,4.319718506765013,0.0,3.1022813388667,3.1022813388667,0.0,3.300472705652534,0.0,2.2611933174881056,0.0,1.1792728978034288,3.300472705652534,1.1792728978034288,5.027492626381062,0.0,4.319718506765013,4.570661497984814,2.598961729418905,1.8193625585934907,6.7781802867679835,3.630129957260743,4.716580668162617,3.1022813388667,3.300472705652534,5.947246624003909,0.0,2.872460541340132,0.0,2.2611933174881056,3.1022813388667,2.872460541340132,3.300472705652534,1.8193625585934907,0.0,1.8193625585934907,0.0,1.1792728978034288,0.0,3.4746967941933327,3.630129957260743,4.645465143488426,0.0,0.0,5.917370370845274,3.630129957260743,4.491766167988692,0.0,2.598961729418905,7.455478525644144,0.0,4.970440811485002,1.8193625585934907,0.0,5.283135930111444,3.898294224948065,0.0,1.1792728978034288,5.082373873554102,5.855695153919208,1.1792728978034288,0.0,3.898294224948065,2.872460541340132,0.0,3.300472705652534,1.1792728978034288,0.0,1.1792728978034288,2.2611933174881056,0.0,1.8193625585934907,0.0,0.0,4.970440811485002,0.0,0.0,0.0,2.2611933174881056,5.791265114378362,1.8193625585934907,0.0,4.225334005796197,4.491766167988692,1.1792728978034288,2.2611933174881056,3.4746967941933327,0.0,2.872460541340132,3.630129957260743,3.4746967941933327,3.630129957260743,0.0,1.1792728978034288,1.1792728978034288,0.0,5.947246624003909,7.546123083719183,3.300472705652534,0.0,0.0,3.300472705652534,3.1022813388667,1.8193625585934907,0.0,0.0,5.459342714591328,1.1792728978034288,9.155025036125366,1.1792728978034288,2.2611933174881056,0.0,0.0,2.598961729418905,1.1792728978034288,0.0,0.0,1.8193625585934907,2.2611933174881056,3.1022813388667,1.1792728978034288,3.300472705652534,0.0,1.8193625585934907,7.402545479642438,4.319718506765013,0.0,1.1792728978034288,0.0,1.1792728978034288,0.0,2.598961729418905,1.1792728978034288,1.1792728978034288,1.8193625585934907,2.2611933174881056,0.0,0.0,8.20778496671078,11.653742019017526,0.0,1.1792728978034288,11.382278791197717,0.0,0.0,1.8193625585934907,4.784354725860973,1.8193625585934907,0.0,2.872460541340132,0.0,2.598961729418905,0.0,1.8193625585934907,3.1022813388667,6.288029863737685,1.1792728978034288,0.0,2.598961729418905,0.0,0.0,0.0,1.1792728978034288,0.0,0.0,3.770433848450761,0.0,4.570661497984814,0.0,0.0,5.53998202677852
GSM5016070,4.0140018093567225,7.605707740149223,2.086689715014335,6.398456845048818,3.690229113548648,0.0,7.793409327811246,0.0,0.0,0.0,0.0,0.0,6.907890270938179,2.41421603889391,2.41421603889391,0.0,1.662273287708712,4.81066720139096,1.058368008293002,1.058368008293002,9.03310198081277,6.588962586603648,5.60387174659951,6.398456845048818,4.968647536274273,2.086689715014335,1.662273287708712,1.058368008293002,5.017683950830898,8.404133352150389,1.662273287708712,7.706352876933423,4.356590248141682,0.0,2.41421603889391,2.086689715014335,0.0,2.41421603889391,4.69483620124432,2.41421603889391,6.043398349653638,0.0,2.680970565170114,2.906014354563811,4.0140018093567225,4.917885578609399,1.058368008293002,0.0,1.058368008293002,2.680970565170114,1.662273287708712,1.662273287708712,2.906014354563811,0.0,0.0,2.086689715014335,5.240601626048561,4.633235654047688,2.41421603889391,5.397043966098262,0.0,0.0,1.058368008293002,7.090872425534981,4.195441287085742,0.0,0.0,0.0,1.662273287708712,6.262662509235086,9.201726665143244,2.906014354563811,3.425347745304755,4.27826464017833,8.717809553436693,3.563858996206529,4.968647536274273,3.100644765759736,11.016783742475823,6.282861940550815,7.786351937949306,3.100644765759736,1.058368008293002,1.058368008293002,6.698281887737674,0.0,1.058368008293002,1.662273287708712,7.020439402714915,3.100644765759736,1.058368008293002,1.058368008293002,2.41421603889391,4.69483620124432,3.100644765759736,0.0,2.41421603889391,3.563858996206529,1.058368008293002,2.906014354563811,2.086689715014335,1.662273287708712,2.906014354563811,6.302782456663929,1.662273287708712,1.058368008293002,11.21507835033806,4.917885578609399,2.086689715014335,0.0,0.0,1.662273287708712,1.058368008293002,0.0,1.662273287708712,0.0,1.662273287708712,1.058368008293002,1.058368008293002,0.0,1.662273287708712,1.662273287708712,2.41421603889391,3.563858996206529,0.0,7.978179903035178,3.100644765759736,3.2721120286589933,0.0,0.0,0.0,0.0,3.563858996206529,2.906014354563811,6.302782456663929,3.425347745304755,0.0,4.568887100420365,2.680970565170114,4.10757199570293,2.41421603889391,4.195441287085742,8.085571192220117,4.27826464017833,2.680970565170114,1.662273287708712,3.690229113548648,0.0,4.10757199570293,0.0,0.0,1.058368008293002,1.058368008293002,1.662273287708712,0.0,5.893823667742378,2.41421603889391,0.0,4.430881554097888,1.058368008293002,7.613703909951816,2.41421603889391,5.359494860286676,1.058368008293002,4.0140018093567225,1.058368008293002,2.086689715014335,4.81066720139096,0.0,2.086689715014335,0.0,2.680970565170114,1.662273287708712,3.2721120286589933,0.0,2.086689715014335,0.0,5.840308800817131,10.62811844806163,9.973882451267356,0.0,8.09130930205069,0.0,0.0,3.690229113548648,0.0,0.0,3.690229113548648,9.376381734090447,8.589890411399283,5.538169467927171,0.0,3.690229113548648,2.086689715014335,0.0,0.0,0.0,3.690229113548648,2.086689715014335,9.44745085389197,1.662273287708712,0.0,2.680970565170114,6.505472915963214,2.086689715014335,3.2721120286589933,3.425347745304755,4.195441287085742,5.281331134270304,4.568887100420365,4.69483620124432,7.497511325257958,2.41421603889391,5.726928443772096,4.917885578609399,3.913939347587528,1.662273287708712,9.08003030489208,4.27826464017833,2.086689715014335,1.662273287708712,5.433640518942939,8.66491943062323,2.41421603889391,0.0,1.662273287708712,3.2721120286589933,8.152966637362853,3.563858996206529,1.058368008293002,0.0,3.913939347587528,0.0,2.41421603889391,3.563858996206529,0.0,1.058368008293002,5.697134239726747,2.41421603889391,2.086689715014335,2.906014354563811,1.058368008293002,2.41421603889391,0.0,1.662273287708712,0.0,0.0,1.058368008293002,2.41421603889391,4.430881554097888,2.086689715014335,3.913939347587528,1.662273287708712,0.0,0.0,2.086689715014335,0.0,1.058368008293002,5.538169467927171,8.190874095999373,0.0,2.086689715014335,8.523533367061793,1.058368008293002,3.913939347587528,0.0,2.680970565170114,0.0,1.058368008293002,2.086689715014335,3.690229113548648,0.0,9.527932689591712,4.7539138681428685,6.066886455094389,2.086689715014335,0.0,2.680970565170114,0.0,2.086689715014335,3.806416071997442,2.41421603889391,0.0,1.058368008293002,4.81066720139096,2.086689715014335,5.571394596248089,2.41421603889391,1.058368008293002,0.0,3.425347745304755
GSM5016084,2.606433880884957,7.356486061464928,1.602165093164046,8.086327998892065,1.012921136320008,0.0,6.347336889752457,1.012921136320008,0.0,0.0,0.0,1.012921136320008,6.19529837202949,1.602165093164046,2.3425467273816887,2.606433880884957,0.0,5.610158736870334,1.012921136320008,3.0225366064303003,7.950435137674508,4.483999657383012,2.3425467273816887,7.254376257830563,6.6401771955732345,0.0,0.0,0.0,3.930917198694602,6.091436124449877,0.0,7.509400888975563,5.112440234239333,0.0,0.0,1.012921136320008,0.0,2.0193385651662927,0.0,2.8294350992501744,4.779670340026439,2.0193385651662927,1.012921136320008,3.345103459752765,2.3425467273816887,2.0193385651662927,0.0,0.0,0.0,0.0,2.606433880884957,0.0,0.0,0.0,0.0,1.012921136320008,4.779670340026439,2.606433880884957,1.012921136320008,3.345103459752765,0.0,0.0,0.0,5.112440234239333,2.0193385651662927,0.0,0.0,1.602165093164046,3.4828391891963264,4.60962720302729,6.6836865642755265,0.0,5.579773780634883,1.012921136320008,8.852219894058345,4.779670340026439,4.11168966271092,0.0,7.144485185419585,0.0,6.979718228573507,0.0,3.0225366064303003,0.0,1.012921136320008,0.0,0.0,0.0,3.7242044552656486,3.0225366064303003,2.0193385651662927,1.012921136320008,0.0,2.606433880884957,4.11168966271092,0.0,2.3425467273816887,5.382657504948918,0.0,1.012921136320008,2.606433880884957,0.0,4.483999657383012,8.160063145932272,0.0,1.012921136320008,0.0,0.0,1.012921136320008,1.012921136320008,0.0,0.0,0.0,3.192816508584455,2.3425467273816887,2.0193385651662927,3.7242044552656486,0.0,0.0,0.0,4.024132972557266,0.0,0.0,1.012921136320008,1.602165093164046,5.194944081402212,4.60962720302729,0.0,0.0,0.0,0.0,0.0,5.112440234239333,1.602165093164046,0.0,4.931767934952484,0.0,3.930917198694602,2.606433880884957,6.979718228573507,0.0,3.0225366064303003,7.30168745701505,3.7242044552656486,2.3425467273816887,0.0,2.8294350992501744,2.606433880884957,0.0,0.0,0.0,0.0,0.0,1.602165093164046,1.012921136320008,3.345103459752765,0.0,0.0,4.6685634219957235,0.0,8.95048760870965,0.0,4.832171511160112,2.0193385651662927,2.8294350992501744,0.0,0.0,3.192816508584455,0.0,2.0193385651662927,0.0,0.0,5.669073683204825,3.831259950429819,0.0,0.0,0.0,5.347018039933468,8.025627963245302,9.748504928123756,0.0,4.832171511160112,0.0,1.602165093164046,0.0,0.0,0.0,1.012921136320008,3.345103459752765,8.036855990873189,5.272983891251183,0.0,1.602165093164046,1.012921136320008,0.0,0.0,0.0,8.259262532450045,0.0,6.89587433263277,0.0,0.0,4.024132972557266,6.654826600285166,4.931767934952484,5.639916925855013,5.234491598658111,4.194235239025429,5.347018039933468,7.564749284566766,7.014211463313678,4.11168966271092,2.0193385651662927,3.4828391891963264,6.329185507408868,3.192816508584455,0.0,9.625607555822018,6.365262733726907,1.602165093164046,3.608563547479268,6.310802838971179,9.294812924535409,2.8294350992501744,0.0,2.3425467273816887,4.779670340026439,6.382968575427761,1.012921136320008,0.0,0.0,2.8294350992501744,0.0,5.484579541619503,1.602165093164046,2.3425467273816887,0.0,4.548180428772736,0.0,0.0,0.0,0.0,1.602165093164046,3.4828391891963264,3.608563547479268,0.0,0.0,0.0,0.0,0.0,0.0,3.192816508584455,1.602165093164046,0.0,0.0,0.0,0.0,0.0,2.3425467273816887,5.780142785541858,5.310475810735874,0.0,6.400459749584809,0.0,2.606433880884957,0.0,0.0,0.0,0.0,2.0193385651662927,1.012921136320008,0.0,5.484579541619503,2.0193385651662927,2.0193385651662927,1.012921136320008,0.0,0.0,0.0,0.0,3.192816508584455,1.012921136320008,0.0,0.0,7.047899223677836,0.0,4.882829007088151,0.0,0.0,0.0,3.0225366064303003
GSM5016072,3.698281748218933,7.84441624105991,1.1362287498859822,7.0133739426960595,4.8356871056899235,0.0,8.841274193201503,1.1362287498859822,1.1362287498859822,0.0,1.1362287498859822,0.0,7.851917219324802,2.5341183183323275,1.1362287498859822,1.1362287498859822,0.0,5.463689454596733,1.1362287498859822,2.80535119993669,9.832135666251668,6.684185297379968,3.9426724290586943,6.163606580359004,5.463689454596733,2.5341183183323275,3.23057170813659,3.23057170813659,1.1362287498859822,6.944879599043007,3.403875136058702,7.5990734925647985,4.951933840648074,0.0,0.0,3.825645846272303,1.1362287498859822,1.7638848245429537,2.1998044862721775,3.5585752860011772,4.8949809950874235,4.641611833879783,2.1998044862721775,2.1998044862721775,3.403875136058702,0.0,0.0,1.1362287498859822,1.1362287498859822,2.80535119993669,1.1362287498859822,1.1362287498859822,0.0,0.0,0.0,5.006723500759381,4.8356871056899235,2.80535119993669,2.5341183183323275,4.2457127112267,0.0,1.1362287498859822,2.1998044862721775,11.597668603577157,9.900642493248386,0.0,3.0335712815558944,2.80535119993669,4.570650031220733,11.879006101003997,12.392821709516438,1.7638848245429537,4.8949809950874235,5.539970313557032,10.0302610819765,5.20717865667771,6.187518664616796,2.1998044862721775,11.197212709849104,4.773851434700416,8.921885549675782,0.0,4.570650031220733,2.1998044862721775,9.158041830096645,1.1362287498859822,0.0,1.7638848245429537,5.383149066650895,4.050914337370995,1.7638848245429537,0.0,2.5341183183323275,3.0335712815558944,2.5341183183323275,0.0,3.0335712815558944,7.398555334897932,1.1362287498859822,2.1998044862721775,3.698281748218933,1.7638848245429537,4.2457127112267,6.858148448173606,3.403875136058702,0.0,4.7092462642935535,1.1362287498859822,3.0335712815558944,0.0,2.1998044862721775,0.0,0.0,2.5341183183323275,1.1362287498859822,0.0,2.5341183183323275,1.1362287498859822,0.0,0.0,2.80535119993669,1.1362287498859822,0.0,0.0,0.0,6.7816636996766,4.334061270437082,5.612419648664726,2.5341183183323275,0.0,2.5341183183323275,1.1362287498859822,5.463689454596733,2.80535119993669,1.1362287498859822,1.7638848245429537,0.0,4.050914337370995,2.1998044862721775,5.647324122171146,1.1362287498859822,3.5585752860011772,7.258831979205443,4.570650031220733,3.825645846272303,2.80535119993669,3.0335712815558944,0.0,2.1998044862721775,1.1362287498859822,1.7638848245429537,0.0,1.1362287498859822,0.0,0.0,2.1998044862721775,1.7638848245429537,1.1362287498859822,6.211040869110282,0.0,8.39940182148516,0.0,5.9565423462539195,1.7638848245429537,3.5585752860011772,1.7638848245429537,1.7638848245429537,5.8102019123945166,1.1362287498859822,1.1362287498859822,0.0,1.7638848245429537,4.334061270437082,3.403875136058702,0.0,1.1362287498859822,2.1998044862721775,5.006723500759381,10.135423791720028,9.862160266134442,0.0,10.921436409351386,2.1998044862721775,2.1998044862721775,3.23057170813659,0.0,0.0,3.825645846272303,9.508231650808396,8.526708443713568,6.986365164070389,0.0,5.612419648664726,4.334061270437082,0.0,1.1362287498859822,1.1362287498859822,2.5341183183323275,0.0,11.463331311342907,4.570650031220733,0.0,2.80535119993669,6.733747630905176,2.5341183183323275,3.9426724290586943,3.698281748218933,5.253224037718319,5.159615093073231,6.38656831374686,5.779064308941615,4.7092462642935535,2.1998044862721775,4.050914337370995,6.7008959759768825,3.23057170813659,0.0,9.981513038211036,3.0335712815558944,0.0,2.80535119993669,7.05296208165405,10.135423791720028,4.050914337370995,1.1362287498859822,1.7638848245429537,3.403875136058702,7.535281338240533,3.825645846272303,0.0,0.0,2.80535119993669,0.0,4.7092462642935535,3.9426724290586943,5.059508304497104,2.1998044862721775,5.20717865667771,1.7638848245429537,1.7638848245429537,2.1998044862721775,1.1362287498859822,2.1998044862721775,0.0,4.334061270437082,2.1998044862721775,2.1998044862721775,2.1998044862721775,3.23057170813659,4.8949809950874235,1.7638848245429537,4.496016450105457,1.7638848245429537,0.0,1.1362287498859822,1.7638848245429537,0.0,0.0,4.8356871056899235,7.398555334897932,4.151598835348197,1.7638848245429537,7.924857024413013,1.7638848245429537,5.87053074148917,0.0,0.0,0.0,0.0,1.1362287498859822,2.1998044862721775,1.1362287498859822,8.889450682656575,4.7092462642935535,5.9565423462539195,2.1998044862721775,1.1362287498859822,3.825645846272303,0.0,3.0335712815558944,2.80535119993669,1.1362287498859822,0.0,0.0,6.407080516890858,0.0,7.458745446901715,3.0335712815558944,3.0335712815558944,0.0,1.1362287498859822
GSM5016170,2.622764547499212,7.852401088736878,1.615282963375131,7.560701446524316,3.039666396256139,0.0,7.26411457642778,1.0227998779007574,2.8462226063854033,2.622764547499212,0.0,0.0,7.53685064714779,2.034066104496868,1.0227998779007574,1.0227998779007574,0.0,5.0882887348812185,1.615282963375131,3.210212312521851,9.818333332321345,5.825794647608729,4.851008258586741,6.066927407278976,4.901689246974529,4.042458410916496,4.2908262752665856,1.0227998779007574,2.358236925484881,5.401710215450815,1.615282963375131,5.436501519839404,3.849414804400134,0.0,0.0,6.599359945717368,1.0227998779007574,3.626490840324152,0.0,1.615282963375131,6.454111839321468,3.742254297400318,0.0,1.615282963375131,3.039666396256139,2.622764547499212,0.0,1.0227998779007574,0.0,6.688655724524438,3.5006216017748266,1.615282963375131,0.0,0.0,1.0227998779007574,3.362711945489852,6.088964101469976,4.042458410916496,5.598885851322812,7.089301666241978,6.384545018195359,8.164025870197593,10.811748371075746,10.722056428818057,8.376023572133835,1.0227998779007574,1.0227998779007574,2.8462226063854033,3.039666396256139,11.153095764265432,9.02243657468043,1.615282963375131,11.123375237633432,5.131397192972494,10.095051559909278,1.615282963375131,4.79848185324506,4.566869039184622,12.247665547599322,4.130085320175032,6.813020648971144,1.0227998779007574,5.17325483322414,3.210212312521851,6.0218177524658,0.0,0.0,1.0227998779007574,5.50366395697423,2.358236925484881,1.0227998779007574,1.0227998779007574,1.0227998779007574,3.362711945489852,3.210212312521851,0.0,1.0227998779007574,5.253494033151631,3.210212312521851,2.358236925484881,2.034066104496868,2.358236925484881,4.79848185324506,6.599359945717368,3.9491630402237257,1.0227998779007574,3.849414804400134,0.0,2.358236925484881,1.615282963375131,2.034066104496868,1.0227998779007574,1.0227998779007574,2.034066104496868,1.615282963375131,0.0,1.615282963375131,0.0,4.743970543735847,1.0227998779007574,2.034066104496868,0.0,1.0227998779007574,6.437032085178486,0.0,7.283354755652224,2.622764547499212,5.50366395697423,2.034066104496868,0.0,0.0,0.0,4.566869039184622,0.0,1.0227998779007574,2.358236925484881,0.0,6.311452977944011,4.502650551264914,8.572601321189516,0.0,5.291999887670757,7.865226889090888,3.039666396256139,2.8462226063854033,1.0227998779007574,2.622764547499212,0.0,2.622764547499212,0.0,1.0227998779007574,0.0,1.0227998779007574,0.0,0.0,0.0,0.0,1.0227998779007574,4.566869039184622,1.0227998779007574,8.18974587147129,0.0,4.628350383742487,1.0227998779007574,4.042458410916496,1.615282963375131,1.0227998779007574,4.364944260922384,0.0,2.034066104496868,1.615282963375131,0.0,3.849414804400134,2.622764547499212,0.0,0.0,1.0227998779007574,4.364944260922384,11.62265928509039,9.690847854892844,1.615282963375131,10.571714072923053,0.0,2.358236925484881,2.8462226063854033,0.0,0.0,2.622764547499212,9.084079337146342,8.800029422566006,7.174209850858598,0.0,5.0882887348812185,3.742254297400318,0.0,2.034066104496868,2.358236925484881,10.58534315631018,1.0227998779007574,12.235368822548816,5.131397192972494,0.0,1.0227998779007574,6.273469695356327,3.210212312521851,3.5006216017748266,3.5006216017748266,3.742254297400318,6.214551249834462,4.79848185324506,5.77232480998016,5.470473533547489,1.0227998779007574,5.951393055286514,6.254096341411089,3.9491630402237257,0.0,9.400528123059471,6.745256389970992,1.615282963375131,2.8462226063854033,8.703346256485087,11.983343007458684,2.034066104496868,0.0,1.0227998779007574,2.8462226063854033,11.695834200121311,0.0,0.0,3.626490840324152,3.039666396256139,0.0,4.9980037587999275,3.742254297400318,3.626490840324152,3.210212312521851,4.851008258586741,0.0,0.0,1.0227998779007574,0.0,2.622764547499212,1.0227998779007574,5.53610794671018,1.0227998779007574,5.0882887348812185,1.615282963375131,2.622764547499212,1.615282963375131,2.622764547499212,5.213932200020926,2.358236925484881,1.0227998779007574,0.0,1.615282963375131,1.0227998779007574,1.615282963375131,4.130085320175032,7.667070728251903,3.039666396256139,1.615282963375131,7.939875628746693,1.615282963375131,4.743970543735847,0.0,1.615282963375131,0.0,0.0,2.622764547499212,2.622764547499212,1.0227998779007574,11.017484709567237,7.121730644476703,8.371535750159204,1.0227998779007574,2.034066104496868,2.034066104496868,1.0227998779007574,1.0227998779007574,3.849414804400134,2.622764547499212,0.0,2.034066104496868,6.110669250273415,1.615282963375131,6.504170393007834,2.622764547499212,3.039666396256139,1.0227998779007574,3.039666396256139
GSM5016028,1.5199217320821603,3.6095811707947454,3.907675385697776,4.811596707746965,4.605668343339353,0.9514963787267814,6.502270697338441,0.0,2.7231794876449156,2.2435197547316443,0.0,0.0,5.363056477966981,0.9514963787267814,0.9514963787267814,0.0,0.0,6.722387809582835,0.9514963787267814,2.7231794876449156,10.020338087068476,2.7231794876449156,3.7159380486696967,5.151918300904315,3.6095811707947454,0.0,0.0,0.9514963787267814,4.712303653080133,7.294230481200947,1.5199217320821603,4.22833168300968,4.429301552284139,0.9514963787267814,0.0,0.0,0.9514963787267814,0.0,0.0,1.926619025152568,5.225784719476623,3.369993290607984,1.5199217320821603,3.0825356362211194,0.0,0.0,0.0,0.0,0.0,3.494755060781283,1.926619025152568,0.0,1.926619025152568,2.503192824527336,0.0,1.5199217320821603,5.427086036268209,0.0,3.6095811707947454,2.503192824527336,1.926619025152568,3.0825356362211194,5.113516668366365,0.9514963787267814,1.926619025152568,0.0,0.0,2.503192824527336,4.429301552284139,4.659971003826801,12.411839603388046,1.926619025152568,9.978215333016337,2.7231794876449156,8.081566441658703,1.5199217320821603,1.926619025152568,0.9514963787267814,1.5199217320821603,0.0,8.425144664853248,1.5199217320821603,8.086531484407157,5.990269407815435,4.605668343339353,0.0,0.0,0.9514963787267814,3.369993290607984,1.926619025152568,1.5199217320821603,0.9514963787267814,1.926619025152568,2.2435197547316443,2.503192824527336,0.0,1.926619025152568,2.7231794876449156,0.9514963787267814,5.488394193888974,0.0,0.9514963787267814,0.9514963787267814,6.0726481973242095,1.5199217320821603,0.0,4.659971003826801,0.9514963787267814,3.369993290607984,0.0,0.0,2.7231794876449156,0.9514963787267814,6.890793942268085,0.0,0.0,2.2435197547316443,0.0,0.0,2.503192824527336,0.9514963787267814,0.0,1.5199217320821603,0.0,0.0,4.659971003826801,0.0,2.914017610575308,0.0,0.0,2.2435197547316443,0.9514963787267814,4.2984786365784,1.926619025152568,1.5199217320821603,0.0,0.0,5.458065756265456,3.6095811707947454,8.081566441658703,1.926619025152568,3.0825356362211194,6.224509549549946,2.2435197547316443,1.926619025152568,2.503192824527336,0.0,0.0,1.5199217320821603,3.369993290607984,2.914017610575308,0.9514963787267814,0.0,0.9514963787267814,0.0,6.6437264910469365,1.5199217320821603,0.9514963787267814,3.0825356362211194,1.5199217320821603,8.846956176962461,1.926619025152568,4.858792839331261,0.0,3.907675385697776,1.5199217320821603,1.926619025152568,2.7231794876449156,0.0,2.914017610575308,0.0,0.0,2.2435197547316443,5.363056477966981,0.0,0.0,0.9514963787267814,3.7159380486696967,5.880205582684158,9.82325139813898,0.0,0.9514963787267814,0.9514963787267814,3.369993290607984,0.9514963787267814,0.0,0.0,0.0,0.9514963787267814,5.547202881637072,2.503192824527336,0.0,2.2435197547316443,0.0,0.0,0.9514963787267814,0.0,5.296052651161287,0.0,6.092528338979666,0.9514963787267814,0.0,2.7231794876449156,5.329943516251985,2.2435197547316443,2.7231794876449156,2.914017610575308,4.365372456803218,4.429301552284139,2.914017610575308,4.762804238717967,2.503192824527336,2.914017610575308,0.9514963787267814,5.488394193888974,0.9514963787267814,1.5199217320821603,8.790263893704234,6.5747316121545145,0.0,0.0,5.033503768876841,7.90170412107541,1.5199217320821603,0.0,0.9514963787267814,2.7231794876449156,7.62970736575401,7.433238668380037,0.9514963787267814,0.0,1.5199217320821603,0.0,2.2435197547316443,2.2435197547316443,1.5199217320821603,2.7231794876449156,4.2984786365784,0.0,0.0,0.9514963787267814,0.0,0.0,0.9514963787267814,4.811596707746965,2.2435197547316443,6.989518898167666,2.2435197547316443,2.2435197547316443,3.907675385697776,4.429301552284139,4.2984786365784,2.7231794876449156,0.9514963787267814,0.0,4.811596707746965,1.926619025152568,0.9514963787267814,5.968918154295847,7.962383618204864,4.490517600507951,0.0,7.715540272078955,1.926619025152568,0.9514963787267814,0.0,1.5199217320821603,0.0,2.503192824527336,0.0,0.9514963787267814,0.0,4.076893971348871,0.9514963787267814,1.5199217320821603,3.494755060781283,0.0,3.7159380486696967,0.0,0.0,1.926619025152568,0.9514963787267814,0.0,0.0,4.712303653080133,2.503192824527336,3.494755060781283,1.5199217320821603,3.494755060781283,1.5199217320821603,1.926619025152568
GSM5016053,1.5019428005066886,5.162392660907664,2.4804193261162566,3.881839745322828,1.9062587006340923,0.0,6.781598337342674,0.0,0.9381873813105588,0.0,0.0,0.0,4.73613617523982,0.0,1.5019428005066886,0.9381873813105588,0.0,5.269066480042728,0.9381873813105588,2.699710583985353,7.885346532936898,3.5841725887487117,8.06388424056907,6.629717455153746,5.491010508178223,0.0,0.0,0.9381873813105588,2.699710583985353,8.848284553459685,2.221715380414341,3.2086848083163053,6.720245615707326,0.9381873813105588,0.0,0.0,1.5019428005066886,0.0,3.690366894969951,3.3449978777334386,2.890025406818028,1.9062587006340923,1.5019428005066886,1.5019428005066886,0.0,1.9062587006340923,0.0,0.0,2.221715380414341,2.221715380414341,0.0,0.0,0.0,0.9381873813105588,1.5019428005066886,2.4804193261162566,5.086626450396246,0.0,3.2086848083163053,3.968819627646507,1.9062587006340923,1.5019428005066886,4.339030826605736,6.1971857057660475,2.699710583985353,0.0,0.9381873813105588,0.0,2.221715380414341,2.890025406818028,2.221715380414341,0.9381873813105588,4.73613617523982,3.4695359636093444,6.9830887199136615,0.0,2.699710583985353,1.9062587006340923,0.9381873813105588,0.0,9.547961315724974,3.968819627646507,5.6040180267973545,2.890025406818028,0.0,2.221715380414341,0.9381873813105588,0.9381873813105588,2.221715380414341,1.9062587006340923,0.9381873813105588,0.9381873813105588,0.0,1.9062587006340923,4.73613617523982,0.9381873813105588,0.0,2.890025406818028,0.0,4.272201336374616,0.0,1.5019428005066886,2.221715380414341,4.52273769027293,1.9062587006340923,2.221715380414341,9.537328347832124,3.690366894969951,3.3449978777334386,0.0,1.9062587006340923,0.9381873813105588,0.0,3.058135381865354,0.9381873813105588,0.9381873813105588,1.5019428005066886,0.0,3.2086848083163053,4.633378987171397,0.9381873813105588,2.221715380414341,2.221715380414341,0.0,0.0,4.20212511979378,1.9062587006340923,3.3449978777334386,0.0,0.9381873813105588,0.0,0.0,3.4695359636093444,0.9381873813105588,5.162392660907664,0.0,2.699710583985353,4.128470529702743,3.690366894969951,4.20212511979378,0.0,4.050852355244603,5.047197008030465,1.9062587006340923,2.890025406818028,0.9381873813105588,0.0,2.221715380414341,1.5019428005066886,1.5019428005066886,1.5019428005066886,0.0,3.058135381865354,2.221715380414341,0.0,0.9381873813105588,2.221715380414341,1.5019428005066886,1.5019428005066886,0.9381873813105588,8.121969343582188,4.832058515895022,4.964950124828526,0.9381873813105588,6.1971857057660475,3.4695359636093444,3.4695359636093444,1.9062587006340923,0.9381873813105588,6.00477622188728,1.5019428005066886,1.5019428005066886,5.4000380949264235,2.890025406818028,0.0,1.5019428005066886,0.0,3.7892774990043225,5.125006876544516,8.107665836364385,0.0,3.3449978777334386,1.5019428005066886,0.0,0.0,2.4804193261162566,0.9381873813105588,0.9381873813105588,2.699710583985353,6.414185857215428,4.579118723756325,0.9381873813105588,2.699710583985353,1.9062587006340923,1.5019428005066886,0.9381873813105588,1.5019428005066886,6.629717455153746,3.2086848083163053,7.668618138080747,0.9381873813105588,0.0,3.3449978777334386,6.215087251976317,2.890025406818028,5.006659590654709,4.685672258960108,4.464063338607305,5.85298251309438,4.52273769027293,6.720245615707326,3.968819627646507,0.0,2.221715380414341,6.3508242497548295,0.9381873813105588,1.5019428005066886,7.681551883289361,4.579118723756325,0.0,1.5019428005066886,4.272201336374616,6.781598337342674,1.5019428005066886,0.0,0.9381873813105588,4.272201336374616,5.8756698752456735,6.908038378278135,1.5019428005066886,0.0,0.0,0.0,3.3449978777334386,0.0,0.9381873813105588,1.5019428005066886,2.890025406818028,4.52273769027293,0.0,0.0,0.0,1.5019428005066886,0.0,7.1963608234378045,4.464063338607305,2.890025406818028,0.9381873813105588,1.9062587006340923,0.9381873813105588,0.9381873813105588,3.2086848083163053,2.221715380414341,0.0,0.9381873813105588,2.221715380414341,0.9381873813105588,0.0,7.258102434817422,10.571523257151826,0.9381873813105588,0.0,10.605004105869432,0.9381873813105588,1.9062587006340923,0.9381873813105588,2.890025406818028,0.9381873813105588,0.0,0.0,1.5019428005066886,0.0,4.128470529702743,5.006659590654709,6.1971857057660475,3.968819627646507,0.9381873813105588,1.5019428005066886,0.9381873813105588,0.0,0.9381873813105588,0.9381873813105588,0.0,0.0,4.877729431800752,2.4804193261162566,2.221715380414341,5.548620481495587,3.3449978777334386,1.5019428005066886,4.402901166331368
GSM5016199,0.93294895303589,8.97923270583996,0.93294895303589,8.166865849304957,4.0405388191396385,0.0,5.97324078032748,0.0,0.0,0.0,0.0,0.0,7.063281530507357,2.690427566019581,0.93294895303589,0.0,1.494850247651813,4.725571321248831,0.0,3.1988980315745708,9.627666326318478,5.151722057620923,2.690427566019581,5.864879261900315,4.774315821629035,0.0,0.0,0.93294895303589,3.7790960702916174,6.418750353483513,2.690427566019581,7.264361072669724,3.048479601976852,0.0,0.0,2.471414416126318,0.0,0.0,2.213097731805087,0.93294895303589,6.886105116399687,3.680241998264858,2.690427566019581,0.93294895303589,3.8716088090757137,3.335103716262214,0.0,2.690427566019581,0.0,2.213097731805087,3.048479601976852,0.0,1.8982174185083456,0.0,0.0,0.93294895303589,6.5644539429587505,5.38932076720221,4.622844649766936,7.823209711526357,6.112451717613271,8.077433389725554,10.936168116881742,2.213097731805087,3.680241998264858,0.0,0.0,0.0,4.0405388191396385,4.3285969500561166,6.356082667751889,0.93294895303589,7.185457672285667,5.565837753436653,9.466440667724804,2.213097731805087,5.114344349892458,1.494850247651813,8.07256927340961,5.8191481002148135,9.436465399467874,0.0,5.223692025530028,4.867125933922283,5.887212483402183,0.0,0.0,0.0,5.2583739492141355,2.880532985752846,0.0,1.494850247651813,0.0,3.335103716262214,3.574112857707145,0.0,0.0,3.574112857707145,0.0,1.494850247651813,2.690427566019581,3.335103716262214,4.867125933922283,8.02803809799671,3.7790960702916174,4.512238733483648,3.680241998264858,0.0,1.8982174185083456,0.0,0.0,0.0,0.0,0.0,0.0,0.93294895303589,3.1988980315745708,0.0,3.9585449756665425,0.0,3.8716088090757137,0.0,0.0,4.996024055485323,0.0,7.817406422817761,4.118122182019589,4.622844649766936,0.0,0.0,0.93294895303589,0.0,6.372006633511106,0.93294895303589,0.93294895303589,5.2583739492141355,0.0,4.954324642337663,3.7790960702916174,7.063281530507357,0.0,4.191745425107245,7.355282646850525,4.392443717803615,3.1988980315745708,1.494850247651813,0.0,0.0,2.690427566019581,0.0,0.0,0.0,0.0,0.93294895303589,2.213097731805087,5.38932076720221,1.494850247651813,0.0,5.036551977183547,0.0,8.654117273145305,0.0,4.191745425107245,0.93294895303589,3.4595521732190484,0.0,0.0,3.7790960702916174,0.93294895303589,1.494850247651813,1.8982174185083456,0.0,5.450591042105452,4.191745425107245,0.0,0.0,0.0,4.725571321248831,10.695598112890682,10.169943642279138,0.0,5.8191481002148135,0.0,3.335103716262214,0.0,0.0,0.0,2.213097731805087,6.550528193436851,7.521553875487764,4.5686013987589655,0.0,2.690427566019581,2.213097731805087,0.0,1.494850247651813,1.494850247651813,11.17045597001349,0.0,8.573779448938769,0.93294895303589,0.0,4.512238733483648,4.5686013987589655,1.8982174185083456,3.1988980315745708,2.690427566019581,1.494850247651813,4.261793266566196,5.1881557797994065,4.622844649766936,6.074028754681681,0.93294895303589,3.7790960702916174,6.658342779332218,0.0,0.0,10.122489900624792,5.771919744540584,2.471414416126318,3.048479601976852,6.256661246694478,8.912749540958668,1.494850247651813,0.0,2.213097731805087,2.880532985752846,11.469543130654936,3.8716088090757137,0.0,0.0,2.471414416126318,0.0,4.118122182019589,2.213097731805087,0.93294895303589,0.93294895303589,5.1881557797994065,0.0,1.494850247651813,0.0,0.0,1.494850247651813,4.261793266566196,1.494850247651813,0.0,2.213097731805087,0.0,1.8982174185083456,0.0,0.93294895303589,3.7790960702916174,1.494850247651813,2.471414416126318,0.0,1.8982174185083456,2.213097731805087,0.0,3.335103716262214,5.97324078032748,5.292241665624422,1.494850247651813,7.053440455268918,0.93294895303589,0.0,0.0,0.0,0.0,0.0,2.471414416126318,1.494850247651813,1.8982174185083456,8.386582628971443,4.392443717803615,5.864879261900315,0.93294895303589,2.213097731805087,3.1988980315745708,1.494850247651813,1.494850247651813,1.494850247651813,0.0,0.0,2.690427566019581,7.39478938269231,1.8982174185083456,5.223692025530028,0.93294895303589,2.213097731805087,0.0,3.048479601976852
GSM5016060,1.0781347646791386,4.731183615014657,4.143195001919018,3.9492510730666175,2.444989964094918,0.0,6.750676790122671,0.0,0.0,0.0,1.0781347646791386,2.7129309911913913,4.049479612618911,0.0,0.0,2.115670505706466,3.1340783930019516,7.913139563430501,1.0781347646791386,0.0,6.454204892346409,4.231192324438271,8.838404130173304,4.954439475318069,3.7251250295258775,0.0,0.0,1.0781347646791386,1.0781347646791386,8.070520387481318,3.306034291938209,2.7129309911913913,4.5376745810359855,0.0,1.0781347646791386,1.0781347646791386,0.0,0.0,3.1340783930019516,1.0781347646791386,2.115670505706466,1.0781347646791386,1.0781347646791386,5.147731793531094,1.6882292878326572,0.0,1.0781347646791386,1.6882292878326572,2.444989964094918,2.115670505706466,1.0781347646791386,0.0,0.0,0.0,2.115670505706466,0.0,4.5376745810359855,0.0,0.0,4.231192324438271,0.0,1.0781347646791386,2.7129309911913913,7.6026395493313,0.0,1.0781347646791386,0.0,1.0781347646791386,1.0781347646791386,2.444989964094918,3.7251250295258775,0.0,5.90446353579418,2.444989964094918,6.194457491978848,1.6882292878326572,1.0781347646791386,0.0,4.954439475318069,0.0,6.216185288902451,2.9388179532289556,4.049479612618911,1.0781347646791386,2.444989964094918,1.0781347646791386,0.0,0.0,3.7251250295258775,1.6882292878326572,1.0781347646791386,0.0,1.6882292878326572,0.0,2.7129309911913913,0.0,0.0,3.4596600474665817,0.0,5.541127305238322,0.0,2.115670505706466,2.115670505706466,6.10411821445231,0.0,2.115670505706466,8.883233364414487,2.444989964094918,2.115670505706466,0.0,1.0781347646791386,0.0,0.0,0.0,1.6882292878326572,0.0,0.0,1.6882292878326572,2.115670505706466,0.0,1.0781347646791386,2.115670505706466,2.444989964094918,1.6882292878326572,1.0781347646791386,0.0,1.6882292878326572,1.6882292878326572,0.0,1.0781347646791386,0.0,2.7129309911913913,3.4596600474665817,1.0781347646791386,2.444989964094918,1.6882292878326572,0.0,4.5376745810359855,2.7129309911913913,1.6882292878326572,1.0781347646791386,1.0781347646791386,3.7251250295258775,2.444989964094918,1.6882292878326572,2.115670505706466,0.0,1.0781347646791386,0.0,0.0,2.444989964094918,2.115670505706466,2.444989964094918,1.6882292878326572,0.0,8.611275424452693,2.115670505706466,0.0,1.6882292878326572,0.0,6.032446253004961,1.6882292878326572,3.4596600474665817,0.0,4.669520181974553,1.0781347646791386,2.115670505706466,1.6882292878326572,0.0,4.143195001919018,1.6882292878326572,0.0,2.444989964094918,0.0,1.0781347646791386,2.115670505706466,0.0,1.0781347646791386,5.9570266959830755,7.128387039945784,0.0,2.115670505706466,0.0,1.0781347646791386,0.0,0.0,0.0,0.0,0.0,4.847125825320886,1.0781347646791386,1.0781347646791386,0.0,0.0,1.0781347646791386,0.0,0.0,2.444989964094918,2.444989964094918,7.206449956103284,1.0781347646791386,1.0781347646791386,4.605103002591179,5.5062777725307885,1.6882292878326572,2.115670505706466,2.444989964094918,4.731183615014657,5.005244126432947,3.9492510730666175,3.9492510730666175,4.466939525811903,1.0781347646791386,2.115670505706466,2.9388179532289556,1.0781347646791386,2.115670505706466,8.296401930372957,4.466939525811903,0.0,1.0781347646791386,3.306034291938209,6.794664872577336,1.0781347646791386,0.0,1.0781347646791386,2.115670505706466,3.4596600474665817,5.764012299032168,0.0,0.0,0.0,1.0781347646791386,3.9492510730666175,1.6882292878326572,1.0781347646791386,1.0781347646791386,4.314129412916615,1.6882292878326572,0.0,0.0,1.6882292878326572,2.115670505706466,0.0,4.847125825320886,2.7129309911913913,0.0,0.0,0.0,3.306034291938209,1.6882292878326572,1.0781347646791386,0.0,0.0,0.0,5.101781978268251,0.0,0.0,5.7037655594009165,9.334399993537986,2.115670505706466,0.0,9.48965291614613,1.6882292878326572,0.0,0.0,1.0781347646791386,0.0,1.0781347646791386,1.6882292878326572,0.0,0.0,4.901780224751249,1.6882292878326572,2.9388179532289556,3.4596600474665817,0.0,2.444989964094918,0.0,0.0,0.0,0.0,0.0,0.0,5.5062777725307885,1.6882292878326572,3.4596600474665817,2.9388179532289556,2.444989964094918,0.0,5.433946800323157
GSM5016057,0.0,5.99622524569097,0.0,6.874150944671541,0.0,0.0,8.093034585096236,0.0,0.0,0.0,0.0,0.0,8.531285492396362,0.0,0.0,0.0,0.0,0.0,0.0,0.0,5.950175935316198,6.2705558321362975,0.0,7.0806061684095765,6.435620433121981,0.0,0.0,0.0,0.0,0.0,0.0,7.1227324570522805,0.0,0.0,0.0,0.0,0.0,6.490276150233433,0.0,0.0,0.0,0.0,0.0,0.0,0.0,2.324983960573514,0.0,0.0,0.0,0.0,5.238934029354487,0.0,0.0,5.132992869713069,0.0,0.0,0.0,6.343621740309498,0.0,0.0,0.0,0.0,0.0,10.480562349404286,9.86334950293098,0.0,0.0,0.0,0.0,7.487613292916468,10.542005189106236,0.0,7.073463958963483,7.952170612927999,8.927633630467072,0.0,7.087713193727989,0.0,0.0,0.0,8.445368793933119,0.0,6.490276150233433,0.0,0.0,0.0,0.0,0.0,0.0,0.0,0.0,0.0,0.0,6.3788123033530875,0.0,0.0,0.0,0.0,0.0,0.0,6.4795094007573795,0.0,0.0,6.961857467236837,0.0,0.0,7.884406542887827,0.0,0.0,0.0,0.0,0.0,0.0,0.0,0.0,0.0,0.0,0.0,0.0,0.0,7.177053112199323,0.0,0.0,0.0,0.0,0.0,0.0,0.0,0.0,0.0,0.0,0.0,6.0698510891627055,0.0,0.0,0.7384943361124781,0.0,0.0,0.0,4.033332650048232,0.0,0.0,6.15351222520417,5.93449363715368,0.0,0.0,0.0,0.0,0.0,0.0,0.0,0.0,0.0,0.7384943361124781,0.0,4.4410481031193285,0.0,0.0,0.0,0.0,7.888482000968408,0.0,7.304528505385043,0.0,0.0,0.7384943361124781,0.0,0.0,0.0,0.0,0.0,0.0,4.527214952150409,0.0,0.0,0.0,0.0,0.0,8.739647924414411,9.249365245055326,0.0,9.803096162986366,0.0,0.0,0.0,0.0,0.0,0.0,0.0,7.611129577610294,0.0,0.0,0.0,0.0,0.0,0.0,0.0,0.0,0.0,6.126160708980397,0.0,0.0,0.0,5.076954519024134,0.0,5.836641926130439,5.981038207964346,0.0,4.722492235198607,7.7248999356435375,3.9104551435316792,0.0,0.0,0.0,6.7362330682017575,0.0,0.0,8.20837703794904,8.43982524808578,0.0,0.0,4.146560885599415,9.524104907252772,6.401804672469634,0.0,0.0,4.091057306073248,5.5986865033061655,0.0,0.0,0.0,4.4410481031193285,0.0,0.0,0.0,0.0,0.0,6.343621740309498,0.0,0.0,0.0,0.0,0.0,0.0,0.0,0.0,0.0,0.0,0.0,0.0,0.0,0.0,0.0,0.0,0.0,0.0,0.0,0.0,0.0,7.476826577793008,7.261181737661264,0.0,8.741902149840966,0.0,0.0,0.0,0.0,0.0,0.0,0.0,0.0,0.0,7.416013411790195,0.0,6.46866169510417,0.0,0.0,6.026127960217966,0.0,0.0,0.0,0.0,0.0,0.0,6.9848801707635095,0.0,8.178731307795854,0.0,5.3376249989217595,0.0,0.0
GSM5016128,0.0,3.4259087074072556,1.9724001120284944,4.549601333608293,2.554263109701387,0.0,7.257940467164772,0.0,0.0,0.0,0.9816588662926772,2.967748356745889,3.8724629895797458,0.0,0.0,0.9816588662926772,1.9724001120284944,4.135082553954986,0.0,0.9816588662926772,7.220713786954346,4.052742418339832,8.303046968577139,1.5604554710620735,1.5604554710620735,0.0,0.0,0.0,6.833765852508306,8.760827110864764,2.2924693042822843,4.052742418339832,5.356289056267329,0.0,1.5604554710620735,0.9816588662926772,0.9816588662926772,0.0,2.554263109701387,0.0,1.9724001120284944,0.0,0.9816588662926772,1.5604554710620735,0.9816588662926772,0.0,0.0,0.9816588662926772,0.9816588662926772,2.2924693042822843,0.9816588662926772,0.0,0.0,0.0,2.2924693042822843,1.9724001120284944,4.135082553954986,0.9816588662926772,0.9816588662926772,2.2924693042822843,0.0,0.0,0.0,7.355621548168032,0.9816588662926772,0.0,0.0,0.0,0.9816588662926772,0.9816588662926772,1.9724001120284944,0.0,4.719353387054891,2.554263109701387,7.957581629999719,0.9816588662926772,0.0,0.9816588662926772,8.663611160897876,0.0,6.770770320246432,2.554263109701387,2.967748356745889,1.9724001120284944,2.7757687342771433,1.5604554710620735,1.5604554710620735,0.9816588662926772,4.549601333608293,1.5604554710620735,0.9816588662926772,0.9816588662926772,0.9816588662926772,2.2924693042822843,2.967748356745889,0.0,0.0,3.7731050687157066,0.0,0.9816588662926772,1.5604554710620735,0.9816588662926772,0.9816588662926772,4.871218107174252,0.9816588662926772,0.0,9.699527323931523,3.551156933304529,2.554263109701387,0.0,0.0,0.0,0.0,2.967748356745889,0.0,0.0,0.0,2.7757687342771433,2.7757687342771433,1.5604554710620735,1.5604554710620735,0.9816588662926772,2.7757687342771433,2.2924693042822843,0.0,2.2924693042822843,0.0,2.7757687342771433,0.9816588662926772,0.9816588662926772,0.9816588662926772,2.554263109701387,2.2924693042822843,0.0,6.757834271792787,0.0,1.5604554710620735,5.285944217936699,3.288744297997617,2.554263109701387,1.5604554710620735,4.135082553954986,4.608432763771789,3.6663949368431017,0.9816588662926772,2.554263109701387,0.0,1.5604554710620735,0.9816588662926772,0.9816588662926772,1.5604554710620735,0.9816588662926772,0.9816588662926772,2.2924693042822843,1.9724001120284944,1.5604554710620735,2.554263109701387,0.9816588662926772,4.871218107174252,0.0,5.691707399734758,5.356289056267329,0.9816588662926772,0.0,6.2854770091080185,2.2924693042822843,4.135082553954986,2.967748356745889,0.9816588662926772,5.390215694904234,1.9724001120284944,1.9724001120284944,0.9816588662926772,0.0,1.5604554710620735,1.5604554710620735,0.0,2.967748356745889,8.513928055633434,7.6637010440144335,0.0,3.8724629895797458,1.9724001120284944,0.0,0.0,1.5604554710620735,1.5604554710620735,0.9816588662926772,6.833765852508306,5.518465821961105,5.093432600445435,1.9724001120284944,3.7731050687157066,2.7757687342771433,0.9816588662926772,0.0,0.0,0.0,1.5604554710620735,9.839638281834306,3.137155569414972,0.9816588662926772,3.4259087074072556,0.9816588662926772,0.0,0.0,0.9816588662926772,0.0,2.7757687342771433,3.6663949368431017,0.9816588662926772,1.9724001120284944,0.0,1.9724001120284944,3.137155569414972,0.0,2.554263109701387,8.257821389962784,5.870595262917451,0.0,0.0,5.9178808814679655,9.278289819766204,0.9816588662926772,0.0,0.0,0.9816588662926772,6.133525835227425,4.918483646565601,0.0,0.0,1.5604554710620735,1.9724001120284944,1.5604554710620735,0.0,2.7757687342771433,1.5604554710620735,3.4259087074072556,0.0,0.9816588662926772,1.5604554710620735,0.0,1.5604554710620735,0.0,7.5706036236154,4.771771389427674,0.9816588662926772,0.9816588662926772,0.0,0.0,1.9724001120284944,4.212975877322535,2.554263109701387,0.0,2.554263109701387,2.554263109701387,0.0,0.0,7.1727875655941595,10.878980288269265,0.9816588662926772,0.0,11.02041397975496,0.0,2.2924693042822843,0.0,2.7757687342771433,3.288744297997617,0.0,0.0,0.9816588662926772,2.2924693042822843,7.447106226074746,2.554263109701387,3.137155569414972,3.551156933304529,0.0,0.9816588662926772,1.5604554710620735,0.0,0.9816588662926772,0.0,0.0,0.0,3.288744297997617,2.967748356745889,3.551156933304529,5.0516438254157325,0.0,0.0,4.286878181929902
GSM5016087,1.6408142161109762,5.189172140217852,3.3968280548623824,3.884570131062942,1.3722909394421554,0.0,6.126158829172782,0.0,2.062683567029428,1.3722909394421554,0.0,2.234878681863512,6.394855318588853,2.062683567029428,0.0,1.0420901830596072,0.6131586181768334,5.666268536502835,1.0420901830596072,3.467603515707175,7.372490576693502,3.884570131062942,9.241455697557551,5.7396007870295005,4.634140171081042,0.6131586181768334,0.6131586181768334,0.0,1.86711451325343,4.288074681777512,2.388695297630252,3.5350686518643326,3.3224005746188454,0.6131586181768334,0.6131586181768334,1.0420901830596072,0.6131586181768334,1.6408142161109762,4.031971102529831,1.3722909394421554,4.6944015608988865,4.364247744482176,1.6408142161109762,3.160930936090657,1.86711451325343,0.6131586181768334,1.0420901830596072,0.6131586181768334,1.3722909394421554,4.165698303647859,0.0,1.0420901830596072,1.86711451325343,1.0420901830596072,0.0,1.6408142161109762,4.505496047618428,1.0420901830596072,1.3722909394421554,7.440047308443987,1.0420901830596072,1.6408142161109762,3.0728710646862236,6.704219979767146,2.8787750269246075,0.0,0.0,0.0,2.388695297630252,5.914461615844045,6.385746686645879,1.0420901830596072,11.468280156154885,1.86711451325343,7.358591146409399,0.6131586181768334,0.6131586181768334,1.86711451325343,1.6408142161109762,0.6131586181768334,6.394855318588853,2.234878681863512,6.863613514961619,4.207654458630394,4.7236138886075745,1.3722909394421554,2.388695297630252,0.0,3.3224005746188454,2.527680918622013,0.6131586181768334,1.0420901830596072,1.6408142161109762,1.0420901830596072,2.8787750269246075,0.6131586181768334,0.6131586181768334,4.031971102529831,1.86711451325343,3.777209975411552,0.6131586181768334,2.388695297630252,2.234878681863512,5.964262657737447,1.6408142161109762,1.3722909394421554,11.77949574388165,5.309653669177791,3.160930936090657,0.0,3.243923582416554,0.0,0.6131586181768334,3.5350686518643326,1.0420901830596072,1.0420901830596072,1.0420901830596072,2.7709661987963514,2.388695297630252,1.3722909394421554,1.86711451325343,1.86711451325343,1.0420901830596072,4.031971102529831,0.6131586181768334,3.467603515707175,2.527680918622013,3.160930936090657,1.3722909394421554,0.6131586181768334,0.0,1.3722909394421554,3.777209975411552,1.0420901830596072,4.6944015608988865,0.0,0.0,5.651143937981219,3.720377214118217,5.556907162871261,2.527680918622013,3.720377214118217,5.822945935126585,1.3722909394421554,1.6408142161109762,2.062683567029428,1.6408142161109762,0.6131586181768334,2.527680918622013,0.6131586181768334,2.8787750269246075,2.234878681863512,2.062683567029428,1.86711451325343,0.0,2.062683567029428,1.3722909394421554,0.6131586181768334,4.031971102529831,0.0,7.8737858829733485,1.0420901830596072,3.467603515707175,0.0,4.248424856243554,0.6131586181768334,3.720377214118217,2.234878681863512,0.6131586181768334,5.50737518743804,0.0,1.3722909394421554,2.527680918622013,0.6131586181768334,2.062683567029428,2.234878681863512,0.6131586181768334,2.9790847273066596,5.102871406657179,8.406916028964634,0.0,6.281561838676492,0.0,2.062683567029428,0.0,1.86711451325343,1.3722909394421554,0.6131586181768334,1.6408142161109762,5.270600529355764,4.98718703491832,0.6131586181768334,3.831888492278551,2.062683567029428,1.0420901830596072,1.86711451325343,1.6408142161109762,7.11579438425094,0.6131586181768334,6.474344166582465,0.0,0.6131586181768334,3.831888492278551,5.490479275568692,2.062683567029428,3.935395620717181,4.165698303647859,3.5350686518643326,5.710713626844551,5.270600529355764,5.124935374213269,4.603038493018075,2.062683567029428,2.8787750269246075,5.635859098246008,1.3722909394421554,1.86711451325343,8.077024273694137,7.02484583046722,0.0,0.6131586181768334,7.143078847628858,10.40372462211629,1.86711451325343,1.0420901830596072,0.6131586181768334,3.6612134741304456,7.110275019600115,0.6131586181768334,1.0420901830596072,0.0,1.86711451325343,1.0420901830596072,3.3224005746188454,0.0,0.6131586181768334,1.3722909394421554,3.777209975411552,1.0420901830596072,1.6408142161109762,0.6131586181768334,1.3722909394421554,1.3722909394421554,0.0,4.57125152304545,0.6131586181768334,5.2099641477469945,1.86711451325343,0.0,3.3224005746188454,1.0420901830596072,9.191365480694586,7.18043043812963,1.0420901830596072,0.0,3.3968280548623824,2.062683567029428,1.0420901830596072,5.080464754459588,8.214556554062892,0.6131586181768334,0.0,8.572610744449568,1.0420901830596072,1.0420901830596072,0.0,0.0,0.6131586181768334,1.6408142161109762,0.6131586181768334,1.0420901830596072,0.0,5.102871406657179,7.440047308443987,8.56657762121184,1.6408142161109762,1.0420901830596072,2.527680918622013,2.7709661987963514,0.6131586181768334,2.062683567029428,0.6131586181768334,1.0420901830596072,1.0420901830596072,5.4733831425232085,2.062683567029428,2.527680918622013,2.8787750269246075,1.0420901830596072,0.0,4.400877305604477
GSM5016118,0.0,6.701032465415855,1.457587510623973,7.771077683105358,5.7850561374221465,0.0,8.057807856700954,0.0,2.167670771336259,0.9055384802606044,0.0,0.0,5.563216346479647,0.0,0.0,0.0,2.167670771336259,8.434341329438093,3.1471751090286184,3.98596852606034,11.149941705794,4.61927071325949,5.83004197972608,3.6266921512602273,2.4239055909122733,2.167670771336259,2.4239055909122733,0.0,6.478932956312778,7.72418431071581,0.9055384802606044,5.393774723043175,5.393774723043175,3.6266921512602273,0.0,3.6266921512602273,0.0,2.167670771336259,0.9055384802606044,2.6414214690063864,9.618469835297107,2.167670771336259,2.4239055909122733,1.855882342298572,0.9055384802606044,0.0,0.0,2.167670771336259,0.0,4.136817044093988,3.52091532612933,0.0,2.167670771336259,0.0,0.9055384802606044,2.167670771336259,7.0911999817700995,1.457587510623973,7.4202338748511005,7.736051322172007,8.004840446085161,9.628054343419592,12.293085751239303,3.725240502753349,0.0,0.0,0.0,0.0,3.817485445724917,2.8303982916535815,5.85201957915413,2.8303982916535815,9.05982725039688,5.332563282216593,8.085899954148758,1.855882342298572,5.508917311401955,0.0,6.164559575614022,0.0,10.933832481798504,2.167670771336259,4.9801863867999865,2.167670771336259,3.1471751090286184,0.0,0.0,0.9055384802606044,2.167670771336259,2.167670771336259,0.0,0.0,0.0,1.855882342298572,3.904185096501117,0.0,0.0,2.4239055909122733,5.452494414671483,4.3981178524674265,0.9055384802606044,3.1471751090286184,1.855882342298572,4.810985421368285,0.0,0.0,6.574560270334636,1.457587510623973,2.167670771336259,1.457587510623973,2.6414214690063864,3.98596852606034,0.0,0.0,1.457587510623973,0.0,3.1471751090286184,0.0,7.805273776980524,0.0,1.457587510623973,0.0,1.457587510623973,4.85518211239389,0.0,5.019558154871997,0.9055384802606044,2.6414214690063864,0.0,0.0,2.6414214690063864,3.282800871284417,4.512927746553262,0.9055384802606044,0.0,0.9055384802606044,0.0,5.019558154871997,2.8303982916535815,8.913359761905408,0.9055384802606044,2.4239055909122733,4.718310264231051,2.997463743310144,0.0,2.4239055909122733,0.0,2.6414214690063864,4.45666457190984,0.0,1.457587510623973,0.0,0.9055384802606044,0.9055384802606044,4.939709928286476,4.063363481973619,0.0,1.457587510623973,3.98596852606034,0.0,9.131211621662304,0.0,3.98596852606034,1.457587510623973,2.8303982916535815,0.9055384802606044,0.9055384802606044,1.855882342298572,4.3981178524674265,0.9055384802606044,0.9055384802606044,0.9055384802606044,6.450404807083356,1.457587510623973,0.0,0.0,1.457587510623973,3.52091532612933,11.002376124988944,9.97205621367977,0.0,2.8303982916535815,0.0,0.9055384802606044,0.0,0.0,0.0,0.0,5.916012257742584,4.063363481973619,1.457587510623973,0.9055384802606044,0.9055384802606044,0.0,0.0,1.457587510623973,2.4239055909122733,14.355692305049049,0.9055384802606044,7.918953960121859,0.9055384802606044,0.9055384802606044,2.4239055909122733,2.997463743310144,0.0,0.0,0.9055384802606044,1.855882342298572,3.1471751090286184,2.167670771336259,1.855882342298572,2.8303982916535815,2.4239055909122733,4.765391867715768,6.995714179165201,0.9055384802606044,0.0,10.255816665452038,5.268639211626715,0.0,0.9055384802606044,7.747821516347843,10.772507231778766,1.855882342298572,0.0,0.0,1.457587510623973,13.609509081515323,7.593305809420722,0.0,5.807724393968038,0.9055384802606044,1.457587510623973,5.332563282216593,1.855882342298572,5.0578839327919125,1.855882342298572,5.393774723043175,1.855882342298572,1.457587510623973,2.6414214690063864,0.0,3.282800871284417,1.457587510623973,1.855882342298572,0.0,7.593305809420722,0.0,1.457587510623973,1.457587510623973,0.0,5.167106663025645,2.6414214690063864,0.9055384802606044,0.0,0.0,0.0,0.0,4.669640192503131,7.657111296907145,6.736908818076892,1.457587510623973,8.628285431041407,0.0,0.0,1.855882342298572,3.6266921512602273,0.0,0.0,3.406765082994055,3.282800871284417,2.167670771336259,4.567078843318191,6.850435709007178,8.304880246271326,2.997463743310144,0.9055384802606044,1.457587510623973,0.0,1.855882342298572,1.855882342298572,0.9055384802606044,0.0,4.512927746553262,8.857418355490323,0.0,2.167670771336259,3.1471751090286184,2.997463743310144,1.457587510623973,2.8303982916535815
GSM5016165,1.6493354410368233,9.53209155408215,3.255132740124368,8.35259916470113,4.8469738419876895,1.6493354410368233,7.849972947706596,0.0,0.0,1.0485469769468518,1.0485469769468518,0.0,6.416285759182215,3.255132740124368,2.39883798567836,1.6493354410368233,0.0,7.150100759412343,2.072221292135098,5.552843007649813,10.361053347844198,4.950303944134052,3.788826271594269,4.412813044554219,3.896251703800057,3.0839143418150448,3.408169716835957,3.896251703800057,4.792394085987248,5.951900041922624,1.0485469769468518,5.137104163342824,4.089725518041318,0.0,1.0485469769468518,1.6493354410368233,1.0485469769468518,2.6649896800539024,2.39883798567836,2.6649896800539024,6.989554293809952,1.6493354410368233,0.0,2.39883798567836,4.412813044554219,3.9962294292854863,1.6493354410368233,0.0,1.0485469769468518,4.676619887470026,1.0485469769468518,0.0,1.0485469769468518,1.0485469769468518,0.0,4.260294763196252,5.415129116188717,2.39883798567836,4.899563796481363,8.219303398992638,1.0485469769468518,1.0485469769468518,2.6649896800539024,7.70236966639374,8.558775916378698,0.0,1.6493354410368233,2.39883798567836,1.6493354410368233,8.304654481846674,7.495845847703459,3.0839143418150448,9.799306134214492,4.999320006088169,9.934616269777178,3.408169716835957,6.024734835431843,2.39883798567836,6.836116367420768,5.302466735791026,5.302466735791026,1.0485469769468518,2.39883798567836,1.0485469769468518,7.995993441090882,0.0,0.0,1.0485469769468518,5.6785491727304365,2.39883798567836,1.6493354410368233,0.0,0.0,1.0485469769468518,3.5465185943296125,2.39883798567836,1.0485469769468518,6.434221940929401,1.0485469769468518,4.550737948890106,2.072221292135098,1.0485469769468518,2.8896046193960845,8.037652144895965,3.788826271594269,0.0,3.672753559679673,0.0,3.0839143418150448,0.0,1.0485469769468518,1.6493354410368233,2.072221292135098,5.415129116188717,1.0485469769468518,0.0,3.0839143418150448,0.0,1.0485469769468518,0.0,3.255132740124368,0.0,1.6493354410368233,5.9765891334494405,2.072221292135098,4.999320006088169,2.6649896800539024,4.615051456878577,0.0,0.0,1.0485469769468518,1.0485469769468518,4.550737948890106,2.072221292135098,1.0485469769468518,2.6649896800539024,0.0,6.3610991583333805,5.341006728890292,4.8469738419876895,0.0,5.378543900134453,8.198465076198685,3.672753559679673,4.089725518041318,1.0485469769468518,4.260294763196252,1.0485469769468518,4.615051456878577,0.0,4.792394085987248,1.0485469769468518,1.0485469769468518,0.0,0.0,3.9962294292854863,0.0,0.0,2.8896046193960845,0.0,8.93136148902078,1.0485469769468518,5.222153398426127,0.0,4.950303944134052,1.0485469769468518,1.6493354410368233,5.378543900134453,1.0485469769468518,1.0485469769468518,0.0,0.0,3.408169716835957,3.408169716835957,0.0,0.0,2.6649896800539024,3.255132740124368,10.784581806178702,9.120475541900536,1.0485469769468518,10.313393477598922,1.0485469769468518,6.000862815263942,3.255132740124368,0.0,0.0,2.39883798567836,5.821689001507796,9.290112512716457,7.521240708062765,0.0,5.737519979556414,4.412813044554219,1.0485469769468518,2.39883798567836,2.39883798567836,2.072221292135098,2.39883798567836,9.242555297706543,2.6649896800539024,1.0485469769468518,2.39883798567836,4.260294763196252,2.072221292135098,3.255132740124368,2.6649896800539024,2.8896046193960845,4.550737948890106,4.412813044554219,4.615051456878577,8.394427971522447,1.6493354410368233,3.672753559679673,7.128230711298571,3.0839143418150448,0.0,10.121948210462667,8.043506392558012,0.0,2.8896046193960845,4.260294763196252,5.341006728890292,3.9962294292854863,1.0485469769468518,1.0485469769468518,2.072221292135098,5.875191745957058,2.6649896800539024,1.0485469769468518,1.6493354410368233,2.6649896800539024,0.0,2.8896046193960845,3.408169716835957,3.0839143418150448,3.0839143418150448,4.177529465329048,1.6493354410368233,1.6493354410368233,3.788826271594269,0.0,1.6493354410368233,0.0,5.302466735791026,1.6493354410368233,3.408169716835957,1.6493354410368233,1.0485469769468518,5.046725306745822,2.6649896800539024,8.049336980505743,5.708335862441804,0.0,0.0,3.788826271594269,1.0485469769468518,0.0,5.341006728890292,8.139557380739944,3.5465185943296125,0.0,8.457176214366564,0.0,4.177529465329048,1.0485469769468518,1.0485469769468518,0.0,1.0485469769468518,2.39883798567836,2.39883798567836,0.0,9.25774340850626,3.9962294292854863,4.73566801432369,2.072221292135098,2.072221292135098,1.6493354410368233,0.0,1.0485469769468518,1.6493354410368233,1.0485469769468518,1.0485469769468518,2.072221292135098,6.243958218394764,1.0485469769468518,4.48342311095927,2.8896046193960845,3.896251703800057,2.6649896800539024,3.5465185943296125
GSM5016122,0.9327536952680956,4.117735746608675,4.117735746608675,4.511846652662967,3.573737239051922,2.212776125801874,6.478403376247144,0.9327536952680956,3.048119118807144,0.0,0.0,2.212776125801874,5.972837256158282,1.494585702626006,0.0,0.0,1.897917384431776,7.470290565772132,0.9327536952680956,4.040153688513849,7.851472799973452,3.6798639375313624,6.402931574679584,3.778715890932742,2.212776125801874,2.4710783108952667,2.6900810458184568,0.9327536952680956,6.521861239608374,5.075574542204371,1.494585702626006,4.191357814740214,4.191357814740214,1.494585702626006,0.0,0.0,0.9327536952680956,2.6900810458184568,2.8801786221616648,1.897917384431776,8.802092667445072,0.0,1.494585702626006,3.958161302431833,0.0,1.897917384431776,0.0,0.9327536952680956,1.897917384431776,5.479876369272357,3.573737239051922,0.0,2.4710783108952667,0.0,1.494585702626006,3.6798639375313624,5.841791970753311,1.494585702626006,4.773920755552526,6.355677622091779,7.663767105067442,9.047342765339067,11.721404445022522,6.130881947370234,1.494585702626006,0.0,0.0,0.0,3.334734301799279,1.494585702626006,8.704884320281302,2.212776125801874,6.794140923463395,2.8801786221616648,6.840645919510983,2.6900810458184568,6.708965708632826,1.494585702626006,4.328207308768667,0.0,7.194033612036314,2.4710783108952667,5.722690545440963,4.117735746608675,2.4710783108952667,0.0,1.494585702626006,0.9327536952680956,2.8801786221616648,0.9327536952680956,0.0,0.9327536952680956,2.212776125801874,0.0,2.8801786221616648,0.0,1.897917384431776,3.048119118807144,2.4710783108952667,4.9109875665663045,0.9327536952680956,2.212776125801874,2.4710783108952667,5.565436359298157,0.9327536952680956,0.0,6.448686735552324,1.897917384431776,3.048119118807144,2.8801786221616648,1.494585702626006,0.9327536952680956,0.0,3.334734301799279,2.6900810458184568,0.0,0.0,1.897917384431776,8.138809733618077,0.9327536952680956,1.494585702626006,0.9327536952680956,2.212776125801874,3.871226774273832,0.0,4.328207308768667,2.212776125801874,3.6798639375313624,0.9327536952680956,0.9327536952680956,0.9327536952680956,0.0,2.4710783108952667,0.9327536952680956,0.0,0.0,0.0,4.6224512426557425,2.6900810458184568,5.187756976566641,0.0,2.212776125801874,4.328207308768667,2.4710783108952667,2.4710783108952667,0.9327536952680956,0.0,0.0,2.6900810458184568,3.1985326406174375,4.191357814740214,1.494585702626006,1.494585702626006,1.494585702626006,2.4710783108952667,4.2614045926130055,0.0,0.0,5.479876369272357,0.0,8.215807915934901,0.9327536952680956,3.048119118807144,0.0,4.191357814740214,0.9327536952680956,1.897917384431776,0.0,0.0,2.6900810458184568,0.0,0.0,3.1985326406174375,2.8801786221616648,0.9327536952680956,1.494585702626006,0.9327536952680956,1.897917384431776,8.957880337017448,8.76036754947118,0.9327536952680956,2.212776125801874,0.0,2.212776125801874,0.0,1.494585702626006,0.9327536952680956,0.9327536952680956,4.191357814740214,4.6224512426557425,3.048119118807144,0.0,0.9327536952680956,0.0,0.0,3.048119118807144,3.1985326406174375,13.464813544378064,3.1985326406174375,8.534998681908412,1.897917384431776,0.0,0.9327536952680956,2.212776125801874,0.9327536952680956,1.897917384431776,1.494585702626006,0.9327536952680956,2.4710783108952667,2.212776125801874,1.897917384431776,4.39205319293359,0.0,3.334734301799279,5.771517197929905,1.494585702626006,2.8801786221616648,8.342404212048633,5.619781364275176,0.9327536952680956,0.9327536952680956,6.992534357743738,9.803413707481775,1.494585702626006,0.0,0.0,0.9327536952680956,12.432098420514096,4.866729934139142,0.0,0.9327536952680956,0.0,0.0,7.394381767550555,1.897917384431776,6.034150621224077,0.9327536952680956,4.511846652662967,1.897917384431776,0.0,3.871226774273832,1.494585702626006,3.048119118807144,0.9327536952680956,4.040153688513849,1.897917384431776,1.897917384431776,0.0,1.494585702626006,0.9327536952680956,2.6900810458184568,3.048119118807144,1.494585702626006,0.0,0.0,5.151323542082405,0.9327536952680956,1.897917384431776,5.7953245039203445,7.923456342093424,3.6798639375313624,0.9327536952680956,7.997159762927088,0.0,0.9327536952680956,0.9327536952680956,0.0,0.0,0.9327536952680956,1.897917384431776,2.8801786221616648,0.9327536952680956,3.1985326406174375,6.073624790032075,6.782276608812096,4.6224512426557425,2.4710783108952667,3.573737239051922,0.0,1.494585702626006,0.0,0.0,2.4710783108952667,5.075574542204371,7.330641158917458,0.9327536952680956,1.494585702626006,3.1985326406174375,2.6900810458184568,0.9327536952680956,4.995626854651884
GSM5016182,0.0,2.9156317873516056,3.816718462689983,3.7004652296055065,2.095178402159691,0.0,6.533534056587884,0.0,0.0,0.0,0.0,0.0,4.205930438367793,0.0,1.0641447569985114,1.0641447569985114,2.095178402159691,7.314559213575748,1.0641447569985114,1.0641447569985114,8.233647222341395,1.6698703497243212,6.189851817688501,6.931839381824333,5.292139372494941,0.0,0.0,0.0,0.0,7.158063290543586,1.6698703497243212,1.6698703497243212,6.371902928855592,1.0641447569985114,1.0641447569985114,0.0,1.0641447569985114,1.0641447569985114,3.5740166996222733,2.9156317873516056,2.6903388564508486,0.0,0.0,4.3671431668080025,1.0641447569985114,0.0,0.0,1.0641447569985114,0.0,1.0641447569985114,0.0,1.0641447569985114,0.0,0.0,1.0641447569985114,1.0641447569985114,3.43541122737468,0.0,1.0641447569985114,2.4232339154286313,0.0,2.095178402159691,3.816718462689983,7.6947810946318524,2.095178402159691,0.0,0.0,0.0,2.9156317873516056,0.0,3.1104484270002395,3.5740166996222733,7.233211336765765,2.095178402159691,6.273610983211282,1.0641447569985114,0.0,1.0641447569985114,1.0641447569985114,0.0,7.783174582745662,3.282060163959708,5.166304092184657,2.4232339154286313,1.6698703497243212,1.0641447569985114,1.6698703497243212,0.0,2.6903388564508486,1.0641447569985114,1.0641447569985114,0.0,1.0641447569985114,0.0,3.5740166996222733,0.0,0.0,2.9156317873516056,0.0,4.0244100976539725,1.0641447569985114,1.6698703497243212,1.0641447569985114,5.370318085697517,2.4232339154286313,0.0,7.179936536813412,1.6698703497243212,2.6903388564508486,1.0641447569985114,1.6698703497243212,0.0,1.0641447569985114,1.6698703497243212,1.0641447569985114,1.6698703497243212,0.0,2.095178402159691,1.0641447569985114,2.095178402159691,0.0,1.0641447569985114,3.1104484270002395,1.0641447569985114,1.6698703497243212,3.1104484270002395,0.0,2.6903388564508486,1.6698703497243212,1.0641447569985114,0.0,0.0,3.816718462689983,1.0641447569985114,6.892639211957321,1.0641447569985114,0.0,5.2094802560785896,3.5740166996222733,4.3671431668080025,0.0,3.282060163959708,4.643882721688333,1.6698703497243212,3.1104484270002395,1.6698703497243212,0.0,1.0641447569985114,1.0641447569985114,1.0641447569985114,4.0244100976539725,1.6698703497243212,1.6698703497243212,2.095178402159691,0.0,3.1104484270002395,2.095178402159691,0.0,4.288787454357951,0.0,8.702672522802485,2.095178402159691,4.205930438367793,0.0,3.816718462689983,0.0,3.282060163959708,0.0,1.6698703497243212,3.1104484270002395,1.0641447569985114,1.0641447569985114,4.5795138521281755,0.0,0.0,0.0,0.0,2.6903388564508486,5.7080136358833595,8.061705558974023,1.0641447569985114,3.282060163959708,1.0641447569985114,1.0641447569985114,0.0,0.0,2.6903388564508486,1.0641447569985114,2.095178402159691,4.205930438367793,0.0,0.0,0.0,0.0,0.0,0.0,0.0,4.5795138521281755,2.4232339154286313,6.371902928855592,0.0,3.1104484270002395,3.816718462689983,3.1104484270002395,2.9156317873516056,4.705501886174418,4.764596676209094,6.3907825270378895,5.646503975593642,5.251401726904056,6.3137348780435065,1.6698703497243212,1.0641447569985114,1.6698703497243212,5.121795806931034,2.095178402159691,2.095178402159691,7.739654713104851,1.6698703497243212,0.0,1.0641447569985114,4.643882721688333,8.396632336571974,1.0641447569985114,0.0,3.1104484270002395,3.7004652296055065,4.82136581137316,5.7080136358833595,1.0641447569985114,1.0641447569985114,0.0,1.6698703497243212,4.0244100976539725,0.0,0.0,1.0641447569985114,3.816718462689983,1.6698703497243212,0.0,0.0,1.0641447569985114,0.0,0.0,6.481643315836665,4.0244100976539725,3.282060163959708,0.0,0.0,2.6903388564508486,1.6698703497243212,3.43541122737468,1.0641447569985114,0.0,0.0,3.43541122737468,1.0641447569985114,1.6698703497243212,6.499148428656938,9.94879302724194,2.095178402159691,0.0,9.695255895557253,0.0,0.0,1.0641447569985114,2.9156317873516056,0.0,1.0641447569985114,1.0641447569985114,0.0,0.0,1.0641447569985114,1.0641447569985114,2.4232339154286313,2.095178402159691,0.0,0.0,1.6698703497243212,0.0,1.6698703497243212,1.0641447569985114,0.0,1.0641447569985114,4.5795138521281755,1.6698703497243212,0.0,3.7004652296055065,1.6698703497243212,0.0,6.4639231910932455
GSM5016137,2.884484778846724,5.869372685867767,3.032537019253199,6.510644628343376,2.719483177221511,0.0,6.5844854352687205,0.8464352319336214,0.0,0.8464352319336214,0.8464352319336214,0.8464352319336214,6.943710964515204,0.0,1.3763488541355264,0.0,0.0,5.788361467422949,1.7630536493265272,3.6055816260589255,6.572438114372457,5.109285727755585,8.46001819802156,5.563373274786507,4.854586236256315,2.0677111355104256,2.0677111355104256,0.0,5.809044717067934,7.799984985831134,1.3763488541355264,5.296696924857041,5.702529193293759,0.0,2.319115862290106,4.084153762760529,0.8464352319336214,2.5331435962632085,2.0677111355104256,2.5331435962632085,5.964630839829585,0.8464352319336214,0.0,1.3763488541355264,0.0,0.0,0.0,0.0,2.0677111355104256,3.2896247845928315,0.8464352319336214,0.8464352319336214,2.719483177221511,0.8464352319336214,1.3763488541355264,2.319115862290106,4.969288617334146,3.402808289972687,2.719483177221511,7.805142021923907,0.8464352319336214,0.0,2.319115862290106,3.5077545483191255,1.7630536493265272,0.0,0.0,0.0,1.7630536493265272,3.2896247845928315,3.402808289972687,0.8464352319336214,8.744013715265474,5.462537962065083,8.672449492217234,0.0,5.888934143179325,0.8464352319336214,7.540307893936887,0.0,8.301188542880203,1.7630536493265272,2.5331435962632085,1.3763488541355264,3.697194347405668,1.7630536493265272,0.8464352319336214,1.7630536493265272,3.5077545483191255,1.7630536493265272,0.0,0.8464352319336214,2.0677111355104256,1.7630536493265272,2.884484778846724,0.0,1.7630536493265272,2.5331435962632085,0.0,2.884484778846724,2.719483177221511,2.0677111355104256,5.354121718242614,6.796120875746769,0.8464352319336214,0.0,8.126809561378796,2.319115862290106,0.0,0.0,1.3763488541355264,0.0,0.0,1.7630536493265272,0.0,1.3763488541355264,0.8464352319336214,2.719483177221511,1.3763488541355264,0.0,2.5331435962632085,0.8464352319336214,1.3763488541355264,6.186356635107368,0.0,6.65473019001387,3.032537019253199,2.5331435962632085,0.0,1.3763488541355264,0.0,0.0,3.166799959901136,0.8464352319336214,2.0677111355104256,2.5331435962632085,0.8464352319336214,5.354121718242614,3.6055816260589255,3.032537019253199,1.3763488541355264,2.0677111355104256,5.075539344435521,3.5077545483191255,2.0677111355104256,3.5077545483191255,1.7630536493265272,1.3763488541355264,2.884484778846724,0.8464352319336214,1.3763488541355264,0.0,1.3763488541355264,1.3763488541355264,0.0,5.4093480142010035,1.7630536493265272,0.8464352319336214,1.7630536493265272,1.3763488541355264,7.327422595890705,3.166799959901136,4.729970533653915,0.0,3.6055816260589255,0.0,2.0677111355104256,2.719483177221511,0.0,2.719483177221511,1.3763488541355264,0.8464352319336214,2.0677111355104256,3.032537019253199,1.3763488541355264,0.8464352319336214,0.8464352319336214,4.593564459509091,8.290196612640894,8.426946607670123,0.0,0.0,0.0,1.3763488541355264,1.3763488541355264,0.8464352319336214,0.0,1.3763488541355264,4.0146230543982995,7.789615279185067,5.7460835536833335,0.0,3.697194347405668,2.719483177221511,0.8464352319336214,1.7630536493265272,1.7630536493265272,2.0677111355104256,2.0677111355104256,7.942527117219854,0.8464352319336214,0.0,3.5077545483191255,5.767377373326053,1.7630536493265272,4.213903826457612,4.213903826457612,5.462537962065083,5.563373274786507,5.657618903848476,4.4948904825181595,5.1422607510013485,0.8464352319336214,1.7630536493265272,4.213903826457612,2.719483177221511,2.0677111355104256,8.705920763245881,4.0146230543982995,1.3763488541355264,0.8464352319336214,5.634628378819996,8.570140279331486,2.719483177221511,0.0,1.3763488541355264,3.5077545483191255,6.364596348075134,6.378501541284598,0.0,0.0,2.719483177221511,1.3763488541355264,3.697194347405668,2.0677111355104256,0.8464352319336214,0.8464352319336214,5.040984647182497,0.8464352319336214,2.0677111355104256,0.8464352319336214,1.3763488541355264,1.3763488541355264,0.8464352319336214,5.72447072823962,2.5331435962632085,2.319115862290106,1.3763488541355264,1.3763488541355264,3.941570879341592,0.0,5.040984647182497,1.7630536493265272,0.8464352319336214,1.7630536493265272,2.0677111355104256,0.0,0.0,4.854586236256315,9.16891746178604,0.0,0.0,9.44811213116794,0.0,2.319115862290106,0.0,2.0677111355104256,0.0,0.8464352319336214,1.7630536493265272,0.8464352319336214,2.0677111355104256,6.60828240777521,6.350555826409468,7.534109490699089,4.388968904745417,1.3763488541355264,2.0677111355104256,1.3763488541355264,0.0,3.6055816260589255,2.319115862290106,0.0,0.0,6.186356635107368,0.0,7.298459556313689,2.319115862290106,1.7630536493265272,0.0,4.332941508245565
GSM5016190,1.8374837893121911,4.148128830953643,4.039416546028042,3.497669411804502,1.8374837893121911,0.0,6.6265375954530255,0.0,0.0,0.0,1.1934127301077702,2.8942656302906142,5.210780938724693,0.0,0.0,0.0,0.0,4.740852918744052,0.0,3.1245903394830266,7.018957725752289,3.6533326420825305,8.818345032026052,4.039416546028042,2.2811915447413176,1.1934127301077702,1.1934127301077702,0.0,1.8374837893121911,5.972064893962038,1.1934127301077702,4.8086706472255525,4.935431886469491,0.0,0.0,1.1934127301077702,1.1934127301077702,0.0,2.620052236304366,1.1934127301077702,4.249220166051856,0.0,1.8374837893121911,1.8374837893121911,0.0,0.0,1.1934127301077702,1.1934127301077702,1.1934127301077702,4.594832457564527,1.1934127301077702,1.1934127301077702,1.1934127301077702,0.0,0.0,0.0,4.873443041029466,0.0,1.1934127301077702,3.921839900936581,1.1934127301077702,1.8374837893121911,4.740852918744052,6.607623441771136,1.1934127301077702,0.0,0.0,1.1934127301077702,1.1934127301077702,1.8374837893121911,2.2811915447413176,2.620052236304366,6.139433982758281,2.620052236304366,7.521554725504201,1.8374837893121911,2.8942656302906142,1.1934127301077702,0.0,0.0,5.641065382678256,2.620052236304366,4.8086706472255525,3.497669411804502,0.0,1.8374837893121911,1.1934127301077702,1.1934127301077702,5.106859234231316,1.1934127301077702,1.1934127301077702,0.0,1.8374837893121911,1.1934127301077702,3.1245903394830266,0.0,0.0,3.6533326420825305,1.1934127301077702,2.8942656302906142,1.8374837893121911,1.8374837893121911,1.1934127301077702,5.44190562073154,1.1934127301077702,1.8374837893121911,9.173789577753356,3.497669411804502,2.2811915447413176,0.0,0.0,0.0,0.0,4.343689399603364,1.1934127301077702,0.0,0.0,2.2811915447413176,0.0,0.0,2.2811915447413176,1.8374837893121911,2.8942656302906142,1.1934127301077702,0.0,1.8374837893121911,0.0,0.0,0.0,1.1934127301077702,1.1934127301077702,0.0,2.8942656302906142,1.8374837893121911,3.7938239317975135,1.1934127301077702,1.8374837893121911,4.8086706472255525,2.8942656302906142,2.8942656302906142,3.1245903394830266,4.039416546028042,5.2600630793335,2.8942656302906142,3.921839900936581,1.8374837893121911,0.0,0.0,2.620052236304366,1.1934127301077702,3.3231561423654288,2.2811915447413176,1.8374837893121911,2.620052236304366,3.1245903394830266,3.3231561423654288,1.1934127301077702,0.0,2.620052236304366,1.1934127301077702,8.562512361505833,1.1934127301077702,3.6533326420825305,0.0,5.210780938724693,0.0,2.8942656302906142,3.1245903394830266,1.1934127301077702,4.343689399603364,0.0,1.8374837893121911,1.8374837893121911,2.2811915447413176,2.2811915447413176,0.0,1.1934127301077702,4.5158779385778685,6.509144086136284,7.561417035131808,0.0,0.0,1.1934127301077702,1.1934127301077702,0.0,2.620052236304366,1.1934127301077702,0.0,1.1934127301077702,6.030038976015596,5.106859234231316,0.0,4.343689399603364,3.1245903394830266,1.1934127301077702,0.0,1.1934127301077702,6.930400250217964,2.2811915447413176,6.001343123353317,1.1934127301077702,1.8374837893121911,2.620052236304366,2.2811915447413176,1.8374837893121911,1.8374837893121911,1.8374837893121911,2.2811915447413176,3.3231561423654288,2.620052236304366,2.8942656302906142,2.8942656302906142,0.0,2.8942656302906142,6.425214806877065,1.8374837893121911,2.8942656302906142,7.916811392969465,3.921839900936581,0.0,0.0,7.303831525509626,10.58404319209292,0.0,0.0,0.0,1.1934127301077702,5.3077172123244445,4.249220166051856,0.0,0.0,1.8374837893121911,1.1934127301077702,2.2811915447413176,1.8374837893121911,2.8942656302906142,0.0,4.148128830953643,0.0,1.1934127301077702,2.2811915447413176,1.1934127301077702,0.0,0.0,5.2600630793335,2.2811915447413176,2.620052236304366,0.0,0.0,2.8942656302906142,4.039416546028042,7.490918128851317,4.873443041029466,0.0,1.8374837893121911,2.8942656302906142,0.0,0.0,6.165534047501355,9.567960367490512,1.1934127301077702,0.0,9.450805946057107,0.0,0.0,0.0,0.0,1.1934127301077702,0.0,1.8374837893121911,0.0,0.0,4.432351026629666,1.1934127301077702,1.8374837893121911,2.2811915447413176,0.0,2.2811915447413176,0.0,0.0,1.1934127301077702,0.0,0.0,0.0,4.5158779385778685,0.0,4.8086706472255525,3.921839900936581,0.0,1.8374837893121911,4.343689399603364
GSM5016152,0.0,3.566234254663996,6.024263100623892,3.303542541462197,1.9846950226749045,0.0,6.6091216379787925,0.0,0.0,0.0,1.571366116510933,3.303542541462197,2.7898502046546474,0.0,0.9898147434817418,0.0,1.9846950226749045,8.821952266428235,0.9898147434817418,1.571366116510933,6.837715539585812,0.0,6.389190201620302,4.787647105414596,3.980843273649573,0.0,0.0,0.0,1.9846950226749045,7.630711186358904,3.303542541462197,2.9821283329424277,5.534583906122945,0.0,0.9898147434817418,0.9898147434817418,0.9898147434817418,0.9898147434817418,3.303542541462197,0.9898147434817418,3.440859152049544,0.0,0.0,5.623824968823977,0.0,0.0,1.571366116510933,0.0,0.9898147434817418,3.887819575498038,0.9898147434817418,0.0,0.0,0.0,0.9898147434817418,1.571366116510933,3.1517678645568385,1.571366116510933,0.9898147434817418,0.9898147434817418,0.9898147434817418,1.571366116510933,2.567946904383735,8.179299440585995,2.7898502046546474,0.0,0.9898147434817418,0.9898147434817418,0.0,5.4394565309063445,6.747930266015628,0.0,3.887819575498038,0.9898147434817418,6.721216457732491,0.0,0.0,0.9898147434817418,5.067625325704439,0.0,6.6801947391679235,2.567946904383735,3.681579645547351,2.7898502046546474,0.0,0.0,0.9898147434817418,0.0,1.9846950226749045,0.9898147434817418,0.0,1.571366116510933,1.9846950226749045,0.0,2.30559698957002,0.0,0.0,4.4399242228215945,0.0,6.406061204176538,0.0,0.0,0.0,5.024574945779419,1.9846950226749045,0.9898147434817418,8.74447598843135,2.567946904383735,1.571366116510933,0.0,3.681579645547351,0.0,0.0,1.571366116510933,0.0,0.0,0.0,2.567946904383735,1.571366116510933,0.0,0.0,2.30559698957002,1.571366116510933,0.9898147434817418,1.9846950226749045,2.567946904383735,0.9898147434817418,1.571366116510933,0.9898147434817418,2.567946904383735,0.0,2.7898502046546474,2.7898502046546474,0.9898147434817418,5.471867613722796,0.0,1.571366116510933,5.067625325704439,3.1517678645568385,2.9821283329424277,1.571366116510933,1.9846950226749045,4.228567778318019,0.9898147434817418,0.0,0.9898147434817418,0.9898147434817418,1.9846950226749045,1.571366116510933,1.571366116510933,5.3376111433883136,2.30559698957002,2.30559698957002,1.571366116510933,0.9898147434817418,4.3728545611438285,1.9846950226749045,0.0,2.30559698957002,0.9898147434817418,7.36338464006074,0.9898147434817418,1.9846950226749045,0.0,5.862549032729531,0.9898147434817418,2.7898502046546474,0.0,0.9898147434817418,3.566234254663996,0.0,1.9846950226749045,3.1517678645568385,0.0,1.571366116510933,2.7898502046546474,0.0,0.0,6.337360130188065,7.013137225449468,0.0,5.594687024193473,0.0,0.0,0.0,2.30559698957002,0.0,0.0,1.571366116510933,5.189566771781711,4.4399242228215945,0.0,3.566234254663996,1.9846950226749045,0.0,0.9898147434817418,0.9898147434817418,2.7898502046546474,0.9898147434817418,6.4555218120724165,1.571366116510933,0.0,3.303542541462197,4.302514219263536,2.567946904383735,2.567946904383735,2.7898502046546474,2.9821283329424277,5.024574945779419,5.406300545249469,4.787647105414596,3.1517678645568385,0.0,1.9846950226749045,4.068230487518506,0.9898147434817418,2.7898502046546474,7.754438136439696,2.567946904383735,0.0,0.9898147434817418,4.934417369982908,8.24171897587344,0.0,0.0,0.0,2.567946904383735,5.707865932389178,6.957000383377194,0.0,0.0,0.9898147434817418,0.0,2.567946904383735,0.9898147434817418,0.9898147434817418,0.0,2.7898502046546474,1.571366116510933,0.9898147434817418,1.571366116510933,0.9898147434817418,0.9898147434817418,1.571366116510933,6.825226138574432,4.838247835937357,0.9898147434817418,0.9898147434817418,1.571366116510933,0.0,0.9898147434817418,0.9898147434817418,0.0,0.0,0.9898147434817418,6.024263100623892,1.571366116510933,0.9898147434817418,7.526561623068504,10.718505797392016,0.0,0.0,10.106279956848596,0.0,0.9898147434817418,0.0,2.7898502046546474,1.571366116510933,0.0,0.0,0.0,0.9898147434817418,4.228567778318019,1.9846950226749045,3.303542541462197,1.571366116510933,0.0,0.0,1.9846950226749045,0.0,0.9898147434817418,0.0,0.9898147434817418,0.0,3.566234254663996,2.7898502046546474,3.440859152049544,3.980843273649573,1.571366116510933,0.0,4.150625420043105
GSM5016114,2.4661786170150974,5.0303569681166,2.8750122506403426,5.252151134447632,2.4661786170150974,0.0,7.01716702908445,1.490730694099363,2.2080881669795316,0.0,2.2080881669795316,1.490730694099363,4.5624811393770734,0.0,0.0,0.0,0.0,4.989834604856059,1.490730694099363,0.9299094204102129,9.411028821075517,3.865656142636901,8.360481080398726,5.7894523334124015,4.034537821181354,1.8935443832348249,1.490730694099363,0.0,4.447486408413361,7.793493780693695,1.490730694099363,3.674351372139976,5.383083436168643,0.0,2.2080881669795316,1.8935443832348249,1.490730694099363,0.0,2.4661786170150974,2.2080881669795316,7.1333383138772035,0.0,0.0,2.2080881669795316,2.2080881669795316,1.490730694099363,0.0,0.9299094204102129,2.685029239601355,3.3293480609050894,1.490730694099363,0.9299094204102129,0.0,0.0,1.490730694099363,1.8935443832348249,5.145512079053217,0.9299094204102129,2.4661786170150974,0.9299094204102129,4.5624811393770734,6.250354879487675,9.018894085145336,6.442775268227263,3.674351372139976,0.0,0.0,0.9299094204102129,0.0,2.2080881669795316,6.250354879487675,2.2080881669795316,4.948141076131787,3.04286335426531,8.178639379181986,2.2080881669795316,2.2080881669795316,2.685029239601355,9.47665085618469,2.685029239601355,8.804912169162368,3.4537440926377214,3.5682603543233875,0.9299094204102129,4.5624811393770734,0.0,0.0,0.0,5.108139099240903,1.490730694099363,2.2080881669795316,1.8935443832348249,2.2080881669795316,2.2080881669795316,3.674351372139976,0.0,2.2080881669795316,4.905206664636505,2.8750122506403426,2.8750122506403426,0.0,2.2080881669795316,3.04286335426531,6.442775268227263,0.9299094204102129,0.9299094204102129,10.192862429961156,3.1932051802699264,2.8750122506403426,0.0,4.719423243087985,1.490730694099363,0.0,3.5682603543233875,0.9299094204102129,0.0,1.490730694099363,3.773172370013012,6.048132827296073,1.490730694099363,1.490730694099363,2.685029239601355,2.8750122506403426,0.9299094204102129,1.490730694099363,3.952566730459016,2.4661786170150974,3.4537440926377214,1.490730694099363,0.0,0.0,1.490730694099363,4.948141076131787,0.9299094204102129,3.4537440926377214,3.04286335426531,0.9299094204102129,5.383083436168643,3.5682603543233875,4.768159702728648,3.952566730459016,3.4537440926377214,6.124987385756417,1.490730694099363,3.952566730459016,3.3293480609050894,0.9299094204102129,1.490730694099363,0.0,0.9299094204102129,2.8750122506403426,1.490730694099363,2.685029239601355,1.490730694099363,1.490730694099363,3.1932051802699264,2.685029239601355,0.0,2.2080881669795316,1.8935443832348249,7.332821400447264,0.9299094204102129,4.668982655005754,0.0,5.858599026666168,1.8935443832348249,3.773172370013012,2.2080881669795316,0.0,5.858599026666168,0.9299094204102129,2.685029239601355,1.8935443832348249,1.490730694099363,0.0,2.2080881669795316,0.0,3.04286335426531,8.449087572836184,8.881668644776509,0.0,6.333669908093397,0.0,0.0,1.490730694099363,1.8935443832348249,0.9299094204102129,0.0,7.434459027544237,6.317387374230355,5.474030568250992,0.0,4.506129224647504,3.3293480609050894,0.0,0.9299094204102129,0.9299094204102129,11.658393712505209,1.8935443832348249,10.63193547440578,3.4537440926377214,1.490730694099363,4.3863585021256855,5.351447436515671,0.0,3.04286335426531,3.865656142636901,4.860955236375233,5.5870088224429155,4.860955236375233,4.6167144331690055,4.034537821181354,1.490730694099363,2.685029239601355,5.108139099240903,1.8935443832348249,2.2080881669795316,8.634660396546675,2.2080881669795316,0.9299094204102129,1.8935443832348249,6.57192345485165,9.668584409181152,1.490730694099363,0.9299094204102129,1.8935443832348249,2.4661786170150974,10.783353770485483,5.0303569681166,0.9299094204102129,0.9299094204102129,1.8935443832348249,2.2080881669795316,4.815303428229986,1.8935443832348249,4.668982655005754,2.2080881669795316,2.8750122506403426,0.9299094204102129,2.2080881669795316,1.490730694099363,1.490730694099363,1.8935443832348249,4.25573694887387,8.352512675769317,4.860955236375233,5.181941309108082,2.2080881669795316,0.9299094204102129,4.447486408413361,2.2080881669795316,5.88093056024096,4.185705712722786,0.9299094204102129,3.04286335426531,2.8750122506403426,0.9299094204102129,0.0,6.890815454832804,10.739725971929392,4.185705712722786,0.9299094204102129,10.62946454818633,0.0,3.4537440926377214,1.490730694099363,2.685029239601355,2.2080881669795316,0.0,2.2080881669795316,0.9299094204102129,0.9299094204102129,7.348931635143984,2.8750122506403426,3.5682603543233875,3.865656142636901,0.0,0.9299094204102129,0.0,1.490730694099363,2.2080881669795316,1.490730694099363,0.0,2.4661786170150974,5.88093056024096,0.9299094204102129,4.6167144331690055,4.322525529639625,2.8750122506403426,1.490730694099363,5.383083436168643
GSM5016191,0.0,1.111381491963565,2.993338528932538,0.0,2.1640052145865827,1.111381491963565,6.621818121252337,1.111381491963565,0.0,0.0,1.111381491963565,2.993338528932538,0.0,0.0,0.0,2.496231573305849,0.0,5.253111104582885,0.0,0.0,5.992503678171131,0.0,8.219624659748485,1.111381491963565,0.0,0.0,0.0,0.0,3.8997839309223696,6.812630908273598,2.496231573305849,0.0,5.602335083275956,0.0,1.731638880268194,0.0,0.0,1.111381491963565,4.373572628277263,0.0,1.111381491963565,0.0,0.0,1.731638880268194,0.0,2.1640052145865827,0.0,0.0,1.731638880268194,1.111381491963565,0.0,0.0,0.0,0.0,0.0,0.0,2.766090874225178,1.731638880268194,0.0,0.0,0.0,0.0,0.0,9.087795356399338,10.26715692994503,0.0,6.8421163057512935,0.0,0.0,6.277884484249822,0.0,1.111381491963565,4.108302049212709,0.0,4.45216303129534,0.0,0.0,0.0,1.111381491963565,0.0,7.768303797344178,3.189614338918401,1.111381491963565,1.111381491963565,0.0,0.0,0.0,0.0,2.1640052145865827,0.0,1.111381491963565,0.0,1.111381491963565,0.0,7.0331887086332046,1.111381491963565,1.111381491963565,5.253111104582885,0.0,2.496231573305849,0.0,1.111381491963565,0.0,2.993338528932538,0.0,1.111381491963565,11.000933420954102,5.115000197503593,2.496231573305849,0.0,2.766090874225178,0.0,0.0,3.516610156907523,1.111381491963565,1.111381491963565,0.0,2.1640052145865827,1.111381491963565,0.0,0.0,3.189614338918401,2.766090874225178,0.0,0.0,1.731638880268194,0.0,1.111381491963565,0.0,1.731638880268194,1.111381491963565,1.111381491963565,0.0,3.655952084425931,6.069313089339356,0.0,0.0,6.604716613277636,4.597560196787384,0.0,3.189614338918401,3.655952084425931,3.3623569394857165,0.0,0.0,2.993338528932538,1.111381491963565,0.0,1.111381491963565,0.0,2.993338528932538,3.655952084425931,3.8997839309223696,2.496231573305849,1.111381491963565,2.1640052145865827,1.731638880268194,0.0,0.0,2.496231573305849,4.729636281142636,2.993338528932538,0.0,1.111381491963565,5.457443297868718,1.111381491963565,4.2904531297985224,0.0,1.731638880268194,2.993338528932538,1.731638880268194,2.766090874225178,2.993338528932538,0.0,0.0,2.496231573305849,0.0,0.0,3.3623569394857165,4.2904531297985224,0.0,10.5896659523546,1.111381491963565,0.0,0.0,2.1640052145865827,3.655952084425931,0.0,0.0,2.1640052145865827,0.0,1.731638880268194,0.0,0.0,1.111381491963565,0.0,0.0,1.111381491963565,1.731638880268194,5.457443297868718,0.0,1.111381491963565,3.783013182151002,0.0,0.0,0.0,0.0,0.0,1.731638880268194,0.0,0.0,2.1640052145865827,0.0,0.0,1.111381491963565,0.0,3.8997839309223696,7.0331887086332046,1.111381491963565,0.0,0.0,2.496231573305849,2.1640052145865827,0.0,0.0,0.0,0.0,0.0,2.1640052145865827,1.111381491963565,0.0,0.0,0.0,1.731638880268194,0.0,1.731638880268194,0.0,2.496231573305849,2.766090874225178,1.111381491963565,1.731638880268194,1.111381491963565,2.993338528932538,0.0,6.4600762016245215,3.189614338918401,0.0,0.0,0.0,0.0,1.731638880268194,1.111381491963565,0.0,0.0,1.111381491963565,2.496231573305849,0.0,0.0,6.621818121252337,9.831071407679,0.0,0.0,9.81814662125049,0.0,0.0,0.0,1.731638880268194,2.1640052145865827,0.0,0.0,0.0,1.731638880268194,0.0,0.0,0.0,5.379147944178684,0.0,0.0,2.1640052145865827,0.0,0.0,0.0,0.0,0.0,0.0,4.108302049212709,0.0,4.597560196787384,0.0,0.0,5.418826693954593
GSM5016151,2.9461372667226864,7.205471752989616,2.533710776691935,8.015324913339644,3.115190880594247,0.0,6.348408437021606,0.9694679588848591,0.0,0.9694679588848591,0.0,0.0,5.5833926782409655,0.9694679588848591,0.9694679588848591,0.0,0.0,1.953956160764221,1.953956160764221,3.528484024186477,6.983147561399739,4.747881205845945,6.08891083296304,5.797343656330904,4.798429733268928,2.2727617812672105,2.7546117714188947,1.5441078142956317,5.463208020512905,5.3991399384706735,0.0,5.366006372820696,3.528484024186477,0.9694679588848591,0.0,5.6943306415551325,0.9694679588848591,2.7546117714188947,1.5441078142956317,0.9694679588848591,5.027592229862487,3.2664964848352933,0.9694679588848591,0.9694679588848591,0.9694679588848591,0.9694679588848591,0.0,0.0,0.0,7.057670462920229,1.5441078142956317,0.0,0.9694679588848591,0.0,0.0,3.4034290846761697,5.366006372820696,2.9461372667226864,3.4034290846761697,7.406237564065374,3.528484024186477,5.916556353090815,8.74898784755554,3.2664964848352933,1.5441078142956317,0.9694679588848591,0.0,1.5441078142956317,2.2727617812672105,3.942211871212566,4.40057107119273,1.5441078142956317,9.054733351039216,5.1878618960048835,7.960886111264203,0.9694679588848591,3.115190880594247,1.5441078142956317,6.80917939070131,0.0,6.994032286583628,0.0,7.406237564065374,5.261779591894684,3.643558398293854,0.0,1.5441078142956317,0.9694679588848591,4.40057107119273,1.953956160764221,1.5441078142956317,0.9694679588848591,0.0,1.5441078142956317,5.297365089631979,0.9694679588848591,0.9694679588848591,4.189518607863277,1.953956160764221,0.9694679588848591,1.953956160764221,0.0,5.261779591894684,6.167935060552382,0.9694679588848591,0.0,4.695497071078376,0.9694679588848591,2.2727617812672105,0.0,1.953956160764221,0.9694679588848591,1.5441078142956317,1.953956160764221,0.0,0.0,2.7546117714188947,0.9694679588848591,0.9694679588848591,0.0,1.953956160764221,0.0,1.5441078142956317,5.463208020512905,0.0,4.584652299927873,3.4034290846761697,4.263353603706468,0.0,0.0,0.0,0.9694679588848591,5.027592229862487,0.9694679588848591,1.5441078142956317,3.2664964848352933,0.0,6.005305898418604,4.029443473895949,4.695497071078376,0.0,2.9461372667226864,6.538838602726988,3.115190880594247,2.2727617812672105,1.953956160764221,1.5441078142956317,0.0,1.953956160764221,0.0,1.5441078142956317,0.0,1.5441078142956317,0.9694679588848591,0.0,0.0,1.5441078142956317,0.0,4.40057107119273,0.0,7.771442348744581,1.953956160764221,5.1878618960048835,0.0,4.6411389733541455,0.9694679588848591,1.5441078142956317,3.2664964848352933,0.0,0.9694679588848591,0.0,1.5441078142956317,1.5441078142956317,3.528484024186477,0.0,0.9694679588848591,1.5441078142956317,3.528484024186477,9.489106633867396,8.713206799441709,0.9694679588848591,5.109951473478948,0.0,1.953956160764221,1.5441078142956317,1.953956160764221,2.2727617812672105,0.9694679588848591,2.533710776691935,7.845429103020416,6.381943949638732,0.0,4.6411389733541455,2.2727617812672105,0.0,2.9461372667226864,2.9461372667226864,4.94024516098466,1.953956160764221,7.015558425787915,1.5441078142956317,0.0,1.5441078142956317,6.205881083075332,1.5441078142956317,2.9461372667226864,3.2664964848352933,3.643558398293854,6.414717603635968,5.9392607995593725,3.942211871212566,6.381943949638732,0.9694679588848591,1.953956160764221,5.916556353090815,1.953956160764221,1.953956160764221,8.74898784755554,5.6943306415551325,0.0,3.750128218390304,8.64578576025992,12.014437898820749,5.0693594779495275,0.9694679588848591,0.9694679588848591,3.2664964848352933,7.93852208747784,2.2727617812672105,0.9694679588848591,0.0,3.2664964848352933,0.0,3.2664964848352933,3.2664964848352933,0.9694679588848591,0.9694679588848591,4.6411389733541455,0.9694679588848591,0.0,1.5441078142956317,0.0,1.5441078142956317,0.9694679588848591,6.365273632953216,3.942211871212566,7.706749344715382,1.5441078142956317,2.2727617812672105,4.189518607863277,2.2727617812672105,5.9392607995593725,3.528484024186477,1.5441078142956317,1.953956160764221,0.9694679588848591,0.0,0.9694679588848591,5.109951473478948,9.083045424483212,4.111700057575446,1.953956160764221,8.863218024450974,0.9694679588848591,3.528484024186477,0.0,0.9694679588848591,0.0,0.0,0.9694679588848591,0.0,0.9694679588848591,7.752337213019279,8.62142378115228,9.768067800198551,3.528484024186477,2.533710776691935,1.953956160764221,1.5441078142956317,0.0,1.953956160764221,0.0,0.0,0.9694679588848591,6.08891083296304,2.2727617812672105,5.463208020512905,2.9461372667226864,3.750128218390304,1.5441078142956317,4.029443473895949
GSM5016105,0.0,7.99096628583937,0.0,6.018518972450116,2.2662038328005742,0.9654253644362032,7.744101679405995,0.9654253644362032,0.0,0.0,0.0,0.0,5.357933544586008,0.0,0.9654253644362032,0.0,0.0,5.217241878405024,0.0,3.1078741733199533,8.788137314096979,2.7475667679760707,5.603832762638261,8.727824444059133,7.296758590034211,1.5386763707983406,1.5386763707983406,0.9654253644362032,0.9654253644362032,5.712664949714001,0.0,4.5767240572629335,3.635948188907354,0.0,0.0,0.0,0.0,0.0,1.5386763707983406,1.5386763707983406,4.687543259755106,3.635948188907354,2.2662038328005742,0.9654253644362032,0.0,0.0,0.9654253644362032,0.0,0.0,5.1798155074414405,0.9654253644362032,0.0,0.0,0.9654253644362032,0.0,1.5386763707983406,6.178872693354203,2.9389395284556037,1.9478222770806572,6.178872693354203,0.0,0.9654253644362032,2.2662038328005742,11.666847463223457,7.178401055158342,0.0,0.0,1.5386763707983406,4.633197455536923,10.394598258933952,7.651440822958136,0.0,8.243110234663751,4.181699289214476,7.963698481250115,3.9344775602704503,0.0,0.0,1.5386763707983406,0.0,8.144562345418153,1.5386763707983406,5.391062542618938,3.3959390571654,5.516457730391087,0.0,0.0,2.526869026374484,2.2662038328005742,1.5386763707983406,0.0,0.0,0.0,1.9478222770806572,3.2590844917242614,0.0,0.9654253644362032,5.2537218351978465,0.0,0.0,1.5386763707983406,2.9389395284556037,1.5386763707983406,6.750815299339144,0.0,0.0,6.060309033638518,1.5386763707983406,2.7475667679760707,0.0,2.9389395284556037,2.7475667679760707,0.0,3.2590844917242614,2.526869026374484,0.0,2.526869026374484,0.0,0.9654253644362032,0.0,1.5386763707983406,0.9654253644362032,1.5386763707983406,3.1078741733199533,0.0,4.9765676929941165,1.5386763707983406,3.1078741733199533,0.0,0.0,1.5386763707983406,2.9389395284556037,5.686216865896019,0.9654253644362032,1.9478222770806572,0.9654253644362032,0.0,4.932241390493172,3.1078741733199533,5.061332574367785,0.9654253644362032,2.7475667679760707,5.997161052866071,2.7475667679760707,3.520928917577413,0.9654253644362032,1.9478222770806572,1.9478222770806572,2.2662038328005742,0.9654253644362032,0.0,0.0,0.9654253644362032,1.9478222770806572,0.0,0.9654253644362032,0.9654253644362032,0.0,3.742470751873473,0.0,8.318233120762793,1.9478222770806572,4.932241390493172,0.0,2.7475667679760707,0.0,1.5386763707983406,1.5386763707983406,0.0,1.9478222770806572,0.0,0.0,3.1078741733199533,0.0,0.0,0.0,0.0,2.526869026374484,6.039565312582332,9.119949118306748,0.0,5.1798155074414405,0.0,1.5386763707983406,0.0,0.0,0.0,0.9654253644362032,0.9654253644362032,7.574216515375979,5.061332574367785,0.0,3.9344775602704503,2.9389395284556037,0.0,0.9654253644362032,0.9654253644362032,5.813859950763656,1.9478222770806572,7.630786253993345,1.5386763707983406,0.0,1.5386763707983406,9.496150407275556,6.080758714944494,6.357100265069663,6.963972159753238,7.574216515375979,8.033550349310229,8.704952553419412,8.48861269981403,5.1019177145379215,0.9654253644362032,0.0,6.500612151465072,0.0,0.9654253644362032,9.142010990153231,8.278949899551534,0.9654253644362032,1.5386763707983406,3.8416660501411135,6.406540844873599,0.0,0.0,4.021677502551265,6.216323215949083,7.049458731021722,3.520928917577413,0.9654253644362032,2.526869026374484,0.9654253644362032,0.9654253644362032,3.3959390571654,0.9654253644362032,3.2590844917242614,0.9654253644362032,5.357933544586008,0.0,0.0,0.9654253644362032,0.0,0.9654253644362032,0.0,5.391062542618938,1.5386763707983406,2.2662038328005742,2.9389395284556037,2.526869026374484,4.517949666323218,0.9654253644362032,1.9478222770806572,0.0,1.5386763707983406,0.0,2.2662038328005742,1.5386763707983406,0.0,4.456678782334016,8.15905950055998,1.9478222770806572,0.9654253644362032,7.566986747810916,0.9654253644362032,3.1078741733199533,0.0,0.0,0.0,0.9654253644362032,0.9654253644362032,0.0,0.0,2.9389395284556037,4.392689879634266,5.391062542618938,3.1078741733199533,0.0,1.5386763707983406,0.0,1.9478222770806572,0.9654253644362032,0.0,2.526869026374484,0.0,6.750815299339144,3.2590844917242614,2.526869026374484,1.5386763707983406,6.140424035104203,0.0,3.520928917577413
GSM5016085,1.1793506593966951,8.095677822080587,2.742300955715975,5.94738361573777,3.390339097794324,0.0,7.698956943222535,1.1793506593966951,0.0,1.1793506593966951,0.0,1.8194623528718223,6.228583414339307,2.599077994801039,1.8194623528718223,0.0,0.0,4.970575618516389,0.0,2.742300955715975,9.382672231018304,3.9583419911577735,6.140802193615353,6.835355222026829,5.500361885318985,0.0,0.0,1.1793506593966951,5.395896243898218,6.216365534412444,2.599077994801039,5.9023339038073015,3.7021153711429378,0.0,0.7069717271020686,0.0,1.534620591093854,1.1793506593966951,2.8725807756715627,3.3005978212038087,5.2112195390484795,3.3005978212038087,1.534620591093854,2.440053545166826,2.057232078424711,1.1793506593966951,0.0,0.0,1.534620591093854,1.534620591093854,0.7069717271020686,0.7069717271020686,1.534620591093854,1.1793506593966951,0.0,2.057232078424711,5.283271602608305,1.8194623528718223,3.2049018326389067,6.421865040522819,1.1793506593966951,0.0,0.7069717271020686,8.637099167375993,9.074543864246854,1.1793506593966951,1.8194623528718223,1.8194623528718223,2.440053545166826,7.746463575277799,3.2049018326389067,2.2613035198805393,5.10918616333212,1.534620591093854,7.860769920656093,3.1024043732123197,2.9920641513727357,0.0,3.4748235174490776,2.599077994801039,6.601709343342351,1.1793506593966951,5.480065155023234,2.8725807756715627,3.1024043732123197,1.8194623528718223,1.534620591093854,1.1793506593966951,4.36482433278688,1.8194623528718223,1.1793506593966951,0.0,1.1793506593966951,2.2613035198805393,2.599077994801039,0.0,0.0,6.114708562664952,0.7069717271020686,1.8194623528718223,1.8194623528718223,2.742300955715975,0.7069717271020686,7.486468996961511,2.742300955715975,0.0,8.403812083653786,2.742300955715975,1.534620591093854,1.1793506593966951,1.8194623528718223,1.8194623528718223,0.0,2.057232078424711,1.8194623528718223,1.534620591093854,2.2613035198805393,2.2613035198805393,2.057232078424711,0.0,1.534620591093854,1.534620591093854,1.1793506593966951,2.2613035198805393,0.0,5.329381762403335,1.1793506593966951,3.554633019846438,1.534620591093854,0.0,0.0,1.1793506593966951,2.742300955715975,1.8194623528718223,1.8194623528718223,2.440053545166826,0.0,4.7509997184317445,2.440053545166826,4.970575618516389,1.534620591093854,4.124470962129726,6.935646290878339,2.9920641513727357,2.440053545166826,1.8194623528718223,1.8194623528718223,0.0,1.1793506593966951,0.7069717271020686,1.8194623528718223,0.0,1.1793506593966951,0.0,0.0,1.8194623528718223,2.057232078424711,0.0,3.7021153711429378,0.0,8.691073179931193,1.1793506593966951,3.898424135075241,0.0,2.9920641513727357,0.0,0.7069717271020686,3.2049018326389067,0.7069717271020686,4.608681627709652,0.0,1.1793506593966951,4.94118064112988,2.057232078424711,1.1793506593966951,0.7069717271020686,0.7069717271020686,3.4748235174490776,7.707711683144752,9.164733331160972,0.0,10.892278540268777,0.0,0.7069717271020686,0.7069717271020686,0.0,0.0,2.599077994801039,1.1793506593966951,7.0774920047482786,4.53188630398529,0.0,2.599077994801039,1.534620591093854,0.7069717271020686,0.7069717271020686,0.7069717271020686,3.770562893177292,0.0,7.124017147714671,0.7069717271020686,0.0,1.1793506593966951,5.976653749258913,2.599077994801039,4.175851964800341,3.554633019846438,5.082509012146897,6.166432248356978,6.240698691928235,5.823976571136212,5.235638914528534,1.534620591093854,1.8194623528718223,6.794845929812981,1.1793506593966951,1.1793506593966951,9.09970540779523,7.408065468391468,1.534620591093854,0.0,6.311328519535163,9.901647203494278,0.0,0.7069717271020686,2.057232078424711,3.835909540123138,4.8805305024041346,3.770562893177292,0.0,0.0,2.057232078424711,0.0,4.071192251667639,0.0,1.8194623528718223,1.1793506593966951,4.124470962129726,0.7069717271020686,0.0,1.1793506593966951,0.0,0.0,1.1793506593966951,5.161104691187951,2.057232078424711,2.057232078424711,1.8194623528718223,0.7069717271020686,0.7069717271020686,3.3005978212038087,5.5401182824525845,4.015870259593496,0.0,0.0,2.440053545166826,0.0,0.0,4.784488921432324,8.095677822080587,0.7069717271020686,0.0,7.852898823835233,0.0,2.742300955715975,0.0,2.057232078424711,0.0,0.0,1.8194623528718223,2.2613035198805393,0.0,3.898424135075241,5.94738361573777,7.434676225351834,1.1793506593966951,1.1793506593966951,3.2049018326389067,1.1793506593966951,1.1793506593966951,2.599077994801039,1.1793506593966951,1.1793506593966951,0.7069717271020686,6.453439416738148,1.8194623528718223,4.681594875371555,2.2613035198805393,2.599077994801039,2.2613035198805393,1.8194623528718223
GSM5016139,3.352060087571233,7.486710575030136,3.465768699670608,6.488018122505141,4.707141552107684,0.8776411379072001,8.761283960365267,0.8776411379072001,0.8776411379072001,0.0,0.0,1.4193972310217726,6.734824124730029,2.1208411728725287,2.5907725535456443,0.0,0.0,7.2768300943860735,0.8776411379072001,2.3748568061922217,10.160937339581636,4.921622160694576,5.856514419933018,6.190095405754382,4.960941281075245,1.4193972310217726,1.8123363985159568,4.279628100710164,4.455111293484308,6.361501013231905,1.8123363985159568,5.77060694939962,4.149533625842714,0.0,1.4193972310217726,2.5907725535456443,0.0,2.7785409734323254,0.8776411379072001,3.669385291139416,6.591859338353398,2.9446615891503756,0.8776411379072001,4.2160467691668355,3.0936139343109375,2.5907725535456443,1.4193972310217726,0.8776411379072001,0.0,3.465768699670608,0.8776411379072001,0.8776411379072001,0.8776411379072001,0.0,0.0,4.39895557637009,5.6067387463372125,3.571166228590769,4.611545573401384,4.279628100710164,0.8776411379072001,0.8776411379072001,2.5907725535456443,11.61206066563487,6.97462031099998,0.0,0.0,1.8123363985159568,3.8477863782990926,11.083892954186409,9.988529665929418,3.0936139343109375,5.504001864387903,4.999217169917709,9.187280875258072,3.2286165839601417,3.571166228590769,2.7785409734323254,12.560157387295485,7.639929432609918,7.424781117536042,2.3748568061922217,0.8776411379072001,0.0,4.56126223305798,0.8776411379072001,0.8776411379072001,3.465768699670608,6.032924866210297,2.1208411728725287,1.8123363985159568,0.0,0.0,3.929342923885194,3.2286165839601417,1.4193972310217726,2.1208411728725287,7.085513427269138,1.8123363985159568,3.465768699670608,1.8123363985159568,4.56126223305798,3.571166228590769,7.914832431557779,4.279628100710164,0.0,9.56282729377829,3.571166228590769,0.0,0.0,1.8123363985159568,0.0,0.0,3.669385291139416,0.8776411379072001,1.4193972310217726,2.3748568061922217,1.8123363985159568,0.8776411379072001,0.8776411379072001,2.5907725535456443,2.1208411728725287,1.8123363985159568,4.660135216527657,0.8776411379072001,7.615496497026387,3.352060087571233,2.1208411728725287,0.0,0.0,0.0,0.0,5.36435168343984,2.3748568061922217,3.669385291139416,2.9446615891503756,0.8776411379072001,4.796794876048988,3.0936139343109375,6.087239928022646,0.0,5.8142000265922205,9.066300689838076,4.455111293484308,3.2286165839601417,1.4193972310217726,2.9446615891503756,0.0,4.881201343798227,0.0,2.1208411728725287,0.0,1.8123363985159568,1.4193972310217726,1.4193972310217726,6.238897886568352,0.0,0.0,5.142908235159445,0.0,9.319841284563012,2.1208411728725287,5.702643393068668,1.4193972310217726,2.7785409734323254,0.8776411379072001,0.0,4.39895557637009,0.0,2.5907725535456443,0.0,1.4193972310217726,5.142908235159445,0.8776411379072001,1.4193972310217726,0.0,0.8776411379072001,4.56126223305798,10.275505624777926,9.357161157313756,0.0,9.98495773559216,0.8776411379072001,0.8776411379072001,0.8776411379072001,0.0,0.0,4.279628100710164,9.414934862029323,8.475913020302405,5.725655493636223,0.0,4.149533625842714,2.5907725535456443,0.0,0.0,0.0,2.5907725535456443,2.7785409734323254,12.241086679663358,5.108304774422944,0.0,0.8776411379072001,6.591859338353398,3.352060087571233,4.006534666986151,3.571166228590769,5.33472299582009,4.839615308613687,5.97648466411791,6.032924866210297,7.094380980207128,1.4193972310217726,5.209720552749322,5.242001132296312,2.5907725535456443,1.8123363985159568,10.132161226751196,5.036503758302327,2.5907725535456443,2.7785409734323254,6.331813116288752,9.777625194440358,2.9446615891503756,0.8776411379072001,2.1208411728725287,3.0936139343109375,6.864890319781314,2.9446615891503756,0.0,0.8776411379072001,3.8477863782990926,0.0,5.6067387463372125,4.149533625842714,4.839615308613687,0.8776411379072001,5.856514419933018,0.0,0.0,1.4193972310217726,0.0,1.4193972310217726,0.0,4.611545573401384,2.5907725535456443,0.8776411379072001,1.4193972310217726,3.2286165839601417,0.0,2.1208411728725287,3.465768699670608,0.8776411379072001,1.4193972310217726,0.0,4.340525206391458,0.8776411379072001,0.8776411379072001,4.39895557637009,7.858688204748407,0.0,0.8776411379072001,8.089092647164122,1.8123363985159568,4.611545573401384,0.0,0.8776411379072001,0.0,0.8776411379072001,2.3748568061922217,2.3748568061922217,0.0,8.818596068408358,4.39895557637009,5.748306288977348,1.8123363985159568,0.0,4.149533625842714,0.0,2.1208411728725287,4.149533625842714,3.0936139343109375,0.0,0.8776411379072001,6.390590287993977,1.8123363985159568,7.11195422857506,1.4193972310217726,5.209720552749322,0.0,3.571166228590769
GSM5016162,2.299506706083759,3.433925590363714,1.5663022921789973,3.559242016268007,0.9860275194741394,0.0,7.111670840830456,0.0,0.0,0.0,1.5663022921789973,1.5663022921789973,4.727855759038225,1.5663022921789973,0.9860275194741394,1.5663022921789973,1.5663022921789973,5.855041982363586,0.0,0.0,6.016742093389166,3.781297370615061,7.766461984703321,5.779779593855433,4.616908402910624,0.0,0.0,0.0,6.792348275924495,9.526544950716913,2.299506706083759,3.296679371956268,7.972029155237468,2.561599282728997,2.299506706083759,0.0,1.5663022921789973,0.0,4.727855759038225,2.7833185922924364,2.561599282728997,0.0,0.0,2.561599282728997,0.9860275194741394,0.0,1.5663022921789973,0.9860275194741394,1.5663022921789973,2.561599282728997,0.0,0.0,0.0,0.0,0.9860275194741394,0.0,5.102011371862874,0.0,1.5663022921789973,3.6745377458639967,0.0,0.0,0.0,6.672630744032249,0.9860275194741394,0.0,0.0,0.9860275194741394,0.0,0.0,0.0,0.0,3.973689596624787,1.5663022921789973,7.6373939897209615,1.5663022921789973,3.144990700510992,3.433925590363714,10.112773278364854,1.5663022921789973,11.02653604084341,4.616908402910624,2.299506706083759,0.0,0.9860275194741394,0.0,0.0,0.0,3.296679371956268,1.5663022921789973,0.0,0.0,1.9789902031364697,0.0,2.299506706083759,0.0,0.9860275194741394,1.9789902031364697,0.0,4.616908402910624,0.0,2.299506706083759,0.0,3.6745377458639967,0.0,0.9860275194741394,9.61761222475251,3.296679371956268,1.5663022921789973,0.0,2.299506706083759,0.9860275194741394,0.9860275194741394,2.7833185922924364,0.9860275194741394,0.0,1.5663022921789973,2.299506706083759,1.5663022921789973,0.9860275194741394,0.0,1.5663022921789973,2.9754586302291073,1.9789902031364697,0.9860275194741394,3.433925590363714,0.0,0.0,0.0,0.0,0.0,0.0,3.296679371956268,2.9754586302291073,4.879753900285787,0.0,0.9860275194741394,5.017171548376678,1.9789902031364697,3.880698195316754,1.5663022921789973,2.7833185922924364,4.9270291436411995,1.9789902031364697,3.144990700510992,2.561599282728997,0.0,0.9860275194741394,1.9789902031364697,0.9860275194741394,1.9789902031364697,2.299506706083759,3.144990700510992,2.9754586302291073,0.0,3.781297370615061,2.299506706083759,0.0,1.9789902031364697,0.0,7.5494956759128335,0.9860275194741394,4.143417904810182,0.0,6.038430753744198,5.060215011748939,3.6745377458639967,2.561599282728997,1.9789902031364697,4.879753900285787,1.5663022921789973,0.9860275194741394,4.061048309491366,0.9860275194741394,0.0,0.0,0.0,3.6745377458639967,8.42732639750187,8.18146755324571,0.9860275194741394,1.5663022921789973,1.5663022921789973,0.0,0.0,0.9860275194741394,0.0,0.9860275194741394,5.672903327244821,5.398842453116391,3.781297370615061,2.299506706083759,1.5663022921789973,0.0,0.0,0.9860275194741394,0.9860275194741394,0.9860275194741394,0.9860275194741394,8.9290774873165,1.5663022921789973,2.299506706083759,2.7833185922924364,6.142237181786255,1.5663022921789973,2.9754586302291073,3.781297370615061,2.9754586302291073,4.221337590574637,5.464401498596756,5.017171548376678,2.299506706083759,0.9860275194741394,3.144990700510992,4.830876871993545,0.9860275194741394,0.9860275194741394,7.571977394458177,3.296679371956268,0.0,0.0,2.561599282728997,3.6745377458639967,0.0,0.0,1.5663022921789973,2.561599282728997,6.1621313455777305,8.414943369457667,0.0,5.903120517632306,1.5663022921789973,0.9860275194741394,0.9860275194741394,0.9860275194741394,0.0,0.9860275194741394,4.221337590574637,1.5663022921789973,0.0,0.0,1.5663022921789973,0.9860275194741394,0.9860275194741394,7.586772905021196,3.296679371956268,0.9860275194741394,0.0,0.0,3.559242016268007,2.561599282728997,3.296679371956268,1.5663022921789973,0.9860275194741394,0.0,3.559242016268007,0.0,0.0,7.311943424733589,10.752474279464431,2.7833185922924364,0.9860275194741394,10.947780438891776,0.0,1.5663022921789973,1.9789902031364697,4.616908402910624,0.9860275194741394,0.0,0.0,2.7833185922924364,0.0,6.329816167646028,0.9860275194741394,1.5663022921789973,1.5663022921789973,0.9860275194741394,2.299506706083759,2.299506706083759,0.0,0.9860275194741394,0.0,0.0,0.0,5.182137950346295,3.973689596624787,1.9789902031364697,5.182137950346295,1.5663022921789973,0.0,5.527110450565509
